[11Mar2025 20:32:00.354] [main/INFO] [cpw.mods.modlauncher.Launcher/MODLAUNCHER]: ModLauncher running: args [--launchTarget, forgeserver, --fml.forgeVersion, 47.3.7, --fml.mcVersion, 1.20.1, --fml.forgeGroup, net.minecraftforge, --fml.mcpVersion, 20230612.114412, nogui]
[11Mar2025 20:32:00.358] [main/INFO] [cpw.mods.modlauncher.Launcher/MODLAUNCHER]: ModLauncher 10.0.9+10.0.9+main.dcd20f30 starting: java version 17.0.14 by Ubuntu; OS Linux arch amd64 version 6.5.0-1025-azure
[11Mar2025 20:32:01.457] [main/INFO] [net.minecraftforge.fml.loading.ImmediateWindowHandler/]: ImmediateWindowProvider not loading because launch target is forgeserver
[11Mar2025 20:32:01.498] [main/INFO] [mixin/]: SpongePowered MIXIN Subsystem Version=0.8.5 Source=union:/workspaces/papucraft/servidor_minecraft/libraries/org/spongepowered/mixin/0.8.5/mixin-0.8.5.jar%2365!/ Service=ModLauncher Env=SERVER
[11Mar2025 20:32:02.010] [main/WARN] [net.minecraftforge.fml.loading.moddiscovery.ModFileParser/LOADING]: Mod file /workspaces/papucraft/servidor_minecraft/libraries/net/minecraftforge/fmlcore/1.20.1-47.3.7/fmlcore-1.20.1-47.3.7.jar is missing mods.toml file
[11Mar2025 20:32:02.011] [main/WARN] [net.minecraftforge.fml.loading.moddiscovery.ModFileParser/LOADING]: Mod file /workspaces/papucraft/servidor_minecraft/libraries/net/minecraftforge/javafmllanguage/1.20.1-47.3.7/javafmllanguage-1.20.1-47.3.7.jar is missing mods.toml file
[11Mar2025 20:32:02.012] [main/WARN] [net.minecraftforge.fml.loading.moddiscovery.ModFileParser/LOADING]: Mod file /workspaces/papucraft/servidor_minecraft/libraries/net/minecraftforge/lowcodelanguage/1.20.1-47.3.7/lowcodelanguage-1.20.1-47.3.7.jar is missing mods.toml file
[11Mar2025 20:32:02.012] [main/WARN] [net.minecraftforge.fml.loading.moddiscovery.ModFileParser/LOADING]: Mod file /workspaces/papucraft/servidor_minecraft/libraries/net/minecraftforge/mclanguage/1.20.1-47.3.7/mclanguage-1.20.1-47.3.7.jar is missing mods.toml file
[11Mar2025 20:32:02.490] [main/WARN] [net.minecraftforge.jarjar.selection.JarSelector/]: Attempted to select two dependency jars from JarJar which have the same identification: Mod File:  and Mod File: . Using Mod File: 
[11Mar2025 20:32:02.492] [main/WARN] [net.minecraftforge.jarjar.selection.JarSelector/]: Attempted to select a dependency jar for JarJar which was passed in as source: resourcefullib. Using Mod File: /workspaces/papucraft/servidor_minecraft/mods/resourcefullib-forge-1.20.1-2.1.29.jar
[11Mar2025 20:32:02.493] [main/WARN] [net.minecraftforge.jarjar.selection.JarSelector/]: Attempted to select a dependency jar for JarJar which was passed in as source: architectury. Using Mod File: /workspaces/papucraft/servidor_minecraft/mods/architectury-9.2.14-forge.jar
[11Mar2025 20:32:02.493] [main/INFO] [net.minecraftforge.fml.loading.moddiscovery.JarInJarDependencyLocator/]: Found 24 dependencies adding them to mods collection
[11Mar2025 20:32:06.339] [main/INFO] [mixin/]: Compatibility level set to JAVA_17
[11Mar2025 20:32:06.504] [main/ERROR] [mixin/]: Mixin config celestisynth.mixins.json does not specify "minVersion" property
[11Mar2025 20:32:06.887] [main/INFO] [cpw.mods.modlauncher.LaunchServiceHandler/MODLAUNCHER]: Launching target 'forgeserver' with arguments [nogui]
[11Mar2025 20:32:06.928] [main/WARN] [mixin/]: Reference map 'createdeco-forge-refmap.json' for createdeco.mixins.json could not be read. If this is a development environment you can ignore this message
[11Mar2025 20:32:07.042] [main/WARN] [mixin/]: Reference map 'corpsecurioscompat.refmap.json' for gravestonecurioscompat.mixins.json could not be read. If this is a development environment you can ignore this message
[11Mar2025 20:32:07.189] [main/WARN] [mixin/]: Reference map 'mixins.sons_of_sins.refmap.json' for mixins.sons_of_sins.json could not be read. If this is a development environment you can ignore this message
[11Mar2025 20:32:07.371] [main/INFO] [Puzzles Lib/]: Loading 133 mods:
	- alexscaves 2.0.2
	- alexscaves_torpedoes 1.0.2
	- alexsmobs 1.22.9
	- aquamirae 6.API15
	- architectury 9.2.14
	- artifacts 9.5.13
		\-- expandability 9.0.4
	- astemirlib 1.25
	- atmospheric 6.1.0
	- attributeslib 1.3.7
	- balm 7.3.18
		\-- kuma_api 20.1.9-SNAPSHOT
	- bettercombat 1.8.6+1.20.1
	- biomancy 2.8.19.0
	- blueprint 7.1.1
	- bookshelf 20.2.13
	- born_in_chaos_v1 1.6.3
	- caelus 3.2.0+1.20.1
	- carryon 2.1.2.7
	- cataclysm 2.57
	- cataclysmiccombat 1.4
	- celestisynth 1.20.1-1.3.1
	- citadel 2.6.1
	- cloth_config 11.1.136
	- comforts 6.4.0+1.20.1
		\-- spectrelib 0.13.15+1.20.1
	- connectivity 1.20.1-7.1
	- copycats 2.2.0+mc.1.20.1-forge
	- cosmeticarmorreworked 1.20.1-v1a
	- cpm 0.6.21a
	- create 0.5.1.j
		\-- flywheel 0.6.11-13
	- create_curios_backtank 1.0.1
	- createbb 3.1.1
	- createbigcannons 5.8.2
		\-- ritchiesprojectilelib 2.0.0-dev+mc.1.20.1-forge-build.182
	- createdeco 2.0.2-1.20.1-forge
	- createrailwaysnavigator 1.20.1-beta-0.7.2
		\-- dragonlib 1.20.1-2.2.24
	- creeperoverhaul 3.0.2
	- cristellib 1.1.6
	- cupboard 1.20.1-2.7
	- curios 5.12.1+1.20.1
	- curious_armor_stands 1.20-5.1.0
	- deltaboxlib 1.1.3
	- domesticationinnovation 1.7.1
	- dragonfight 1.20.1-4.6
	- drinkbeer 1.0.5
	- easy_npc 5.9.0
	- endergetic 5.0.1
		\-- mixinextras 0.4.1
	- endermanoverhaul 1.0.4
	- endrem 5.3.3-R-1.20.1
	- entityculling 1.7.3
	- environmental 4.0.1
	- fallingtree 4.3.4
	- farmersdelight 1.20.1-1.2.7
	- fastleafdecay 32
	- ferritecore 6.0.1
	- forge 47.3.7
	- framework 0.7.12
	- ftbchunks 2001.3.5
	- ftblibrary 2001.2.9
	- ftbquests 2001.4.11
	- ftbranks 2001.1.3
	- ftbteams 2001.3.1
	- geckolib 4.7
	- goblintraders 1.9.3
	- gravestone 1.20.1-1.0.24
	- gravestonecurioscompat 2.1.0
	- idas 1.10.3+1.20.1
	- illageandspillage 1.2.8
	- integrated_api 1.5.2+1.20.1-forge
	- integrated_stronghold 1.1.2+1.20.1-forge
	- irons_spellbooks 1.20.1-3.4.0.7
	- item_obliterator 2.3.0
	- itemfilters 2001.1.0-build.59
	- jei 15.20.0.106
	- jeresources 1.4.0.247
	- journeymap 5.10.3
	- kotlinforforge 4.11.0
	- kubejs 2001.6.5-build.16
	- lionfishapi 2.4-Fix
	- lootr 0.7.35.90
	- mediumcore 1.0.0
	- meetyourfight 1.20.1-1.4.3
	- melody 1.0.2
	- midnightlib 1.4.2
	- minecraft 1.20.1
	- moonlight 1.20-2.13.71
	- mowziesmobs 1.7.1
	- naturescompass 1.20.1-1.11.2-forge
	- necronomicon 1.6.0
	- nethers_exoticism 1.2.9
	- numismatics 1.0.7+forge-mc1.20.1
	- obscure_api 15
	- octolib 0.4.2
	- parcool 3.3.1.1
	- parcool_compat_addon 1.0
	- patchouli 1.20.1-84.1-FORGE
	- pehkui 3.8.2+1.20.1-forge
	- placebo 8.6.3
	- playeranimator 1.0.2-rc1+1.20
	- plenty_of_golems 1.4.2
	- productivebees 1.20.1-12.6.0
		\-- productivelib 1.20.1-0.0.4
	- puzzleslib 8.1.25
		\-- puzzlesaccessapi 8.0.7
	- quark 4.0-460
	- rarcompat 0.1.7
	- refurbished_furniture 1.0.12
	- relics 0.8.0.7
	- resourcefulconfig 2.1.3
	- resourcefullib 2.1.29
	- rhino 2001.2.3-build.10
	- securitycraft 1.9.12
	- skinrestorer 2.2.1+1.20-forge
	- smartbrainlib 1.15
	- sons_of_sins 2.1.7
	- sophisticatedbackpacks 3.23.6.1210
	- sophisticatedcore 1.2.20.894
	- sos_organ_museum 1.0.0
	- supplementaries 1.20-3.1.18
		\-- mixinsquared 0.1.1
	- t_and_t 0.0NONE
	- terrablender 3.0.1.7
	- the_bumblezone 7.5.16+1.20.1-forge
		\-- athena 3.1.1
	- traveloptics 4.2.0-1.20.1
	- visualworkbench 8.0.0
	- voicechat 1.20.1-2.5.26
	- waystones 14.1.10
	- zeta 1.0-24
[11Mar2025 20:32:07.391] [main/WARN] [mixin/]: Reference map 'Aquamirae.refmap.json' for aquamirae.mixins.json could not be read. If this is a development environment you can ignore this message
[11Mar2025 20:32:07.402] [main/WARN] [mixin/]: Reference map 'cristellib-forge-refmap.json' for cristellib.mixins.json could not be read. If this is a development environment you can ignore this message
[11Mar2025 20:32:07.644] [main/INFO] [net.minecraftforge.coremod.CoreMod.placebo/COREMODLOG]: Patching IForgeItemStack#getEnchantmentLevel
[11Mar2025 20:32:07.707] [main/INFO] [net.minecraftforge.coremod.CoreMod.placebo/COREMODLOG]: Patching IForgeItemStack#getEnchantmentLevel
[11Mar2025 20:32:07.902] [main/ERROR] [net.minecraftforge.fml.loading.RuntimeDistCleaner/DISTXFORM]: Attempted to load class net/minecraft/client/gui/screens/Screen for invalid dist DEDICATED_SERVER
[11Mar2025 20:32:07.903] [main/WARN] [mixin/]: Error loading class: net/minecraft/client/gui/screens/Screen (java.lang.RuntimeException: Attempted to load class net/minecraft/client/gui/screens/Screen for invalid dist DEDICATED_SERVER)
[11Mar2025 20:32:07.904] [main/WARN] [mixin/]: @Mixin target net.minecraft.client.gui.screens.Screen was not found relics.mixins.json:ScreenMixin
[11Mar2025 20:32:09.523] [main/WARN] [mixin/]: Error loading class: xfacthd/framedblocks/common/blockentity/doubled/FramedAdjustableDoubleBlockEntity (java.lang.ClassNotFoundException: xfacthd.framedblocks.common.blockentity.doubled.FramedAdjustableDoubleBlockEntity)
[11Mar2025 20:32:09.523] [main/WARN] [mixin/]: @Mixin target xfacthd.framedblocks.common.blockentity.doubled.FramedAdjustableDoubleBlockEntity was not found createbigcannons.mixins.json:compat.FramedAdjustableDoubleBlockEntityAccessor
[11Mar2025 20:32:10.717] [main/INFO] [MixinExtras|Service/]: Initializing MixinExtras via com.llamalad7.mixinextras.service.MixinExtrasServiceImpl(version=0.4.1).
[11Mar2025 20:32:12.425] [main/INFO] [net.minecraftforge.coremod.CoreMod.placebo/COREMODLOG]: Patching IForgeItemStack#getEnchantmentLevel
[11Mar2025 20:32:12.426] [main/INFO] [net.minecraftforge.coremod.CoreMod.placebo/COREMODLOG]: Patching IForgeItemStack#getEnchantmentLevel
[11Mar2025 20:32:13.616] [main/WARN] [mixin/]: Method overwrite conflict for setBlockState in the_bumblezone-common.mixins.json:blocks.FallingBlockEntityAccessor, previously written by com.github.alexmodguy.alexscaves.mixin.FallingBlockEntityMixin. Skipping method.
[11Mar2025 20:32:14.091] [main/INFO] [net.minecraftforge.coremod.CoreMod.placebo/COREMODLOG]: Patching IForgeItemStack#getEnchantmentLevel
[11Mar2025 20:32:14.092] [main/INFO] [net.minecraftforge.coremod.CoreMod.placebo/COREMODLOG]: Patching IForgeItemStack#getEnchantmentLevel
[11Mar2025 20:32:16.936] [main/WARN] [mixin/]: @Inject(@At("INVOKE_ASSIGN")) Shift.BY=2 on refurbished_furniture.common.mixins.json:LevelChunkMixin::handler$zib000$refurbishedFurniture$AfterRemoveBlockEntity exceeds the maximum allowed value: 0. Increase the value of maxShiftBy to suppress this warning.
[11Mar2025 20:32:18.097] [main/WARN] [mixin/]: Mixin alexscaves.mixins.json:SwampHutPieceMixin has multiple constructors, (Lnet/minecraft/world/level/levelgen/structure/pieces/StructurePieceType;IIIIIILnet/minecraft/core/Direction;)V was selected

[11Mar2025 20:32:18.703] [modloading-worker-0/INFO] [Easy NPC/]: Initializing Easy NPC (Forge) ...
[11Mar2025 20:32:18.711] [modloading-worker-0/INFO] [Easy NPC/]: 🗣 Register Easy NPC Debug Manager ...
[11Mar2025 20:32:18.713] [modloading-worker-0/WARN] [Easy NPC/]: [Debug Manager] Detected debug log level for Easy NPC with ALL!
[11Mar2025 20:32:18.714] [modloading-worker-0/WARN] [Easy NPC/]: [Debug Manager] Adjusting log level for Easy NPC from ALL to INFO, for performance reasons!
[11Mar2025 20:32:18.715] [modloading-worker-0/INFO] [Easy NPC/]: [Debug Manager] Add new logger config for Easy NPC with level INFO ...
[11Mar2025 20:32:18.720] [modloading-worker-0/INFO] [Easy NPC/]: 🗣 Register Easy NPC Constants ...
[11Mar2025 20:32:18.722] [modloading-worker-0/INFO] [Easy NPC/]: 🗣 Register Easy NPC Configuration ...
[11Mar2025 20:32:18.727] [modloading-worker-0/INFO] [Easy NPC/]: [Config] Updated configuration path to /workspaces/papucraft/servidor_minecraft/config/easy_npc
[11Mar2025 20:32:18.727] [modloading-worker-0/INFO] [Easy NPC/]: [Config] Registering common configuration ...
[11Mar2025 20:32:18.741] [modloading-worker-0/INFO] [Easy NPC/]: [Config] Render Entity Type Support Configuration

 Please note that this configuration file only includes confirmed entity types.
 If an entity type is not listed here, it doesn't mean it's automatically supported or unsupported!
 is up to date: {minecraft:giant=true, dannys_expansion:mundane_slime=false, botania:pool_minecart=false, botania:ender_air=false, minecraft:end_crystal=false, simple_mobs:rumble=false, minecraft:experience_bottle=false, minecraft:glow_squid=true, minecraft:trader_llama=true, orcz:decaystrikecustom=false, simple_mobs:staff_usage=false, minecraft:horse=true, the_bumblezone:purple_spike_entity=false, minecraft:llama=true, minecraft:husk=true, minecraft:cave_spider=true, minecraft:enderman=true, minecraft:dolphin=true, frostiful:freezing_wind=false, minecraft:shulker_bullet=false, simple_mobs:projecttest=false, minecraft:donkey=true, minecraft:area_effect_cloud=false, minecraft:ghast=false, frostiful:packed_snowball=false, twigs:pebble=false, handcrafted:fancy_painting=false, moretotems:summoned_zombie=false, minecraft:piglin_brute=true, minecraft:creeper=true, minecraft:glow_item_frame=false, minecraft:bee=true, botania:mana_storm=false, minecraft:illusioner=true, minecraft:player=false, minecraft:wither_skull=false, minecraft:mooshroom=true, smallships:galley=false, create:stationary_contraption=false, minecraft:eye_of_ender=false, minecraft:villager=true, ad_astra:tier_1_rocket=false, botania:magic_landmine=false, minecraft:stray=true, smallships:cog=false, minecraft:falling_block=false, minecraft:drowned=true, minecraft:axolotl=true, botania:doppleganger=false, botania:flame_ring=false, botania:ender_air_bottle=false, minecraft:tnt=false, ae2:tiny_tnt_primed=false, botania:magic_missile=false, create:crafting_blueprint=false, create:contraption=false, minecraft:strider=true, smallships:brigg=false, minecraft:guardian=true, minecraft:parrot=true, minecraft:arrow=false, lootr:lootr_minecart=false, the_bumblezone:pollen_puff=false, minecraft:chest_minecart=false, minecraft:wither=true, minecraft:ender_pearl=false, create:super_glue=false, minecraft:wandering_trader=true, handcrafted:seat=false, simple_mobs:dragon_smoke=false, minecraft:wither_skeleton=true, botania:thorn_chakram=false, minecraft:iron_golem=true, botania:pixie=false, dummmmmmy:target_dummy=false, minecraft:elder_guardian=true, graveyard:skull=false, minecraft:mule=true, the_bumblezone:bee_stinger=false, the_bumblezone:thrown_stinger_spear=false, minecraft:armor_stand=false, aquamirae:pillagers_patrol=false, minecraft:vindicator=true, botania:mana_burst=false, minecraft:evoker=true, minecraft:slime=false, minecraft:leash_knot=false, botania:babylon_weapon=false, minecraft:pufferfish=true, terraform:boat=false, swampier_swamps:swamp_gas=false, minecraft:experience_orb=false, ad_astra:tier_3_rocket=false, minecraft:fox=true, botania:thrown_item=false, the_bumblezone:cosmic_crystal_entity=false, graveyard:ghouling=false, botania:player_mover=false, minecraft:silverfish=true, minecraft:endermite=true, minecraft:firework_rocket=false, minecraft:chicken=true, minecraft:zombie=true, the_bumblezone:sentry_watcher=false, minecraft:spawner_minecart=false, botania:spark=false, botania:falling_star=false, minecraft:hoglin=true, minecraft:boat=false, minecraft:trident=false, friendsandfoes:player_illusion=false, minecraft:polar_bear=true, minecraft:phantom=false, ad_astra:tier_4_rocket=false, minecraft:zombified_piglin=true, minecraft:witch=true, ad_astra:tier_2_rocket=false, minecraft:pig=true, minecraft:turtle=true, moretotems:summoned_bee=false, minecraft:sheep=true, minecraft:ender_dragon=false, minecraft:goat=true, minecraft:item_frame=false, create:carriage_contraption=false, minecraft:vex=true, minecraft:minecart=false, minecraft:item=false, minecraft:dragon_fireball=false, minecraft:cod=true, minecraft:skeleton=true, ad_astra:space_painting=false, create:seat=false, simple_mobs:staff_interact=false, minecraft:ravager=true, minecraft:squid=true, minecraft:skeleton_horse=true, minecraft:cow=true, minecraft:potion=false, ad_astra:lander=false, minecraft:salmon=true, minecraft:snow_golem=true, minecraft:shulker=true, friendsandfoes:ice_chunk=false, minecraft:hopper_minecart=false, the_bumblezone:honey_crystal_shard=false, simple_mobs:lightning_spear=false, minecraft:rabbit=true, minecraft:painting=false, minecraft:pillager=true, the_bumblezone:electric_ring_entity=false, minecraft:zoglin=true, minecraft:lightning_bolt=false, frostiful:frost_spell=false, minecraft:fishing_bobber=false, minecraft:tnt_minecart=false, simple_mobs:ground_spike=false, minecraft:command_block_minecart=false, minecraft:bat=false, the_bumblezone:dirt_pellet=false, minecraft:fireball=false, minecraft:llama_spit=false, minecraft:furnace_minecart=false, minecraft:evoker_fangs=false, minecraft:piglin=true, minecraft:snowball=false, minecraft:spectral_arrow=false, orcz:wither_strikeringcustom=false, simple_mobs:elemental_chain=false, minecraft:blaze=true, ad_astra:ice_spit=false, techreborn:nuke=false, minecraft:egg=false, minecraft:zombie_horse=true, minecraft:magma_cube=false, minecraft:small_fireball=false, frostiful:thrown_icicle=false, minecraft:spider=true, ad_astra:tier_1_rover=false, minecraft:marker=false, majruszsdifficulty:cursed_armor=false, minecraft:text_display=false, farmersdelight:rotten_tomato=false, minecraft:cat=true, armourers_workshop:mannequin=false, create:gantry_contraption=false, minecraft:tropical_fish=true, botania:corporea_spark=false, minecraft:ocelot=true, minecraft:wolf=true, minecraft:panda=true, minecraft:zombie_villager=true}
[11Mar2025 20:32:18.759] [modloading-worker-0/INFO] [Easy NPC/]: [Config] Registering server configuration ...
[11Mar2025 20:32:18.759] [modloading-worker-0/INFO] [Easy NPC/]: 🗣 Register Easy NPC Common Data Files ...
[11Mar2025 20:32:18.760] [modloading-worker-0/INFO] [Easy NPC/]: 🗣 Register Easy NPC Common data folders ...
[11Mar2025 20:32:18.761] [modloading-worker-0/INFO] [Easy NPC/]: 🗣 Register Easy NPC Entity Data Serializers ...
[11Mar2025 20:32:18.842] [modloading-worker-0/INFO] [Create Deco/]: Registering items for Create Deco
[11Mar2025 20:32:18.891] [modloading-worker-0/INFO] [Easy NPC/]: Registered entity data serializer ActionEventSet with id 28
[11Mar2025 20:32:18.901] [modloading-worker-0/INFO] [Easy NPC/]: Registered entity data serializer CustomAttributes with id 29
[11Mar2025 20:32:18.902] [modloading-worker-0/INFO] [Easy NPC/]: Registered entity data serializer DialogDataSet with id 30
[11Mar2025 20:32:18.902] [modloading-worker-0/INFO] [Easy NPC/]: Registered entity data serializer DisplayAttributeSet with id 31
[11Mar2025 20:32:18.903] [modloading-worker-0/INFO] [Easy NPC/]: Registered entity data serializer EntityAttributes with id 32
[11Mar2025 20:32:18.903] [modloading-worker-0/INFO] [Easy NPC/]: Registered entity data serializer MerchantOffers with id 33
[11Mar2025 20:32:18.904] [modloading-worker-0/INFO] [Easy NPC/]: Registered entity data serializer ModelPose with id 34
[11Mar2025 20:32:18.905] [modloading-worker-0/INFO] [Easy NPC/]: Registered entity data serializer ObjectiveDataSet with id 35
[11Mar2025 20:32:18.905] [modloading-worker-0/INFO] [Easy NPC/]: Registered entity data serializer CustomPosition with id 36
[11Mar2025 20:32:18.906] [modloading-worker-0/INFO] [Easy NPC/]: Registered entity data serializer Profession with id 37
[11Mar2025 20:32:18.906] [modloading-worker-0/INFO] [Easy NPC/]: Registered entity data serializer RenderDataSet with id 38
[11Mar2025 20:32:18.907] [modloading-worker-0/INFO] [Easy NPC/]: Registered entity data serializer CustomRotation with id 39
[11Mar2025 20:32:18.908] [modloading-worker-0/INFO] [Easy NPC/]: Registered entity data serializer CustomScale with id 40
[11Mar2025 20:32:18.908] [modloading-worker-0/INFO] [Easy NPC/]: Registered entity data serializer SkinDataEntry with id 41
[11Mar2025 20:32:18.909] [modloading-worker-0/INFO] [Easy NPC/]: Registered entity data serializer SoundDataSet with id 42
[11Mar2025 20:32:18.910] [modloading-worker-0/INFO] [Easy NPC/]: Registered entity data serializer HashSet:UUID with id 43
[11Mar2025 20:32:18.910] [modloading-worker-0/INFO] [Easy NPC/]: Registered entity data serializer HashSet:String with id 44
[11Mar2025 20:32:18.911] [modloading-worker-0/INFO] [Easy NPC/]: Registered entity data serializer TradingDataSet with id 45
[11Mar2025 20:32:18.911] [modloading-worker-0/INFO] [Easy NPC/]: Registered entity data serializer UUID with id 46
[11Mar2025 20:32:18.912] [modloading-worker-0/INFO] [Easy NPC/]: 🗣 Register Easy NPC Compatibility Handler ...
[11Mar2025 20:32:18.943] [modloading-worker-0/INFO] [Easy NPC/]: 🗣 Register Easy NPC Compat Handler ...
[11Mar2025 20:32:18.944] [modloading-worker-0/INFO] [Easy NPC/]: [Compat Manager] Epic Fight mod with id 'epicfight' loaded: false
[11Mar2025 20:32:18.945] [modloading-worker-0/INFO] [Easy NPC/]: [Compat Manager] Cobblemon mod with id 'cobblemon' loaded: false
[11Mar2025 20:32:18.945] [modloading-worker-0/INFO] [Easy NPC/]: 🗣 Register Easy NPC Command Argument Types ...
[11Mar2025 20:32:18.947] [modloading-worker-0/INFO] [Easy NPC/]: 🗣 Register Easy NPC Entity Types ...
[11Mar2025 20:32:18.953] [modloading-worker-0/INFO] [Easy NPC/]: 🗣 Register Easy NPC Blocks ...
[11Mar2025 20:32:18.961] [modloading-worker-0/INFO] [Easy NPC/]: 🗣 Register Easy NPC Blocks Entity Types ...
[11Mar2025 20:32:18.977] [modloading-worker-0/INFO] [Easy NPC/]: 🗣 Register Easy NPC Items ...
[11Mar2025 20:32:18.987] [modloading-worker-0/INFO] [Easy NPC/]: 🗣 Register Easy NPC Menu Types ...
[11Mar2025 20:32:19.022] [modloading-worker-0/INFO] [Easy NPC/]: 🗣 Register Easy NPC Menu Handler ...
[11Mar2025 20:32:19.031] [modloading-worker-0/INFO] [Easy NPC/]: 🗣 Register Easy NPC Network Handler ...
[11Mar2025 20:32:19.033] [modloading-worker-0/INFO] [Easy NPC/]: Registering server network handler for Server -> Client messages.
[11Mar2025 20:32:19.034] [modloading-worker-0/INFO] [Easy NPC/]: 🗣 Register Easy NPC Client Network Message Handler ...
[11Mar2025 20:32:19.128] [modloading-worker-0/INFO] [com.leclowndu93150.corpsecurioscompat.Main/]: Hello from Gravestone Curios Compat!
[11Mar2025 20:32:19.187] [modloading-worker-0/INFO] [Create Deco/]: Registering blocks for Create Deco
[11Mar2025 20:32:19.230] [modloading-worker-0/INFO] [Bookshelf/]: Fixing MC-151457. Crafting remainder for minecraft:pufferfish_bucket is now minecraft:bucket.
[11Mar2025 20:32:19.241] [modloading-worker-0/INFO] [Bookshelf/]: Fixing MC-151457. Crafting remainder for minecraft:salmon_bucket is now minecraft:bucket.
[11Mar2025 20:32:19.242] [modloading-worker-0/INFO] [Bookshelf/]: Fixing MC-151457. Crafting remainder for minecraft:cod_bucket is now minecraft:bucket.
[11Mar2025 20:32:19.242] [modloading-worker-0/INFO] [Bookshelf/]: Fixing MC-151457. Crafting remainder for minecraft:tropical_fish_bucket is now minecraft:bucket.
[11Mar2025 20:32:19.242] [modloading-worker-0/INFO] [Bookshelf/]: Fixing MC-151457. Crafting remainder for minecraft:axolotl_bucket is now minecraft:bucket.
[11Mar2025 20:32:19.243] [modloading-worker-0/INFO] [Bookshelf/]: Fixing MC-151457. Crafting remainder for minecraft:powder_snow_bucket is now minecraft:bucket.
[11Mar2025 20:32:19.243] [modloading-worker-0/INFO] [Bookshelf/]: Fixing MC-151457. Crafting remainder for minecraft:tadpole_bucket is now minecraft:bucket.
[11Mar2025 20:32:19.292] [modloading-worker-0/INFO] [Create: Numismatics/]: Create: Numismatics 1.0.7+forge-mc1.20.1 initializing! Create version: 0.5.1f on platform: FORGE
[11Mar2025 20:32:19.353] [modloading-worker-0/INFO] [Create: Numismatics/]: Registering items for Create: Numismatics
[11Mar2025 20:32:19.460] [modloading-worker-0/INFO] [Create: Numismatics/]: Registering blocks for Create: Numismatics
[11Mar2025 20:32:19.764] [modloading-worker-0/INFO] [de.keksuccino.melody.Melody/]: [MELODY] Disabling Melody since it's loaded server-side.
[11Mar2025 20:32:20.141] [modloading-worker-0/INFO] [com.cupboard.Cupboard/]: Loaded config for: cupboard.json
[11Mar2025 20:32:20.877] [modloading-worker-0/INFO] [Biomancy/ModsCompatHandler]: Initialize Pehkui compat...
[11Mar2025 20:32:22.121] [modloading-worker-0/INFO] [dev.architectury.networking.forge.NetworkManagerImpl/]: Registering C2S receiver with id architectury:sync_ids
[11Mar2025 20:32:22.124] [modloading-worker-0/INFO] [dev.architectury.networking.forge.NetworkManagerImpl/]: Registering C2S receiver with id createrailwaysnavigator:crn_network/24de284ed1a534cfb2664200bfb3b1e3
[11Mar2025 20:32:22.126] [modloading-worker-0/INFO] [dev.architectury.networking.forge.NetworkManagerImpl/]: Registering C2S receiver with id createrailwaysnavigator:crn_network/b977ce0284d33fc79f13f0af88be87d7
[11Mar2025 20:32:22.133] [modloading-worker-0/INFO] [com.dannbrown.deltaboxlib.DeltaboxLib/]: deltaboxlib has started!
[11Mar2025 20:32:22.199] [modloading-worker-0/INFO] [Puzzles Lib/]: Constructing common components for visualworkbench:main
[11Mar2025 20:32:22.332] [modloading-worker-0/ERROR] [net.minecraftforge.eventbus.EventSubclassTransformer/EVENTBUS]: Could not find parent net/minecraft/client/renderer/entity/layers/RenderLayer for class com/obscuria/obscureapi/client/renderer/PatreonLayer in classloader cpw.mods.modlauncher.TransformingClassLoader@570a62a5 on thread Thread[modloading-worker-0,5,main]
[11Mar2025 20:32:22.335] [modloading-worker-0/ERROR] [net.minecraftforge.eventbus.EventSubclassTransformer/EVENTBUS]: An error occurred building event handler
java.lang.ClassNotFoundException: net.minecraft.client.renderer.entity.layers.RenderLayer
	at cpw.mods.cl.ModuleClassLoader.loadClass(ModuleClassLoader.java:141) ~[securejarhandler-2.1.10.jar:?]
	at java.lang.ClassLoader.loadClass(ClassLoader.java:525) ~[?:?]
	at net.minecraftforge.eventbus.EventSubclassTransformer.buildEvents(EventSubclassTransformer.java:97) ~[eventbus-6.0.5.jar%2352!/:?]
	at net.minecraftforge.eventbus.EventSubclassTransformer.transform(EventSubclassTransformer.java:48) ~[eventbus-6.0.5.jar%2352!/:?]
	at net.minecraftforge.eventbus.EventBusEngine.processClass(EventBusEngine.java:26) ~[eventbus-6.0.5.jar%2352!/:?]
	at net.minecraftforge.eventbus.service.ModLauncherService.processClassWithFlags(ModLauncherService.java:32) ~[eventbus-6.0.5.jar%2352!/:6.0.5+6.0.5+master.eb8e549b]
	at cpw.mods.modlauncher.LaunchPluginHandler.offerClassNodeToPlugins(LaunchPluginHandler.java:88) ~[modlauncher-10.0.9.jar%2355!/:?]
	at cpw.mods.modlauncher.ClassTransformer.transform(ClassTransformer.java:120) ~[modlauncher-10.0.9.jar%2355!/:?]
	at cpw.mods.modlauncher.TransformingClassLoader.maybeTransformClassBytes(TransformingClassLoader.java:50) ~[modlauncher-10.0.9.jar%2355!/:?]
	at cpw.mods.cl.ModuleClassLoader.readerToClass(ModuleClassLoader.java:113) ~[securejarhandler-2.1.10.jar:?]
	at cpw.mods.cl.ModuleClassLoader.lambda$findClass$15(ModuleClassLoader.java:219) ~[securejarhandler-2.1.10.jar:?]
	at cpw.mods.cl.ModuleClassLoader.loadFromModule(ModuleClassLoader.java:229) ~[securejarhandler-2.1.10.jar:?]
	at cpw.mods.cl.ModuleClassLoader.findClass(ModuleClassLoader.java:219) ~[securejarhandler-2.1.10.jar:?]
	at cpw.mods.cl.ModuleClassLoader.loadClass(ModuleClassLoader.java:135) ~[securejarhandler-2.1.10.jar:?]
	at java.lang.ClassLoader.loadClass(ClassLoader.java:525) ~[?:?]
	at java.lang.ClassLoader.defineClass0(Native Method) ~[?:?]
	at java.lang.System$2.defineClass(System.java:2324) ~[?:?]
	at java.lang.invoke.MethodHandles$Lookup$ClassDefiner.defineClass(MethodHandles.java:2439) ~[?:?]
	at java.lang.invoke.MethodHandles$Lookup$ClassDefiner.defineClassAsLookup(MethodHandles.java:2420) ~[?:?]
	at java.lang.invoke.MethodHandles$Lookup.defineHiddenClass(MethodHandles.java:2127) ~[?:?]
	at java.lang.invoke.InnerClassLambdaMetafactory.generateInnerClass(InnerClassLambdaMetafactory.java:407) ~[?:?]
	at java.lang.invoke.InnerClassLambdaMetafactory.spinInnerClass(InnerClassLambdaMetafactory.java:315) ~[?:?]
	at java.lang.invoke.InnerClassLambdaMetafactory.buildCallSite(InnerClassLambdaMetafactory.java:228) ~[?:?]
	at java.lang.invoke.LambdaMetafactory.metafactory(LambdaMetafactory.java:341) ~[?:?]
	at java.lang.invoke.BootstrapMethodInvoker.invoke(BootstrapMethodInvoker.java:134) ~[?:?]
	at java.lang.invoke.CallSite.makeSite(CallSite.java:315) ~[?:?]
	at java.lang.invoke.MethodHandleNatives.linkCallSiteImpl(MethodHandleNatives.java:281) ~[?:?]
	at java.lang.invoke.MethodHandleNatives.linkCallSite(MethodHandleNatives.java:271) ~[?:?]
	at com.obscuria.obscureapi.client.renderer.PatreonLayer$Mode.<clinit>(PatreonLayer.java:55) ~[obscure_api-15.jar%23307!/:com.obscuria]
	at com.obscuria.obscureapi.ObscureAPIConfig$Client.<clinit>(ObscureAPIConfig.java:28) ~[obscure_api-15.jar%23307!/:com.obscuria]
	at com.obscuria.obscureapi.ObscureAPIConfig.register(ObscureAPIConfig.java:46) ~[obscure_api-15.jar%23307!/:com.obscuria]
	at com.obscuria.obscureapi.ObscureAPI.<init>(ObscureAPI.java:69) ~[obscure_api-15.jar%23307!/:com.obscuria]
	at jdk.internal.reflect.NativeConstructorAccessorImpl.newInstance0(Native Method) ~[?:?]
	at jdk.internal.reflect.NativeConstructorAccessorImpl.newInstance(NativeConstructorAccessorImpl.java:77) ~[?:?]
	at jdk.internal.reflect.DelegatingConstructorAccessorImpl.newInstance(DelegatingConstructorAccessorImpl.java:45) ~[?:?]
	at java.lang.reflect.Constructor.newInstanceWithCaller(Constructor.java:500) ~[?:?]
	at java.lang.reflect.Constructor.newInstance(Constructor.java:481) ~[?:?]
	at net.minecraftforge.fml.javafmlmod.FMLModContainer.constructMod(FMLModContainer.java:70) ~[javafmllanguage-1.20.1-47.3.7.jar%23343!/:?]
	at net.minecraftforge.fml.ModContainer.lambda$buildTransitionHandler$4(ModContainer.java:124) ~[fmlcore-1.20.1-47.3.7.jar%23342!/:?]
	at java.util.concurrent.CompletableFuture$AsyncRun.run(CompletableFuture.java:1804) ~[?:?]
	at java.util.concurrent.CompletableFuture$AsyncRun.exec(CompletableFuture.java:1796) ~[?:?]
	at java.util.concurrent.ForkJoinTask.doExec(ForkJoinTask.java:373) ~[?:?]
	at java.util.concurrent.ForkJoinPool$WorkQueue.topLevelExec(ForkJoinPool.java:1182) ~[?:?]
	at java.util.concurrent.ForkJoinPool.scan(ForkJoinPool.java:1655) ~[?:?]
	at java.util.concurrent.ForkJoinPool.runWorker(ForkJoinPool.java:1622) ~[?:?]
	at java.util.concurrent.ForkJoinWorkerThread.run(ForkJoinWorkerThread.java:165) ~[?:?]
[11Mar2025 20:32:22.345] [modloading-worker-0/ERROR] [net.minecraftforge.fml.loading.RuntimeDistCleaner/DISTXFORM]: Attempted to load class com/obscuria/obscureapi/client/renderer/PatreonLayer for invalid dist DEDICATED_SERVER
[11Mar2025 20:32:22.728] [modloading-worker-0/INFO] [dev.architectury.networking.forge.NetworkManagerImpl/]: Registering C2S receiver with id artifacts:networking_channel/42a7ad70b1cc371599a0eff744096b8a
[11Mar2025 20:32:22.754] [modloading-worker-0/INFO] [dev.architectury.networking.forge.NetworkManagerImpl/]: Registering C2S receiver with id artifacts:networking_channel/74a5e841822a3a87854ae896a33430d6
[11Mar2025 20:32:22.757] [modloading-worker-0/INFO] [dev.architectury.networking.forge.NetworkManagerImpl/]: Registering C2S receiver with id artifacts:networking_channel/eb3d1e2748533430848cadf0f37c7e9c
[11Mar2025 20:32:22.765] [modloading-worker-0/INFO] [dev.architectury.networking.forge.NetworkManagerImpl/]: Registering C2S receiver with id artifacts:networking_channel/91c8520f19f93b3e8b6a727568e194ab
[11Mar2025 20:32:22.766] [modloading-worker-0/INFO] [dev.architectury.networking.forge.NetworkManagerImpl/]: Registering C2S receiver with id artifacts:networking_channel/8c2784d778293fd482ed84b8aa5fedb9
[11Mar2025 20:32:22.776] [modloading-worker-0/INFO] [dev.architectury.networking.forge.NetworkManagerImpl/]: Registering C2S receiver with id artifacts:networking_channel/ea038224ea783d40b2863f52239e2604
[11Mar2025 20:32:22.777] [modloading-worker-0/INFO] [dev.architectury.networking.forge.NetworkManagerImpl/]: Registering C2S receiver with id artifacts:networking_channel/97ad64b7ecaf33209991c4f031501a58
[11Mar2025 20:32:23.001] [modloading-worker-0/INFO] [net.minecraftforge.common.ForgeMod/FORGEMOD]: Forge mod loading, version 47.3.7, for MC 1.20.1 with MCP 20230612.114412
[11Mar2025 20:32:23.001] [modloading-worker-0/INFO] [net.minecraftforge.common.MinecraftForge/FORGE]: MinecraftForge v47.3.7 Initialized
[11Mar2025 20:32:23.798] [modloading-worker-0/INFO] [dev.architectury.networking.forge.NetworkManagerImpl/]: Registering C2S receiver with id dragonlib:dragonlib_network/69a65f20acde32448da097b16eacfce9
[11Mar2025 20:32:23.798] [modloading-worker-0/INFO] [dev.architectury.networking.forge.NetworkManagerImpl/]: Registering C2S receiver with id dragonlib:dragonlib_network/69d73e101ecb38b59cc59ce369f9f0e6
[11Mar2025 20:32:23.798] [modloading-worker-0/INFO] [dev.architectury.networking.forge.NetworkManagerImpl/]: Registering C2S receiver with id dragonlib:dragonlib_network/fcf1d4bbbc3b340daddecfd8389e586f
[11Mar2025 20:32:23.808] [modloading-worker-0/INFO] [dev.architectury.networking.forge.NetworkManagerImpl/]: Registering C2S receiver with id dragonlib:dragonlib_network/7ea7435aa82d37fbbe7321ccd48bb6b2
[11Mar2025 20:32:23.830] [Fire Dragon/INFO] [DragonLib/]:                              +++ 🐉 +++                             
[11Mar2025 20:32:23.831] [Fire Dragon/INFO] [DragonLib/]: ---------------------------------------------------------------------
[11Mar2025 20:32:23.831] [Fire Dragon/INFO] [DragonLib/]:             Loaded DragonLib v1.20.1-2.2.24 by MrJulsen!            
[11Mar2025 20:32:23.831] [Fire Dragon/INFO] [DragonLib/]:                        Minecraft Forge 1.20.1                       
[11Mar2025 20:32:23.832] [Fire Dragon/INFO] [DragonLib/]: 
[11Mar2025 20:32:23.832] [Fire Dragon/INFO] [DragonLib/]:                Discord: https://discord.gg/AeSbNgvc7f               
[11Mar2025 20:32:23.833] [Fire Dragon/INFO] [DragonLib/]:                            GitHub: unknown                           
[11Mar2025 20:32:23.833] [Fire Dragon/INFO] [DragonLib/]:   Bug Reports: https://github.com/MisterJulsen/MC-DragonLib2/issues  
[11Mar2025 20:32:23.834] [Fire Dragon/INFO] [DragonLib/]: ---------------------------------------------------------------------
[11Mar2025 20:32:23.834] [Fire Dragon/INFO] [DragonLib/]:                              +++ 🐉 +++                             
[11Mar2025 20:32:23.912] [modloading-worker-0/INFO] [KubeJS/]: Loaded common.properties
[11Mar2025 20:32:23.919] [modloading-worker-0/INFO] [KubeJS/]: Loaded dev.properties
[11Mar2025 20:32:23.933] [modloading-worker-0/INFO] [KubeJS/]: Looking for KubeJS plugins...
[11Mar2025 20:32:23.939] [modloading-worker-0/INFO] [KubeJS/]: Found plugin source kubejs
[11Mar2025 20:32:23.953] [modloading-worker-0/WARN] [KubeJS/]: Plugin dev.latvian.mods.kubejs.forge.BuiltinKubeJSForgeClientPlugin does not load on server side, skipping
[11Mar2025 20:32:23.954] [modloading-worker-0/WARN] [KubeJS/]: Plugin dev.latvian.mods.kubejs.integration.forge.gamestages.GameStagesIntegration does not have required mod gamestages loaded, skipping
[11Mar2025 20:32:23.968] [modloading-worker-0/INFO] [KubeJS/]: Done in 34.54 ms
[11Mar2025 20:32:24.022] [modloading-worker-0/INFO] [dev.architectury.networking.forge.NetworkManagerImpl/]: Registering C2S receiver with id ftblibrary:edit_nbt_response
[11Mar2025 20:32:24.069] [modloading-worker-0/INFO] [dev.architectury.networking.forge.NetworkManagerImpl/]: Registering C2S receiver with id ftbteams:open_gui
[11Mar2025 20:32:24.072] [modloading-worker-0/INFO] [dev.architectury.networking.forge.NetworkManagerImpl/]: Registering C2S receiver with id ftbteams:update_settings
[11Mar2025 20:32:24.074] [modloading-worker-0/INFO] [dev.architectury.networking.forge.NetworkManagerImpl/]: Registering C2S receiver with id ftbteams:send_message
[11Mar2025 20:32:24.077] [modloading-worker-0/INFO] [dev.architectury.networking.forge.NetworkManagerImpl/]: Registering C2S receiver with id ftbteams:create_party
[11Mar2025 20:32:24.081] [modloading-worker-0/INFO] [dev.architectury.networking.forge.NetworkManagerImpl/]: Registering C2S receiver with id ftbteams:player_gui_operation
[11Mar2025 20:32:24.189] [modloading-worker-0/INFO] [dev.architectury.networking.forge.NetworkManagerImpl/]: Registering C2S receiver with id itemfilters:main/14e7fa1454283aec8ae811ef844ada28
[11Mar2025 20:32:24.193] [modloading-worker-0/INFO] [dev.architectury.networking.forge.NetworkManagerImpl/]: Registering C2S receiver with id itemfilters:main/8f6a899247753217b9d86ab427a2b279
[11Mar2025 20:32:24.216] [modloading-worker-0/INFO] [dev.architectury.networking.forge.NetworkManagerImpl/]: Registering C2S receiver with id ftbchunks:request_map_data
[11Mar2025 20:32:24.224] [modloading-worker-0/INFO] [dev.architectury.networking.forge.NetworkManagerImpl/]: Registering C2S receiver with id ftbchunks:share_waypoint
[11Mar2025 20:32:24.227] [modloading-worker-0/INFO] [dev.architectury.networking.forge.NetworkManagerImpl/]: Registering C2S receiver with id ftbchunks:request_chunk_change
[11Mar2025 20:32:24.242] [modloading-worker-0/INFO] [dev.architectury.networking.forge.NetworkManagerImpl/]: Registering C2S receiver with id ftbchunks:teleport_from_map
[11Mar2025 20:32:24.247] [modloading-worker-0/INFO] [dev.architectury.networking.forge.NetworkManagerImpl/]: Registering C2S receiver with id ftbchunks:sync_tx
[11Mar2025 20:32:24.253] [modloading-worker-0/INFO] [dev.architectury.networking.forge.NetworkManagerImpl/]: Registering C2S receiver with id ftbchunks:update_force_load_expiry
[11Mar2025 20:32:24.261] [modloading-worker-0/INFO] [dev.architectury.networking.forge.NetworkManagerImpl/]: Registering C2S receiver with id ftbchunks:server_config_request
[11Mar2025 20:32:24.395] [modloading-worker-0/INFO] [Rhino Script Remapper/]: Loading Rhino Minecraft remapper...
[11Mar2025 20:32:24.397] [modloading-worker-0/INFO] [dev.latvian.mods.rhino.mod.util.RhinoProperties/]: Rhino properties loaded.
[11Mar2025 20:32:24.399] [modloading-worker-0/INFO] [Rhino Script Remapper/]: Loading mappings for 1.20.1
[11Mar2025 20:32:24.571] [modloading-worker-0/INFO] [Rhino Script Remapper/]: Done in 0.176 s
[11Mar2025 20:32:24.772] [modloading-worker-0/INFO] [necronomicon/]: Necronomicon Initialized
[11Mar2025 20:32:24.782] [modloading-worker-0/INFO] [necronomicon/]: File exists, reading config for elocindev.necronomicon.NecronomiconConfig.
[11Mar2025 20:32:24.782] [modloading-worker-0/INFO] [necronomicon/]: Config for elocindev.necronomicon.NecronomiconConfig read successfully.
[11Mar2025 20:32:25.010] [modloading-worker-0/INFO] [dev.architectury.networking.forge.NetworkManagerImpl/]: Registering C2S receiver with id ftbquests:submit_task
[11Mar2025 20:32:25.014] [modloading-worker-0/INFO] [dev.architectury.networking.forge.NetworkManagerImpl/]: Registering C2S receiver with id ftbquests:claim_reward
[11Mar2025 20:32:25.021] [modloading-worker-0/INFO] [dev.architectury.networking.forge.NetworkManagerImpl/]: Registering C2S receiver with id ftbquests:get_emergency_items
[11Mar2025 20:32:25.033] [modloading-worker-0/INFO] [dev.architectury.networking.forge.NetworkManagerImpl/]: Registering C2S receiver with id ftbquests:claim_all_rewards
[11Mar2025 20:32:25.035] [modloading-worker-0/INFO] [dev.architectury.networking.forge.NetworkManagerImpl/]: Registering C2S receiver with id ftbquests:claim_choice_reward
[11Mar2025 20:32:25.054] [modloading-worker-0/INFO] [dev.architectury.networking.forge.NetworkManagerImpl/]: Registering C2S receiver with id ftbquests:toggle_pinned
[11Mar2025 20:32:25.062] [modloading-worker-0/INFO] [dev.architectury.networking.forge.NetworkManagerImpl/]: Registering C2S receiver with id ftbquests:toggle_chapter_pinned
[11Mar2025 20:32:25.069] [modloading-worker-0/INFO] [dev.architectury.networking.forge.NetworkManagerImpl/]: Registering C2S receiver with id ftbquests:toggle_editing_mode
[11Mar2025 20:32:25.074] [modloading-worker-0/INFO] [dev.architectury.networking.forge.NetworkManagerImpl/]: Registering C2S receiver with id ftbquests:force_save
[11Mar2025 20:32:25.083] [modloading-worker-0/INFO] [dev.architectury.networking.forge.NetworkManagerImpl/]: Registering C2S receiver with id ftbquests:set_custom_image
[11Mar2025 20:32:25.115] [modloading-worker-0/INFO] [dev.architectury.networking.forge.NetworkManagerImpl/]: Registering C2S receiver with id ftbquests:task_screen_config_resp
[11Mar2025 20:32:25.121] [modloading-worker-0/INFO] [dev.architectury.networking.forge.NetworkManagerImpl/]: Registering C2S receiver with id ftbquests:change_progress
[11Mar2025 20:32:25.128] [modloading-worker-0/INFO] [dev.architectury.networking.forge.NetworkManagerImpl/]: Registering C2S receiver with id ftbquests:create_object
[11Mar2025 20:32:25.140] [modloading-worker-0/INFO] [dev.architectury.networking.forge.NetworkManagerImpl/]: Registering C2S receiver with id ftbquests:create_task_at
[11Mar2025 20:32:25.146] [modloading-worker-0/INFO] [dev.architectury.networking.forge.NetworkManagerImpl/]: Registering C2S receiver with id ftbquests:delete_object
[11Mar2025 20:32:25.157] [modloading-worker-0/INFO] [dev.architectury.networking.forge.NetworkManagerImpl/]: Registering C2S receiver with id ftbquests:edit_object
[11Mar2025 20:32:25.169] [modloading-worker-0/INFO] [dev.architectury.networking.forge.NetworkManagerImpl/]: Registering C2S receiver with id ftbquests:move_chapter
[11Mar2025 20:32:25.186] [modloading-worker-0/INFO] [dev.architectury.networking.forge.NetworkManagerImpl/]: Registering C2S receiver with id ftbquests:move_quest
[11Mar2025 20:32:25.188] [modloading-worker-0/INFO] [dev.architectury.networking.forge.NetworkManagerImpl/]: Registering C2S receiver with id ftbquests:change_chapter_group
[11Mar2025 20:32:25.190] [modloading-worker-0/INFO] [dev.architectury.networking.forge.NetworkManagerImpl/]: Registering C2S receiver with id ftbquests:move_chapter_group
[11Mar2025 20:32:25.195] [modloading-worker-0/INFO] [dev.architectury.networking.forge.NetworkManagerImpl/]: Registering C2S receiver with id ftbquests:copy_quest
[11Mar2025 20:32:25.202] [modloading-worker-0/INFO] [dev.architectury.networking.forge.NetworkManagerImpl/]: Registering C2S receiver with id ftbquests:copy_chapter_image
[11Mar2025 20:32:25.204] [modloading-worker-0/INFO] [dev.architectury.networking.forge.NetworkManagerImpl/]: Registering C2S receiver with id ftbquests:sync_structures_request
[11Mar2025 20:32:25.207] [modloading-worker-0/INFO] [dev.architectury.networking.forge.NetworkManagerImpl/]: Registering C2S receiver with id ftbquests:request_team_data
[11Mar2025 20:32:25.486] [modloading-worker-0/INFO] [KubeJS Startup/]: example.js#5: Hello, World! (Loaded startup scripts)
[11Mar2025 20:32:25.488] [modloading-worker-0/INFO] [KubeJS Startup/]: Loaded script startup_scripts:example.js in 0.11 s
[11Mar2025 20:32:25.493] [modloading-worker-0/INFO] [KubeJS Startup/]: Loaded 1/1 KubeJS startup scripts in 0.917 s with 0 errors and 0 warnings
[11Mar2025 20:32:25.605] [modloading-worker-0/INFO] [dev.architectury.networking.forge.NetworkManagerImpl/]: Registering C2S receiver with id kubejs:send_data_from_client
[11Mar2025 20:32:25.623] [modloading-worker-0/INFO] [dev.architectury.networking.forge.NetworkManagerImpl/]: Registering C2S receiver with id kubejs:first_click
[11Mar2025 20:32:25.757] [modloading-worker-0/INFO] [thedarkcolour.kotlinforforge.test.KotlinForForge/]: Kotlin For Forge Enabled!
[11Mar2025 20:32:26.835] [modloading-worker-0/INFO] [quark/]: Initializing TerraBlender underground biome compat
[11Mar2025 20:32:27.310] [modloading-worker-0/INFO] [Puzzles Lib/]: Constructing common components for puzzleslib:main
[11Mar2025 20:32:27.352] [modloading-worker-0/INFO] [be.florens.expandability.ExpandAbility/]: ExpandAbility here, who dis?
[11Mar2025 20:32:27.424] [modloading-worker-0/INFO] [quark-zeta/]: Discovered 164 modules to load.
[11Mar2025 20:32:27.424] [modloading-worker-0/INFO] [quark-zeta/]: Constructing module Abacus...
[11Mar2025 20:32:27.428] [modloading-worker-0/INFO] [quark-zeta/]: Constructing module Adjustable Chat...
[11Mar2025 20:32:27.441] [modloading-worker-0/INFO] [quark-zeta/]: Constructing module Ambient Discs...
[11Mar2025 20:32:27.442] [modloading-worker-0/INFO] [quark-zeta/]: Constructing module Ancient Tomes...
[11Mar2025 20:32:27.455] [modloading-worker-0/INFO] [quark-zeta/]: Constructing module Ancient Wood...
[11Mar2025 20:32:27.488] [modloading-worker-0/INFO] [quark-zeta/]: Constructing module Armed Armor Stands...
[11Mar2025 20:32:27.500] [modloading-worker-0/INFO] [quark-zeta/]: Constructing module Auto Walk Keybind...
[11Mar2025 20:32:27.500] [modloading-worker-0/INFO] [quark-zeta/]: Constructing module Automatic Recipe Unlock...
[11Mar2025 20:32:27.501] [modloading-worker-0/INFO] [quark-zeta/]: Constructing module Automatic Tool Restock...
[11Mar2025 20:32:27.512] [modloading-worker-0/INFO] [quark-zeta/]: Constructing module Azalea Wood...
[11Mar2025 20:32:27.513] [modloading-worker-0/INFO] [quark-zeta/]: Constructing module Back Button Keybind...
[11Mar2025 20:32:27.513] [modloading-worker-0/INFO] [quark-zeta/]: Constructing module Backpack...
[11Mar2025 20:32:27.520] [modloading-worker-0/INFO] [quark-zeta/]: Constructing module Beacon Redirection...
[11Mar2025 20:32:27.521] [modloading-worker-0/INFO] [quark-zeta/]: Constructing module Better Elytra Rocket...
[11Mar2025 20:32:27.522] [modloading-worker-0/INFO] [quark-zeta/]: Constructing module Big Stone Clusters...
[11Mar2025 20:32:27.541] [modloading-worker-0/INFO] [quark-zeta/]: Constructing module Blossom Trees...
[11Mar2025 20:32:27.548] [modloading-worker-0/INFO] [quark-zeta/]: Constructing module Bottled Cloud...
[11Mar2025 20:32:27.560] [modloading-worker-0/INFO] [quark-zeta/]: Constructing module Buckets Show Inhabitants...
[11Mar2025 20:32:27.561] [modloading-worker-0/INFO] [quark-zeta/]: Constructing module Camera...
[11Mar2025 20:32:27.562] [modloading-worker-0/INFO] [quark-zeta/]: Constructing module Campfires Boost Elytra...
[11Mar2025 20:32:27.562] [modloading-worker-0/INFO] [quark-zeta/]: Constructing module Celebratory Lamps...
[11Mar2025 20:32:27.563] [modloading-worker-0/INFO] [quark-zeta/]: Constructing module Chains Connect Blocks...
[11Mar2025 20:32:27.563] [modloading-worker-0/INFO] [quark-zeta/]: Constructing module Chest Searching...
[11Mar2025 20:32:27.564] [modloading-worker-0/INFO] [quark-zeta/]: Constructing module Chorus Vegetation...
[11Mar2025 20:32:27.567] [modloading-worker-0/INFO] [quark-zeta/]: Constructing module Chute...
[11Mar2025 20:32:27.570] [modloading-worker-0/INFO] [quark-zeta/]: Constructing module Climate Control Remover...
[11Mar2025 20:32:27.570] [modloading-worker-0/INFO] [quark-zeta/]: Constructing module Color Runes...
[11Mar2025 20:32:27.573] [modloading-worker-0/INFO] [quark-zeta/]: Constructing module Compasses Work Everywhere...
[11Mar2025 20:32:27.582] [modloading-worker-0/INFO] [quark-zeta/]: Constructing module Compressed Blocks...
[11Mar2025 20:32:27.583] [modloading-worker-0/INFO] [quark-zeta/]: Constructing module Coral On Cactus...
[11Mar2025 20:32:27.584] [modloading-worker-0/INFO] [quark-zeta/]: Constructing module Corundum...
[11Mar2025 20:32:27.612] [modloading-worker-0/INFO] [quark-zeta/]: Constructing module Crabs...
[11Mar2025 20:32:27.627] [modloading-worker-0/ERROR] [zeta/]: Client event interface org.violetmoon.zeta.client.event.load.ZClientSetup was found in a non client only class!
[11Mar2025 20:32:27.627] [modloading-worker-0/INFO] [quark-zeta/]: Constructing module Crafter...
[11Mar2025 20:32:27.628] [modloading-worker-0/ERROR] [zeta/]: Client event interface org.violetmoon.zeta.client.event.load.ZClientSetup was found in a non client only class!
[11Mar2025 20:32:27.628] [modloading-worker-0/INFO] [quark-zeta/]: Constructing module Crate...
[11Mar2025 20:32:27.629] [modloading-worker-0/INFO] [quark-zeta/]: Constructing module Diamond Repair...
[11Mar2025 20:32:27.630] [modloading-worker-0/INFO] [quark-zeta/]: Constructing module Dispensers Place Blocks...
[11Mar2025 20:32:27.630] [modloading-worker-0/INFO] [quark-zeta/]: Constructing module Double Door Opening...
[11Mar2025 20:32:27.631] [modloading-worker-0/INFO] [quark-zeta/]: Constructing module Dragon Scales...
[11Mar2025 20:32:27.632] [modloading-worker-0/INFO] [quark-zeta/]: Constructing module Duskbound Blocks...
[11Mar2025 20:32:27.632] [modloading-worker-0/INFO] [quark-zeta/]: Constructing module Dyeable Item Frames...
[11Mar2025 20:32:27.634] [modloading-worker-0/INFO] [quark-zeta/]: Constructing module Easy Transfering...
[11Mar2025 20:32:27.636] [modloading-worker-0/INFO] [quark-zeta/]: Constructing module Elytra Indicator...
[11Mar2025 20:32:27.637] [modloading-worker-0/INFO] [quark-zeta/]: Constructing module Emotes...
[11Mar2025 20:32:27.637] [modloading-worker-0/INFO] [quark-zeta/]: Constructing module Enchantment Predicates...
[11Mar2025 20:32:27.638] [modloading-worker-0/INFO] [quark-zeta/]: Constructing module Enchantments Begone...
[11Mar2025 20:32:27.639] [modloading-worker-0/INFO] [quark-zeta/]: Constructing module Ender Watcher...
[11Mar2025 20:32:27.640] [modloading-worker-0/INFO] [quark-zeta/]: Constructing module Endermosh Music Disc...
[11Mar2025 20:32:27.641] [modloading-worker-0/INFO] [quark-zeta/]: Constructing module Enhanced Ladders...
[11Mar2025 20:32:27.648] [modloading-worker-0/INFO] [quark-zeta/]: Constructing module Expanded Item Interactions...
[11Mar2025 20:32:27.649] [modloading-worker-0/ERROR] [zeta/]: Client event interface org.violetmoon.zeta.client.event.load.ZClientSetup was found in a non client only class!
[11Mar2025 20:32:27.649] [modloading-worker-0/INFO] [quark-zeta/]: Constructing module Fairy Rings...
[11Mar2025 20:32:27.650] [modloading-worker-0/INFO] [quark-zeta/]: Constructing module Fallen Logs...
[11Mar2025 20:32:27.666] [modloading-worker-0/INFO] [quark-zeta/]: Constructing module Feeding Trough...
[11Mar2025 20:32:27.668] [modloading-worker-0/ERROR] [zeta/]: Client event interface org.violetmoon.zeta.client.event.load.ZClientSetup was found in a non client only class!
[11Mar2025 20:32:27.669] [modloading-worker-0/INFO] [quark-zeta/]: Constructing module Forgotten...
[11Mar2025 20:32:27.718] [modloading-worker-0/INFO] [quark-zeta/]: Constructing module Foxhound...
[11Mar2025 20:32:27.723] [modloading-worker-0/INFO] [quark-zeta/]: Constructing module Framed Glass...
[11Mar2025 20:32:27.724] [modloading-worker-0/INFO] [quark-zeta/]: Constructing module Game Nerfs...
[11Mar2025 20:32:27.727] [modloading-worker-0/INFO] [quark-zeta/]: Constructing module Glass Item Frame...
[11Mar2025 20:32:27.736] [modloading-worker-0/ERROR] [zeta/]: Client event interface org.violetmoon.zeta.client.event.load.ZClientSetup was found in a non client only class!
[11Mar2025 20:32:27.737] [modloading-worker-0/INFO] [quark-zeta/]: Constructing module Glass Shard...
[11Mar2025 20:32:27.745] [modloading-worker-0/INFO] [quark-zeta/]: Constructing module Glimmering Weald...
[11Mar2025 20:32:27.800] [modloading-worker-0/INFO] [quark-zeta/]: Constructing module Gold Bars...
[11Mar2025 20:32:27.801] [modloading-worker-0/INFO] [quark-zeta/]: Constructing module Gold Tools Have Fortune...
[11Mar2025 20:32:27.803] [modloading-worker-0/INFO] [quark-zeta/]: Constructing module Grab Chickens...
[11Mar2025 20:32:27.805] [modloading-worker-0/INFO] [quark-zeta/]: Constructing module Grate...
[11Mar2025 20:32:27.821] [modloading-worker-0/INFO] [quark-zeta/]: Constructing module Gravisand...
[11Mar2025 20:32:27.826] [modloading-worker-0/INFO] [quark-zeta/]: Constructing module Greener Grass...
[11Mar2025 20:32:27.831] [modloading-worker-0/INFO] [quark-zeta/]: Constructing module Hedges...
[11Mar2025 20:32:27.835] [modloading-worker-0/INFO] [quark-zeta/]: Constructing module Hoe Harvesting...
[11Mar2025 20:32:27.837] [modloading-worker-0/INFO] [quark-zeta/]: Constructing module Hollow Logs...
[11Mar2025 20:32:27.838] [modloading-worker-0/INFO] [quark-zeta/]: Constructing module Horses Swim...
[11Mar2025 20:32:27.839] [modloading-worker-0/INFO] [quark-zeta/]: Constructing module Hotbar Changer...
[11Mar2025 20:32:27.839] [modloading-worker-0/INFO] [quark-zeta/]: Constructing module Improved Sponges...
[11Mar2025 20:32:27.841] [modloading-worker-0/INFO] [quark-zeta/]: Constructing module Improved Tooltips...
[11Mar2025 20:32:27.844] [modloading-worker-0/INFO] [quark-zeta/]: Constructing module Industrial Palette...
[11Mar2025 20:32:27.845] [modloading-worker-0/INFO] [quark-zeta/]: Constructing module Inventory Sorting...
[11Mar2025 20:32:27.845] [modloading-worker-0/INFO] [quark-zeta/]: Constructing module Iron Rod...
[11Mar2025 20:32:27.862] [modloading-worker-0/INFO] [quark-zeta/]: Constructing module Item Sharing...
[11Mar2025 20:32:27.864] [modloading-worker-0/INFO] [quark-zeta/]: Constructing module Japanese Palette...
[11Mar2025 20:32:27.865] [modloading-worker-0/INFO] [quark-zeta/]: Constructing module Leaf Carpet...
[11Mar2025 20:32:27.867] [modloading-worker-0/INFO] [quark-zeta/]: Constructing module Lock Rotation...
[11Mar2025 20:32:27.869] [modloading-worker-0/INFO] [quark-zeta/]: Constructing module Long Range Pick Block...
[11Mar2025 20:32:27.870] [modloading-worker-0/INFO] [quark-zeta/]: Constructing module Magma Keeps Concrete Powder...
[11Mar2025 20:32:27.871] [modloading-worker-0/INFO] [quark-zeta/]: Constructing module Magnets...
[11Mar2025 20:32:27.879] [modloading-worker-0/ERROR] [zeta/]: Client event interface org.violetmoon.zeta.client.event.load.ZClientSetup was found in a non client only class!
[11Mar2025 20:32:27.880] [modloading-worker-0/INFO] [quark-zeta/]: Constructing module Map Washing...
[11Mar2025 20:32:27.883] [modloading-worker-0/INFO] [quark-zeta/]: Constructing module Matrix Enchanting...
[11Mar2025 20:32:27.905] [modloading-worker-0/ERROR] [zeta/]: Client event interface org.violetmoon.zeta.client.event.load.ZClientSetup was found in a non client only class!
[11Mar2025 20:32:27.905] [modloading-worker-0/INFO] [quark-zeta/]: Constructing module Metal Buttons...
[11Mar2025 20:32:27.905] [modloading-worker-0/INFO] [quark-zeta/]: Constructing module Microcrafting Helper...
[11Mar2025 20:32:27.906] [modloading-worker-0/INFO] [quark-zeta/]: Constructing module Midori...
[11Mar2025 20:32:27.906] [modloading-worker-0/INFO] [quark-zeta/]: Constructing module Monster Box...
[11Mar2025 20:32:27.906] [modloading-worker-0/INFO] [quark-zeta/]: Constructing module More Banner Layers...
[11Mar2025 20:32:27.907] [modloading-worker-0/INFO] [quark-zeta/]: Constructing module More Brick Types...
[11Mar2025 20:32:27.908] [modloading-worker-0/INFO] [quark-zeta/]: Constructing module More Mud Blocks...
[11Mar2025 20:32:27.910] [modloading-worker-0/INFO] [quark-zeta/]: Constructing module More Note Block Sounds...
[11Mar2025 20:32:27.911] [modloading-worker-0/INFO] [quark-zeta/]: Constructing module More Potted Plants...
[11Mar2025 20:32:27.913] [modloading-worker-0/ERROR] [zeta/]: Client event interface org.violetmoon.zeta.client.event.load.ZClientSetup was found in a non client only class!
[11Mar2025 20:32:27.913] [modloading-worker-0/INFO] [quark-zeta/]: Constructing module More Villagers...
[11Mar2025 20:32:27.913] [modloading-worker-0/INFO] [quark-zeta/]: Constructing module Narrator Readout...
[11Mar2025 20:32:27.913] [modloading-worker-0/INFO] [quark-zeta/]: Constructing module Nether Brick Fence Gate...
[11Mar2025 20:32:27.914] [modloading-worker-0/INFO] [quark-zeta/]: Constructing module Nether Obsidian Spikes...
[11Mar2025 20:32:27.915] [modloading-worker-0/INFO] [quark-zeta/]: Constructing module New Stone Types...
[11Mar2025 20:32:27.935] [modloading-worker-0/INFO] [quark-zeta/]: Constructing module No Durability On Cosmetics...
[11Mar2025 20:32:27.935] [modloading-worker-0/INFO] [quark-zeta/]: Constructing module No More Lava Pockets...
[11Mar2025 20:32:27.936] [modloading-worker-0/INFO] [quark-zeta/]: Constructing module Obsidian Plate...
[11Mar2025 20:32:27.936] [modloading-worker-0/INFO] [quark-zeta/]: Constructing module Overlay Shader...
[11Mar2025 20:32:27.936] [modloading-worker-0/INFO] [quark-zeta/]: Constructing module Parrot Eggs...
[11Mar2025 20:32:27.936] [modloading-worker-0/ERROR] [zeta/]: Client event interface org.violetmoon.zeta.client.event.load.ZClientSetup was found in a non client only class!
[11Mar2025 20:32:27.937] [modloading-worker-0/INFO] [quark-zeta/]: Constructing module Pat The Dogs...
[11Mar2025 20:32:27.938] [modloading-worker-0/INFO] [quark-zeta/]: Constructing module Pathfinder Maps...
[11Mar2025 20:32:27.946] [modloading-worker-0/INFO] [quark-zeta/]: Constructing module Permafrost...
[11Mar2025 20:32:27.950] [modloading-worker-0/INFO] [quark-zeta/]: Constructing module Petals On Water...
[11Mar2025 20:32:27.955] [modloading-worker-0/INFO] [quark-zeta/]: Constructing module Pickarang...
[11Mar2025 20:32:27.958] [modloading-worker-0/INFO] [quark-zeta/]: Constructing module Pig Litters...
[11Mar2025 20:32:27.959] [modloading-worker-0/INFO] [quark-zeta/]: Constructing module Pipes...
[11Mar2025 20:32:27.962] [modloading-worker-0/INFO] [quark-zeta/]: Constructing module Pistons Move Tile Entities...
[11Mar2025 20:32:27.963] [modloading-worker-0/INFO] [quark-zeta/]: Constructing module Poison Potato Usage...
[11Mar2025 20:32:27.963] [modloading-worker-0/INFO] [quark-zeta/]: Constructing module Quick Armor Swapping...
[11Mar2025 20:32:27.964] [modloading-worker-0/INFO] [quark-zeta/]: Constructing module Rainbow Lamps...
[11Mar2025 20:32:27.964] [modloading-worker-0/INFO] [quark-zeta/]: Constructing module Raw Metal Bricks...
[11Mar2025 20:32:27.981] [modloading-worker-0/INFO] [quark-zeta/]: Constructing module Reacharound Placing...
[11Mar2025 20:32:27.982] [modloading-worker-0/INFO] [quark-zeta/]: Constructing module Redstone Randomizer...
[11Mar2025 20:32:27.983] [modloading-worker-0/INFO] [quark-zeta/]: Constructing module Renewable Spore Blossoms...
[11Mar2025 20:32:27.984] [modloading-worker-0/INFO] [quark-zeta/]: Constructing module Replace Scaffolding...
[11Mar2025 20:32:27.984] [modloading-worker-0/INFO] [quark-zeta/]: Constructing module Rope...
[11Mar2025 20:32:27.986] [modloading-worker-0/INFO] [quark-zeta/]: Constructing module Safer Creatures...
[11Mar2025 20:32:27.986] [modloading-worker-0/INFO] [quark-zeta/]: Constructing module Seed Pouch...
[11Mar2025 20:32:27.994] [modloading-worker-0/INFO] [quark-zeta/]: Constructing module Shear Vines...
[11Mar2025 20:32:28.003] [modloading-worker-0/INFO] [quark-zeta/]: Constructing module Shiba...
[11Mar2025 20:32:28.012] [modloading-worker-0/ERROR] [zeta/]: Client event interface org.violetmoon.zeta.client.event.load.ZClientSetup was found in a non client only class!
[11Mar2025 20:32:28.012] [modloading-worker-0/INFO] [quark-zeta/]: Constructing module Shingles...
[11Mar2025 20:32:28.013] [modloading-worker-0/INFO] [quark-zeta/]: Constructing module Shulker Packing...
[11Mar2025 20:32:28.014] [modloading-worker-0/INFO] [quark-zeta/]: Constructing module Simple Harvest...
[11Mar2025 20:32:28.021] [modloading-worker-0/INFO] [quark-zeta/]: Constructing module Skull Pikes...
[11Mar2025 20:32:28.026] [modloading-worker-0/ERROR] [zeta/]: Client event interface org.violetmoon.zeta.client.event.load.ZClientSetup was found in a non client only class!
[11Mar2025 20:32:28.027] [modloading-worker-0/INFO] [quark-zeta/]: Constructing module Slabs To Blocks...
[11Mar2025 20:32:28.031] [modloading-worker-0/INFO] [quark-zeta/]: Constructing module Slime In A Bucket...
[11Mar2025 20:32:28.036] [modloading-worker-0/INFO] [quark-zeta/]: Constructing module Slimes To Magma Cubes...
[11Mar2025 20:32:28.039] [modloading-worker-0/INFO] [quark-zeta/]: Constructing module Snow Golem Player Heads...
[11Mar2025 20:32:28.040] [modloading-worker-0/INFO] [quark-zeta/]: Constructing module Soul Candles...
[11Mar2025 20:32:28.047] [modloading-worker-0/INFO] [quark-zeta/]: Constructing module Soul Sandstone...
[11Mar2025 20:32:28.047] [modloading-worker-0/INFO] [quark-zeta/]: Constructing module Spawner Replacer...
[11Mar2025 20:32:28.048] [modloading-worker-0/INFO] [quark-zeta/]: Constructing module Spiral Spires...
[11Mar2025 20:32:28.061] [modloading-worker-0/INFO] [quark-zeta/]: Constructing module Stonelings...
[11Mar2025 20:32:28.062] [modloading-worker-0/ERROR] [zeta/]: Client event interface org.violetmoon.zeta.client.event.load.ZClientSetup was found in a non client only class!
[11Mar2025 20:32:28.062] [modloading-worker-0/INFO] [quark-zeta/]: Constructing module Stools...
[11Mar2025 20:32:28.063] [modloading-worker-0/ERROR] [zeta/]: Client event interface org.violetmoon.zeta.client.event.load.ZClientSetup was found in a non client only class!
[11Mar2025 20:32:28.063] [modloading-worker-0/INFO] [quark-zeta/]: Constructing module Sturdy Stone...
[11Mar2025 20:32:28.064] [modloading-worker-0/INFO] [quark-zeta/]: Constructing module Thatch...
[11Mar2025 20:32:28.065] [modloading-worker-0/INFO] [quark-zeta/]: Constructing module Tiny Potato...
[11Mar2025 20:32:28.072] [modloading-worker-0/INFO] [quark-zeta/]: Constructing module Torch Arrow...
[11Mar2025 20:32:28.075] [modloading-worker-0/INFO] [quark-zeta/]: Constructing module Toretoise...
[11Mar2025 20:32:28.078] [modloading-worker-0/ERROR] [zeta/]: Client event interface org.violetmoon.zeta.client.event.load.ZClientSetup was found in a non client only class!
[11Mar2025 20:32:28.078] [modloading-worker-0/INFO] [quark-zeta/]: Constructing module Totem Of Holding...
[11Mar2025 20:32:28.081] [modloading-worker-0/INFO] [quark-zeta/]: Constructing module Trowel...
[11Mar2025 20:32:28.085] [modloading-worker-0/INFO] [quark-zeta/]: Constructing module Usage Ticker...
[11Mar2025 20:32:28.086] [modloading-worker-0/INFO] [quark-zeta/]: Constructing module Uses For Curses...
[11Mar2025 20:32:28.088] [modloading-worker-0/INFO] [quark-zeta/]: Constructing module Utility Recipes...
[11Mar2025 20:32:28.090] [modloading-worker-0/INFO] [quark-zeta/]: Constructing module Variant Animal Textures...
[11Mar2025 20:32:28.091] [modloading-worker-0/INFO] [quark-zeta/]: Constructing module Variant Bookshelves...
[11Mar2025 20:32:28.092] [modloading-worker-0/INFO] [quark-zeta/]: Constructing module Variant Chests...
[11Mar2025 20:32:28.123] [modloading-worker-0/INFO] [quark-zeta/]: Constructing module Variant Furnaces...
[11Mar2025 20:32:28.138] [modloading-worker-0/INFO] [quark-zeta/]: Constructing module Variant Ladders...
[11Mar2025 20:32:28.139] [modloading-worker-0/INFO] [quark-zeta/]: Constructing module Variant Selector...
[11Mar2025 20:32:28.149] [modloading-worker-0/INFO] [quark-zeta/]: Constructing module Vertical Planks...
[11Mar2025 20:32:28.149] [modloading-worker-0/INFO] [quark-zeta/]: Constructing module Vertical Slabs...
[11Mar2025 20:32:28.166] [modloading-worker-0/INFO] [quark-zeta/]: Constructing module Vexes Die With Their Masters...
[11Mar2025 20:32:28.166] [modloading-worker-0/INFO] [quark-zeta/]: Constructing module Villager Rerolling Rework...
[11Mar2025 20:32:28.175] [modloading-worker-0/INFO] [quark-zeta/]: Constructing module Villagers Follow Emeralds...
[11Mar2025 20:32:28.175] [modloading-worker-0/INFO] [quark-zeta/]: Constructing module Wooden Posts...
[11Mar2025 20:32:28.183] [modloading-worker-0/INFO] [quark-zeta/]: Constructing module Wool Shuts Up Minecarts...
[11Mar2025 20:32:28.184] [modloading-worker-0/INFO] [quark-zeta/]: Constructing module Wraith...
[11Mar2025 20:32:28.185] [modloading-worker-0/ERROR] [zeta/]: Client event interface org.violetmoon.zeta.client.event.load.ZClientSetup was found in a non client only class!
[11Mar2025 20:32:28.186] [modloading-worker-0/INFO] [quark-zeta/]: Constructing module Zombie Villagers On Normal...
[11Mar2025 20:32:28.186] [modloading-worker-0/INFO] [quark-zeta/]: Constructing module More Stone Variants...
[11Mar2025 20:32:28.187] [modloading-worker-0/INFO] [quark-zeta/]: Constructed 164 modules.
[11Mar2025 20:32:31.442] [main/INFO] [de.mrjulsen.crn.CreateRailwaysNavigator/]: Custom display sources registered!
[11Mar2025 20:32:32.359] [main/INFO] [Moonlight/]: Initialized block sets in 23ms
[11Mar2025 20:32:32.502] [main/INFO] [Create Deco/]: placard tooltip was null
[11Mar2025 20:32:32.502] [main/INFO] [Create Deco/]: placard tooltip was null
[11Mar2025 20:32:32.503] [main/INFO] [Create Deco/]: placard tooltip was null
[11Mar2025 20:32:32.503] [main/INFO] [Create Deco/]: placard tooltip was null
[11Mar2025 20:32:32.504] [main/INFO] [Create Deco/]: placard tooltip was null
[11Mar2025 20:32:32.504] [main/INFO] [Create Deco/]: placard tooltip was null
[11Mar2025 20:32:32.504] [main/INFO] [Create Deco/]: placard tooltip was null
[11Mar2025 20:32:32.505] [main/INFO] [Create Deco/]: placard tooltip was null
[11Mar2025 20:32:32.505] [main/INFO] [Create Deco/]: placard tooltip was null
[11Mar2025 20:32:32.505] [main/INFO] [Create Deco/]: placard tooltip was null
[11Mar2025 20:32:32.506] [main/INFO] [Create Deco/]: placard tooltip was null
[11Mar2025 20:32:32.506] [main/INFO] [Create Deco/]: placard tooltip was null
[11Mar2025 20:32:32.507] [main/INFO] [Create Deco/]: placard tooltip was null
[11Mar2025 20:32:32.507] [main/INFO] [Create Deco/]: placard tooltip was null
[11Mar2025 20:32:32.508] [main/INFO] [Create Deco/]: placard tooltip was null
[11Mar2025 20:32:32.933] [main/WARN] [net.minecraft.network.syncher.SynchedEntityData/]: defineId called for: class net.minecraft.world.entity.Entity from class it.hurts.octostudios.rarcompat.items.necklace.ScarfOfInvisibilityItem
[11Mar2025 20:32:34.379] [main/WARN] [dev.architectury.registry.registries.forge.RegistrarManagerImpl/]: Registry entry listened Registry Entry [minecraft:entity_type / artifacts:mimic] was not realized!
[11Mar2025 20:32:35.854] [main/INFO] [Easy NPC/]: - Registering Synched Attack Data for EasyNPCBaseEntity.
[11Mar2025 20:32:35.854] [main/WARN] [net.minecraft.network.syncher.SynchedEntityData/]: defineId called for: class de.markusbordihn.easynpc.entity.EasyNPCBaseEntity from interface de.markusbordihn.easynpc.entity.easynpc.data.AttackData
[11Mar2025 20:32:35.854] [main/INFO] [Easy NPC/]: - Registering Synched Attribute Data for EasyNPCBaseEntity.
[11Mar2025 20:32:35.854] [main/WARN] [net.minecraft.network.syncher.SynchedEntityData/]: defineId called for: class de.markusbordihn.easynpc.entity.EasyNPCBaseEntity from interface de.markusbordihn.easynpc.entity.easynpc.data.AttributeData
[11Mar2025 20:32:35.854] [main/INFO] [Easy NPC/]: - Registering Synched Custom Attribute Data for EasyNPCBaseEntity.
[11Mar2025 20:32:35.855] [main/WARN] [net.minecraft.network.syncher.SynchedEntityData/]: defineId called for: class de.markusbordihn.easynpc.entity.EasyNPCBaseEntity from interface de.markusbordihn.easynpc.entity.easynpc.data.CustomAttributeData
[11Mar2025 20:32:35.855] [main/INFO] [Easy NPC/]: - Registering Synched Display Attribute Data for EasyNPCBaseEntity.
[11Mar2025 20:32:35.855] [main/WARN] [net.minecraft.network.syncher.SynchedEntityData/]: defineId called for: class de.markusbordihn.easynpc.entity.EasyNPCBaseEntity from interface de.markusbordihn.easynpc.entity.easynpc.data.DisplayAttributeData
[11Mar2025 20:32:35.855] [main/INFO] [Easy NPC/]: - Registering Synched Navigation Data for EasyNPCBaseEntity.
[11Mar2025 20:32:35.855] [main/WARN] [net.minecraft.network.syncher.SynchedEntityData/]: defineId called for: class de.markusbordihn.easynpc.entity.EasyNPCBaseEntity from interface de.markusbordihn.easynpc.entity.easynpc.data.NavigationData
[11Mar2025 20:32:35.855] [main/INFO] [Easy NPC/]: - Registering Synched Owner Data for EasyNPCBaseEntity.
[11Mar2025 20:32:35.855] [main/WARN] [net.minecraft.network.syncher.SynchedEntityData/]: defineId called for: class de.markusbordihn.easynpc.entity.EasyNPCBaseEntity from interface de.markusbordihn.easynpc.entity.easynpc.data.OwnerData
[11Mar2025 20:32:35.855] [main/INFO] [Easy NPC/]: - Registering Synched Profession Data for EasyNPCBaseEntity.
[11Mar2025 20:32:35.855] [main/WARN] [net.minecraft.network.syncher.SynchedEntityData/]: defineId called for: class de.markusbordihn.easynpc.entity.EasyNPCBaseEntity from interface de.markusbordihn.easynpc.entity.easynpc.data.ProfessionData
[11Mar2025 20:32:35.855] [main/INFO] [Easy NPC/]: - Registering Synched Render Data for EasyNPCBaseEntity.
[11Mar2025 20:32:35.856] [main/WARN] [net.minecraft.network.syncher.SynchedEntityData/]: defineId called for: class de.markusbordihn.easynpc.entity.EasyNPCBaseEntity from interface de.markusbordihn.easynpc.entity.easynpc.data.RenderData
[11Mar2025 20:32:35.856] [main/INFO] [Easy NPC/]: - Registering Synched Skin Data for EasyNPCBaseEntity.
[11Mar2025 20:32:35.856] [main/WARN] [net.minecraft.network.syncher.SynchedEntityData/]: defineId called for: class de.markusbordihn.easynpc.entity.EasyNPCBaseEntity from interface de.markusbordihn.easynpc.entity.easynpc.data.SkinData
[11Mar2025 20:32:35.856] [main/INFO] [Easy NPC/]: - Registering Synched Sound Data for EasyNPCBaseEntity.
[11Mar2025 20:32:35.856] [main/WARN] [net.minecraft.network.syncher.SynchedEntityData/]: defineId called for: class de.markusbordihn.easynpc.entity.EasyNPCBaseEntity from interface de.markusbordihn.easynpc.entity.easynpc.data.SoundData
[11Mar2025 20:32:35.856] [main/INFO] [Easy NPC/]: - Registering Synched Trading Data for EasyNPCBaseEntity.
[11Mar2025 20:32:35.856] [main/WARN] [net.minecraft.network.syncher.SynchedEntityData/]: defineId called for: class de.markusbordihn.easynpc.entity.EasyNPCBaseEntity from interface de.markusbordihn.easynpc.entity.easynpc.data.TradingData
[11Mar2025 20:32:35.856] [main/WARN] [net.minecraft.network.syncher.SynchedEntityData/]: defineId called for: class de.markusbordihn.easynpc.entity.EasyNPCBaseEntity from interface de.markusbordihn.easynpc.entity.easynpc.data.TradingData
[11Mar2025 20:32:35.856] [main/WARN] [net.minecraft.network.syncher.SynchedEntityData/]: defineId called for: class de.markusbordihn.easynpc.entity.EasyNPCBaseEntity from interface de.markusbordihn.easynpc.entity.easynpc.data.TradingData
[11Mar2025 20:32:35.856] [main/INFO] [Easy NPC/]: - Registering Synched Variant Data for EasyNPCBaseEntity.
[11Mar2025 20:32:35.856] [main/WARN] [net.minecraft.network.syncher.SynchedEntityData/]: defineId called for: class de.markusbordihn.easynpc.entity.EasyNPCBaseEntity from interface de.markusbordihn.easynpc.entity.easynpc.data.VariantData
[11Mar2025 20:32:35.857] [main/INFO] [Easy NPC/]: - Registering Synched Model Data for EasyNPCBaseModelEntity.
[11Mar2025 20:32:35.857] [main/WARN] [net.minecraft.network.syncher.SynchedEntityData/]: defineId called for: class de.markusbordihn.easynpc.entity.EasyNPCBaseModelEntity from interface de.markusbordihn.easynpc.entity.easynpc.data.ModelData
[11Mar2025 20:32:35.857] [main/WARN] [net.minecraft.network.syncher.SynchedEntityData/]: defineId called for: class de.markusbordihn.easynpc.entity.EasyNPCBaseModelEntity from interface de.markusbordihn.easynpc.entity.easynpc.data.ModelData
[11Mar2025 20:32:35.857] [main/WARN] [net.minecraft.network.syncher.SynchedEntityData/]: defineId called for: class de.markusbordihn.easynpc.entity.EasyNPCBaseModelEntity from interface de.markusbordihn.easynpc.entity.easynpc.data.ModelData
[11Mar2025 20:32:35.857] [main/WARN] [net.minecraft.network.syncher.SynchedEntityData/]: defineId called for: class de.markusbordihn.easynpc.entity.EasyNPCBaseModelEntity from interface de.markusbordihn.easynpc.entity.easynpc.data.ModelData
[11Mar2025 20:32:35.857] [main/WARN] [net.minecraft.network.syncher.SynchedEntityData/]: defineId called for: class de.markusbordihn.easynpc.entity.EasyNPCBaseModelEntity from interface de.markusbordihn.easynpc.entity.easynpc.data.ModelData
[11Mar2025 20:32:35.857] [main/WARN] [net.minecraft.network.syncher.SynchedEntityData/]: defineId called for: class de.markusbordihn.easynpc.entity.EasyNPCBaseModelEntity from interface de.markusbordihn.easynpc.entity.easynpc.data.ModelData
[11Mar2025 20:32:35.857] [main/WARN] [net.minecraft.network.syncher.SynchedEntityData/]: defineId called for: class de.markusbordihn.easynpc.entity.EasyNPCBaseModelEntity from interface de.markusbordihn.easynpc.entity.easynpc.data.ModelData
[11Mar2025 20:32:35.858] [main/WARN] [net.minecraft.network.syncher.SynchedEntityData/]: defineId called for: class de.markusbordihn.easynpc.entity.EasyNPCBaseModelEntity from interface de.markusbordihn.easynpc.entity.easynpc.data.ModelData
[11Mar2025 20:32:35.858] [main/WARN] [net.minecraft.network.syncher.SynchedEntityData/]: defineId called for: class de.markusbordihn.easynpc.entity.EasyNPCBaseModelEntity from interface de.markusbordihn.easynpc.entity.easynpc.data.ModelData
[11Mar2025 20:32:35.858] [main/WARN] [net.minecraft.network.syncher.SynchedEntityData/]: defineId called for: class de.markusbordihn.easynpc.entity.EasyNPCBaseModelEntity from interface de.markusbordihn.easynpc.entity.easynpc.data.ModelData
[11Mar2025 20:32:35.858] [main/INFO] [Easy NPC/]: - Registering Synched Model Position Data for EasyNPCBaseModelEntity.
[11Mar2025 20:32:35.858] [main/WARN] [net.minecraft.network.syncher.SynchedEntityData/]: defineId called for: class de.markusbordihn.easynpc.entity.EasyNPCBaseModelEntity from interface de.markusbordihn.easynpc.entity.easynpc.data.ModelPositionData
[11Mar2025 20:32:35.858] [main/WARN] [net.minecraft.network.syncher.SynchedEntityData/]: defineId called for: class de.markusbordihn.easynpc.entity.EasyNPCBaseModelEntity from interface de.markusbordihn.easynpc.entity.easynpc.data.ModelPositionData
[11Mar2025 20:32:35.858] [main/WARN] [net.minecraft.network.syncher.SynchedEntityData/]: defineId called for: class de.markusbordihn.easynpc.entity.EasyNPCBaseModelEntity from interface de.markusbordihn.easynpc.entity.easynpc.data.ModelPositionData
[11Mar2025 20:32:35.858] [main/WARN] [net.minecraft.network.syncher.SynchedEntityData/]: defineId called for: class de.markusbordihn.easynpc.entity.EasyNPCBaseModelEntity from interface de.markusbordihn.easynpc.entity.easynpc.data.ModelPositionData
[11Mar2025 20:32:35.858] [main/WARN] [net.minecraft.network.syncher.SynchedEntityData/]: defineId called for: class de.markusbordihn.easynpc.entity.EasyNPCBaseModelEntity from interface de.markusbordihn.easynpc.entity.easynpc.data.ModelPositionData
[11Mar2025 20:32:35.858] [main/WARN] [net.minecraft.network.syncher.SynchedEntityData/]: defineId called for: class de.markusbordihn.easynpc.entity.EasyNPCBaseModelEntity from interface de.markusbordihn.easynpc.entity.easynpc.data.ModelPositionData
[11Mar2025 20:32:35.859] [main/WARN] [net.minecraft.network.syncher.SynchedEntityData/]: defineId called for: class de.markusbordihn.easynpc.entity.EasyNPCBaseModelEntity from interface de.markusbordihn.easynpc.entity.easynpc.data.ModelPositionData
[11Mar2025 20:32:35.859] [main/INFO] [Easy NPC/]: - Registering Synched Model Rotation Data for EasyNPCBaseModelEntity.
[11Mar2025 20:32:35.859] [main/WARN] [net.minecraft.network.syncher.SynchedEntityData/]: defineId called for: class de.markusbordihn.easynpc.entity.EasyNPCBaseModelEntity from interface de.markusbordihn.easynpc.entity.easynpc.data.ModelRotationData
[11Mar2025 20:32:35.859] [main/WARN] [net.minecraft.network.syncher.SynchedEntityData/]: defineId called for: class de.markusbordihn.easynpc.entity.EasyNPCBaseModelEntity from interface de.markusbordihn.easynpc.entity.easynpc.data.ModelRotationData
[11Mar2025 20:32:35.859] [main/WARN] [net.minecraft.network.syncher.SynchedEntityData/]: defineId called for: class de.markusbordihn.easynpc.entity.EasyNPCBaseModelEntity from interface de.markusbordihn.easynpc.entity.easynpc.data.ModelRotationData
[11Mar2025 20:32:35.859] [main/WARN] [net.minecraft.network.syncher.SynchedEntityData/]: defineId called for: class de.markusbordihn.easynpc.entity.EasyNPCBaseModelEntity from interface de.markusbordihn.easynpc.entity.easynpc.data.ModelRotationData
[11Mar2025 20:32:35.859] [main/WARN] [net.minecraft.network.syncher.SynchedEntityData/]: defineId called for: class de.markusbordihn.easynpc.entity.EasyNPCBaseModelEntity from interface de.markusbordihn.easynpc.entity.easynpc.data.ModelRotationData
[11Mar2025 20:32:35.859] [main/WARN] [net.minecraft.network.syncher.SynchedEntityData/]: defineId called for: class de.markusbordihn.easynpc.entity.EasyNPCBaseModelEntity from interface de.markusbordihn.easynpc.entity.easynpc.data.ModelRotationData
[11Mar2025 20:32:35.859] [main/WARN] [net.minecraft.network.syncher.SynchedEntityData/]: defineId called for: class de.markusbordihn.easynpc.entity.EasyNPCBaseModelEntity from interface de.markusbordihn.easynpc.entity.easynpc.data.ModelRotationData
[11Mar2025 20:32:35.859] [main/WARN] [net.minecraft.network.syncher.SynchedEntityData/]: defineId called for: class de.markusbordihn.easynpc.entity.EasyNPCBaseModelEntity from interface de.markusbordihn.easynpc.entity.easynpc.data.ModelRotationData
[11Mar2025 20:32:35.860] [main/WARN] [net.minecraft.network.syncher.SynchedEntityData/]: defineId called for: class de.markusbordihn.easynpc.entity.EasyNPCBaseModelEntity from interface de.markusbordihn.easynpc.entity.easynpc.data.ModelRotationData
[11Mar2025 20:32:35.860] [main/INFO] [Easy NPC/]: - Registering Synched Model Visibility Data for EasyNPCBaseModelEntity.
[11Mar2025 20:32:35.860] [main/WARN] [net.minecraft.network.syncher.SynchedEntityData/]: defineId called for: class de.markusbordihn.easynpc.entity.EasyNPCBaseModelEntity from interface de.markusbordihn.easynpc.entity.easynpc.data.ModelVisibilityData
[11Mar2025 20:32:35.860] [main/WARN] [net.minecraft.network.syncher.SynchedEntityData/]: defineId called for: class de.markusbordihn.easynpc.entity.EasyNPCBaseModelEntity from interface de.markusbordihn.easynpc.entity.easynpc.data.ModelVisibilityData
[11Mar2025 20:32:35.860] [main/WARN] [net.minecraft.network.syncher.SynchedEntityData/]: defineId called for: class de.markusbordihn.easynpc.entity.EasyNPCBaseModelEntity from interface de.markusbordihn.easynpc.entity.easynpc.data.ModelVisibilityData
[11Mar2025 20:32:35.860] [main/WARN] [net.minecraft.network.syncher.SynchedEntityData/]: defineId called for: class de.markusbordihn.easynpc.entity.EasyNPCBaseModelEntity from interface de.markusbordihn.easynpc.entity.easynpc.data.ModelVisibilityData
[11Mar2025 20:32:35.860] [main/WARN] [net.minecraft.network.syncher.SynchedEntityData/]: defineId called for: class de.markusbordihn.easynpc.entity.EasyNPCBaseModelEntity from interface de.markusbordihn.easynpc.entity.easynpc.data.ModelVisibilityData
[11Mar2025 20:32:35.860] [main/WARN] [net.minecraft.network.syncher.SynchedEntityData/]: defineId called for: class de.markusbordihn.easynpc.entity.EasyNPCBaseModelEntity from interface de.markusbordihn.easynpc.entity.easynpc.data.ModelVisibilityData
[11Mar2025 20:32:35.860] [main/WARN] [net.minecraft.network.syncher.SynchedEntityData/]: defineId called for: class de.markusbordihn.easynpc.entity.EasyNPCBaseModelEntity from interface de.markusbordihn.easynpc.entity.easynpc.data.ModelVisibilityData
[11Mar2025 20:32:35.860] [main/WARN] [net.minecraft.network.syncher.SynchedEntityData/]: defineId called for: class de.markusbordihn.easynpc.entity.EasyNPCBaseModelEntity from interface de.markusbordihn.easynpc.entity.easynpc.data.ModelVisibilityData
[11Mar2025 20:32:35.861] [main/WARN] [net.minecraft.network.syncher.SynchedEntityData/]: defineId called for: class de.markusbordihn.easynpc.entity.EasyNPCBaseModelEntity from interface de.markusbordihn.easynpc.entity.easynpc.data.ModelVisibilityData
[11Mar2025 20:32:35.861] [main/WARN] [net.minecraft.network.syncher.SynchedEntityData/]: defineId called for: class de.markusbordihn.easynpc.entity.EasyNPCBaseModelEntity from interface de.markusbordihn.easynpc.entity.easynpc.data.ModelVisibilityData
[11Mar2025 20:32:35.861] [main/WARN] [net.minecraft.network.syncher.SynchedEntityData/]: defineId called for: class de.markusbordihn.easynpc.entity.EasyNPCBaseModelEntity from interface de.markusbordihn.easynpc.entity.easynpc.data.ModelVisibilityData
[11Mar2025 20:32:35.861] [main/INFO] [Easy NPC/]: - Registering Synched Scale Data for EasyNPCBaseModelEntity.
[11Mar2025 20:32:35.861] [main/WARN] [net.minecraft.network.syncher.SynchedEntityData/]: defineId called for: class de.markusbordihn.easynpc.entity.EasyNPCBaseModelEntity from interface de.markusbordihn.easynpc.entity.easynpc.data.ScaleData
[11Mar2025 20:32:35.861] [main/WARN] [net.minecraft.network.syncher.SynchedEntityData/]: defineId called for: class de.markusbordihn.easynpc.entity.EasyNPCBaseModelEntity from interface de.markusbordihn.easynpc.entity.easynpc.data.ScaleData
[11Mar2025 20:32:35.861] [main/WARN] [net.minecraft.network.syncher.SynchedEntityData/]: defineId called for: class de.markusbordihn.easynpc.entity.EasyNPCBaseModelEntity from interface de.markusbordihn.easynpc.entity.easynpc.data.ScaleData
[11Mar2025 20:32:35.960] [main/WARN] [net.minecraft.network.syncher.SynchedEntityData/]: defineId called for: class net.mcreator.borninchaosv.entity.BabySpiderEntity from class net.mcreator.borninchaosv.entity.MotherSpiderEntity
[11Mar2025 20:32:35.972] [main/WARN] [net.minecraft.network.syncher.SynchedEntityData/]: defineId called for: class com.github.alexmodguy.alexscaves.server.entity.living.TremorzillaEntity from class com.github.alexmodguy.alexscaves.server.entity.living.LicowitchEntity
[11Mar2025 20:32:36.242] [main/INFO] [zeta/]: 'zeta' is enabling Zeta's piston structure resolver.
[11Mar2025 20:32:36.293] [modloading-worker-0/INFO] [com.connectivity.Connectivity/]: Connectivity initialized
[11Mar2025 20:32:36.335] [modloading-worker-0/INFO] [necronomicon/]: File exists, reading config for elocindev.item_obliterator.forge.config.ConfigEntries.
[11Mar2025 20:32:36.340] [modloading-worker-0/INFO] [necronomicon/]: Config for elocindev.item_obliterator.forge.config.ConfigEntries read successfully.
[11Mar2025 20:32:36.345] [modloading-worker-0/INFO] [elocindev.item_obliterator.forge.ItemObliterator/]: Loaded Item Obliterator Config
[11Mar2025 20:32:36.399] [modloading-worker-0/INFO] [com.dragonfight.DragonfightMod/]: dragonfight mod initialized
[11Mar2025 20:32:36.732] [modloading-worker-0/INFO] [de.mrjulsen.crn.CreateRailwaysNavigator/]: Welcome to the CREATE RAILWAYS NAVIGATOR mod by MRJULSEN.
[11Mar2025 20:32:36.739] [modloading-worker-0/INFO] [voicechat/]: [voicechat] Compatibility version 18
[11Mar2025 20:32:36.740] [Forge Version Check/INFO] [net.minecraftforge.fml.VersionChecker/]: [bookshelf] Starting version check at https://updates.blamejared.com/get?n=bookshelf&gv=1.20.1
[11Mar2025 20:32:36.804] [modloading-worker-0/INFO] [CPM/]: Customizable Player Models Initialized
[11Mar2025 20:32:36.870] [modloading-worker-0/INFO] [voicechat/]: [voicechat] Loading plugins
[11Mar2025 20:32:36.888] [modloading-worker-0/INFO] [voicechat/]: [voicechat] Loaded 0 plugin(s)
[11Mar2025 20:32:36.888] [modloading-worker-0/INFO] [voicechat/]: [voicechat] Initializing plugins
[11Mar2025 20:32:36.889] [modloading-worker-0/INFO] [voicechat/]: [voicechat] Initialized 0 plugin(s)
[11Mar2025 20:32:36.907] [modloading-worker-0/INFO] [mediumcore/]: Created game rule mediumcoreMode
[11Mar2025 20:32:37.396] [main/INFO] [Easy NPC/]: 🗣 Register Easy NPC Network Handler for net.minecraftforge.network.simple.SimpleChannel@5080a852 with version 23
[11Mar2025 20:32:37.398] [main/INFO] [Easy NPC/]: 🗣 Register Easy NPC Network Handler ...
[11Mar2025 20:32:37.398] [main/INFO] [Easy NPC/]: Registering network messages for BOTH side ...
[11Mar2025 20:32:37.400] [main/INFO] [Easy NPC/]: [NetworkHandler] Registering client network message ExportClientPresetMessage with easy_npc:preset_export_client (0)
[11Mar2025 20:32:37.401] [main/INFO] [Easy NPC/]: [NetworkHandler] Registering client network message OpenMenuCallbackMessage with easy_npc:open_menu_callback_message (1)
[11Mar2025 20:32:37.402] [main/INFO] [Easy NPC/]: [NetworkHandler] Registering client network message SyncDataMessage with easy_npc:sync_data (2)
[11Mar2025 20:32:37.403] [main/INFO] [Easy NPC/]: [NetworkHandler] Registering server network message AddOrUpdateObjectiveMessage with easy_npc:add_objective (3)
[11Mar2025 20:32:37.404] [main/INFO] [Easy NPC/]: [NetworkHandler] Registering server network message ChangeActionEventMessage with easy_npc:change_action_event (4)
[11Mar2025 20:32:37.406] [main/INFO] [Easy NPC/]: [NetworkHandler] Registering server network message ChangeAdvancedTradingMessage with easy_npc:change_advanced_trading (5)
[11Mar2025 20:32:37.407] [main/INFO] [Easy NPC/]: [NetworkHandler] Registering server network message ChangeBasicTradingMessage with easy_npc:change_basic_trading (6)
[11Mar2025 20:32:37.408] [main/INFO] [Easy NPC/]: [NetworkHandler] Registering server network message ChangeCombatAttributeMessage with easy_npc:change_combat_attribute (7)
[11Mar2025 20:32:37.410] [main/INFO] [Easy NPC/]: [NetworkHandler] Registering server network message ChangeDisplayAttributeMessage with easy_npc:change_display_attribute (8)
[11Mar2025 20:32:37.411] [main/INFO] [Easy NPC/]: [NetworkHandler] Registering server network message ChangeEntityAttributeMessage with easy_npc:change_entity_attribute (9)
[11Mar2025 20:32:37.412] [main/INFO] [Easy NPC/]: [NetworkHandler] Registering server network message ChangeEntityBaseAttributeMessage with easy_npc:change_entity_base_attribute (10)
[11Mar2025 20:32:37.413] [main/INFO] [Easy NPC/]: [NetworkHandler] Registering server network message ChangeEnvironmentalAttributeMessage with easy_npc:change_environmental_attribute (11)
[11Mar2025 20:32:37.415] [main/INFO] [Easy NPC/]: [NetworkHandler] Registering server network message ChangeInteractionAttributeMessage with easy_npc:change_interaction_attribute (12)
[11Mar2025 20:32:37.416] [main/INFO] [Easy NPC/]: [NetworkHandler] Registering server network message ChangeModelEquipmentVisibilityMessage with easy_npc:change_model_equipment_visibility (13)
[11Mar2025 20:32:37.417] [main/INFO] [Easy NPC/]: [NetworkHandler] Registering server network message ChangeModelLockRotationMessage with easy_npc:change_model_lock_rotation (14)
[11Mar2025 20:32:37.418] [main/INFO] [Easy NPC/]: [NetworkHandler] Registering server network message ChangeModelPoseMessage with easy_npc:change_model_pose (15)
[11Mar2025 20:32:37.420] [main/INFO] [Easy NPC/]: [NetworkHandler] Registering server network message ChangeModelPositionMessage with easy_npc:change_model_position (16)
[11Mar2025 20:32:37.421] [main/INFO] [Easy NPC/]: [NetworkHandler] Registering server network message ChangeModelRotationMessage with easy_npc:change_model_rotation (17)
[11Mar2025 20:32:37.422] [main/INFO] [Easy NPC/]: [NetworkHandler] Registering server network message ChangeModelVisibilityMessage with easy_npc:change_model_visibility (18)
[11Mar2025 20:32:37.423] [main/INFO] [Easy NPC/]: [NetworkHandler] Registering server network message ChangeMovementAttributeMessage with easy_npc:change_movement_attribute (19)
[11Mar2025 20:32:37.425] [main/INFO] [Easy NPC/]: [NetworkHandler] Registering server network message ChangeNameMessage with easy_npc:change_name (20)
[11Mar2025 20:32:37.426] [main/INFO] [Easy NPC/]: [NetworkHandler] Registering server network message ChangePoseMessage with easy_npc:change_pose (21)
[11Mar2025 20:32:37.427] [main/INFO] [Easy NPC/]: [NetworkHandler] Registering server network message ChangePositionMessage with easy_npc:change_position (22)
[11Mar2025 20:32:37.428] [main/INFO] [Easy NPC/]: [NetworkHandler] Registering server network message ChangeProfessionMessage with easy_npc:change_profession (23)
[11Mar2025 20:32:37.430] [main/INFO] [Easy NPC/]: [NetworkHandler] Registering server network message ChangeRendererMessage with easy_npc:change_renderer (24)
[11Mar2025 20:32:37.432] [main/INFO] [Easy NPC/]: [NetworkHandler] Registering server network message ChangeScaleMessage with easy_npc:change_scale (25)
[11Mar2025 20:32:37.435] [main/INFO] [Easy NPC/]: [NetworkHandler] Registering server network message ChangeSkinMessage with easy_npc:change_skin (26)
[11Mar2025 20:32:37.438] [Forge Version Check/INFO] [net.minecraftforge.fml.VersionChecker/]: [bookshelf] Found status: BETA Current: 20.2.13 Target: 20.2.13
[11Mar2025 20:32:37.439] [Forge Version Check/INFO] [net.minecraftforge.fml.VersionChecker/]: [refurbished_furniture] Starting version check at https://mrcrayfish.com/api/mod_update/forge/refurbished_furniture
[11Mar2025 20:32:37.439] [main/INFO] [Easy NPC/]: [NetworkHandler] Registering server network message ChangeSpawnerSettingMessage with easy_npc:change_spawner_settings (27)
[11Mar2025 20:32:37.442] [main/INFO] [Easy NPC/]: [NetworkHandler] Registering server network message ChangeTradingTypeMessage with easy_npc:change_trading_type (28)
[11Mar2025 20:32:37.443] [main/INFO] [Easy NPC/]: [NetworkHandler] Registering server network message ExecuteActionEventMessage with easy_npc:trigger_action_event (29)
[11Mar2025 20:32:37.445] [main/INFO] [Easy NPC/]: [NetworkHandler] Registering server network message ExecuteDialogButtonActionMessage with easy_npc:dialog_button_action (30)
[11Mar2025 20:32:37.447] [main/INFO] [Easy NPC/]: [NetworkHandler] Registering server network message ExportPresetMessage with easy_npc:export_preset (31)
[11Mar2025 20:32:37.449] [main/INFO] [Easy NPC/]: [NetworkHandler] Registering server network message ExportWorldPresetMessage with easy_npc:export_world_preset (32)
[11Mar2025 20:32:37.451] [main/INFO] [Easy NPC/]: [NetworkHandler] Registering server network message ImportPresetMessage with easy_npc:import_preset (33)
[11Mar2025 20:32:37.452] [main/INFO] [Easy NPC/]: [NetworkHandler] Registering server network message OpenActionDataEditorMessage with easy_npc:open_action_data_editor (34)
[11Mar2025 20:32:37.454] [main/INFO] [Easy NPC/]: [NetworkHandler] Registering server network message OpenActionDataEntryEditorMessage with easy_npc:open_action_data_entry_editor (35)
[11Mar2025 20:32:37.455] [main/INFO] [Easy NPC/]: [NetworkHandler] Registering server network message OpenConfigurationMessage with easy_npc:open_configuration_screen (36)
[11Mar2025 20:32:37.457] [main/INFO] [Easy NPC/]: [NetworkHandler] Registering server network message OpenDialogButtonEditorMessage with easy_npc:open_dialog_button_editor (37)
[11Mar2025 20:32:37.458] [main/INFO] [Easy NPC/]: [NetworkHandler] Registering server network message OpenDialogEditorMessage with easy_npc:open_dialog_editor (38)
[11Mar2025 20:32:37.459] [main/INFO] [Easy NPC/]: [NetworkHandler] Registering server network message OpenMenuMessage with easy_npc:open_menu_message (39)
[11Mar2025 20:32:37.460] [main/INFO] [Easy NPC/]: [NetworkHandler] Registering server network message OpenDialogTextEditorMessage with easy_npc:open_dialog_text_editor (40)
[11Mar2025 20:32:37.462] [main/INFO] [Easy NPC/]: [NetworkHandler] Registering server network message RemoveDialogButtonMessage with easy_npc:remove_dialog_button (41)
[11Mar2025 20:32:37.463] [main/INFO] [Easy NPC/]: [NetworkHandler] Registering server network message RemoveDialogMessage with easy_npc:remove_dialog (42)
[11Mar2025 20:32:37.464] [main/INFO] [Easy NPC/]: [NetworkHandler] Registering server network message RemoveNPCMessage with easy_npc:remove_npc (43)
[11Mar2025 20:32:37.465] [main/INFO] [Easy NPC/]: [NetworkHandler] Registering server network message RemoveObjectiveMessage with easy_npc:remove_objective (44)
[11Mar2025 20:32:37.466] [main/INFO] [Easy NPC/]: [NetworkHandler] Registering server network message RequestDataSyncMessage with easy_npc:request_data_sync (45)
[11Mar2025 20:32:37.468] [main/INFO] [Easy NPC/]: [NetworkHandler] Registering server network message RespawnNPCMessage with easy_npc:respawn_npc (46)
[11Mar2025 20:32:37.470] [main/INFO] [Easy NPC/]: [NetworkHandler] Registering server network message SaveDialogButtonMessage with easy_npc:save_dialog_button (47)
[11Mar2025 20:32:37.471] [main/INFO] [Easy NPC/]: [NetworkHandler] Registering server network message SaveDialogMessage with easy_npc:save_dialog (48)
[11Mar2025 20:32:37.472] [main/INFO] [Easy NPC/]: [NetworkHandler] Registering server network message SaveDialogSetMessage with easy_npc:save_dialog_set (49)
[11Mar2025 20:32:37.701] [main/INFO] [Framework/SYNCED_ENTITY_DATA]: Registered synced data key refurbished_furniture:lock_yaw for refurbished_furniture:seat
[11Mar2025 20:32:37.722] [main/INFO] [Biomancy/ModsCompatHandler]: Setup Alex's Caves compat...
[11Mar2025 20:32:37.755] [main/INFO] [journeymap/]: Initializing Packet Registries
[11Mar2025 20:32:37.838] [Forge Version Check/INFO] [net.minecraftforge.fml.VersionChecker/]: [refurbished_furniture] Found status: BETA Current: 1.0.12 Target: 1.0.12
[11Mar2025 20:32:37.838] [Forge Version Check/INFO] [net.minecraftforge.fml.VersionChecker/]: [biomancy] Starting version check at https://api.modrinth.com/updates/uAAuyU4M/forge_updates.json
[11Mar2025 20:32:37.873] [main/INFO] [Moonlight/]: Initialized color sets in 64ms
[11Mar2025 20:32:37.946] [main/INFO] [terrablender/]: Registered region minecraft:overworld to index 0 for type OVERWORLD
[11Mar2025 20:32:37.946] [main/INFO] [terrablender/]: Registered region minecraft:nether to index 0 for type NETHER
[11Mar2025 20:32:37.946] [main/INFO] [terrablender/]: Registered region quark:biome_provider to index 1 for type OVERWORLD
[11Mar2025 20:32:38.028] [main/INFO] [Supplementaries/]: Finished mod setup in: [37, 2, 0, 0, 0, 0, 14, 6, 1] ms
[11Mar2025 20:32:38.053] [Forge Version Check/INFO] [net.minecraftforge.fml.VersionChecker/]: [biomancy] Found status: BETA Current: 2.8.19.0 Target: 2.8.19.0
[11Mar2025 20:32:38.053] [Forge Version Check/INFO] [net.minecraftforge.fml.VersionChecker/]: [framework] Starting version check at https://mrcrayfish.com/modupdatejson?id=framework
[11Mar2025 20:32:38.063] [modloading-worker-0/INFO] [CPM/]: Customizable Player Models API initialized: Loaded plugins: (0)

[11Mar2025 20:32:38.073] [modloading-worker-0/INFO] [io.redspace.ironsspellbooks.IronsSpellbooks/]: Got IMC []
[11Mar2025 20:32:38.350] [main/ERROR] [net.minecraft.Util/]: Entity illageandspillage:bone has no attributes
[11Mar2025 20:32:38.350] [main/ERROR] [net.minecraft.Util/]: Entity illageandspillage:axe has no attributes
[11Mar2025 20:32:38.351] [main/ERROR] [net.minecraft.Util/]: Entity illageandspillage:bone has no attributes
[11Mar2025 20:32:38.351] [main/ERROR] [net.minecraft.Util/]: Entity illageandspillage:axe has no attributes
[11Mar2025 20:32:38.352] [main/ERROR] [net.minecraft.Util/]: Entity illageandspillage:bone has no attributes
[11Mar2025 20:32:38.352] [main/ERROR] [net.minecraft.Util/]: Entity illageandspillage:axe has no attributes
[11Mar2025 20:32:38.353] [main/ERROR] [net.minecraft.Util/]: Entity illageandspillage:bone has no attributes
[11Mar2025 20:32:38.353] [main/ERROR] [net.minecraft.Util/]: Entity illageandspillage:axe has no attributes
[11Mar2025 20:32:38.354] [main/ERROR] [net.minecraft.Util/]: Entity illageandspillage:bone has no attributes
[11Mar2025 20:32:38.354] [main/ERROR] [net.minecraft.Util/]: Entity illageandspillage:axe has no attributes
[11Mar2025 20:32:38.355] [main/ERROR] [net.minecraft.Util/]: Entity illageandspillage:bone has no attributes
[11Mar2025 20:32:38.355] [main/ERROR] [net.minecraft.Util/]: Entity illageandspillage:axe has no attributes
[11Mar2025 20:32:38.356] [main/ERROR] [net.minecraft.Util/]: Entity illageandspillage:bone has no attributes
[11Mar2025 20:32:38.356] [main/ERROR] [net.minecraft.Util/]: Entity illageandspillage:axe has no attributes
[11Mar2025 20:32:38.357] [main/ERROR] [net.minecraft.Util/]: Entity illageandspillage:bone has no attributes
[11Mar2025 20:32:38.357] [main/ERROR] [net.minecraft.Util/]: Entity illageandspillage:axe has no attributes
[11Mar2025 20:32:38.358] [main/ERROR] [net.minecraft.Util/]: Entity illageandspillage:bone has no attributes
[11Mar2025 20:32:38.358] [main/ERROR] [net.minecraft.Util/]: Entity illageandspillage:axe has no attributes
[11Mar2025 20:32:38.359] [main/ERROR] [net.minecraft.Util/]: Entity illageandspillage:bone has no attributes
[11Mar2025 20:32:38.359] [main/ERROR] [net.minecraft.Util/]: Entity illageandspillage:axe has no attributes
[11Mar2025 20:32:38.360] [main/ERROR] [net.minecraft.Util/]: Entity illageandspillage:bone has no attributes
[11Mar2025 20:32:38.360] [main/ERROR] [net.minecraft.Util/]: Entity illageandspillage:axe has no attributes
[11Mar2025 20:32:38.361] [main/ERROR] [net.minecraft.Util/]: Entity illageandspillage:bone has no attributes
[11Mar2025 20:32:38.361] [main/ERROR] [net.minecraft.Util/]: Entity illageandspillage:axe has no attributes
[11Mar2025 20:32:38.362] [main/ERROR] [net.minecraft.Util/]: Entity illageandspillage:bone has no attributes
[11Mar2025 20:32:38.362] [main/ERROR] [net.minecraft.Util/]: Entity illageandspillage:axe has no attributes
[11Mar2025 20:32:38.363] [main/ERROR] [net.minecraft.Util/]: Entity illageandspillage:bone has no attributes
[11Mar2025 20:32:38.363] [main/ERROR] [net.minecraft.Util/]: Entity illageandspillage:axe has no attributes
[11Mar2025 20:32:38.364] [main/ERROR] [net.minecraft.Util/]: Entity illageandspillage:bone has no attributes
[11Mar2025 20:32:38.364] [main/ERROR] [net.minecraft.Util/]: Entity illageandspillage:axe has no attributes
[11Mar2025 20:32:38.365] [main/ERROR] [net.minecraft.Util/]: Entity illageandspillage:bone has no attributes
[11Mar2025 20:32:38.365] [main/ERROR] [net.minecraft.Util/]: Entity illageandspillage:axe has no attributes
[11Mar2025 20:32:38.366] [main/ERROR] [net.minecraft.Util/]: Entity illageandspillage:bone has no attributes
[11Mar2025 20:32:38.366] [main/ERROR] [net.minecraft.Util/]: Entity illageandspillage:axe has no attributes
[11Mar2025 20:32:38.367] [main/ERROR] [net.minecraft.Util/]: Entity illageandspillage:bone has no attributes
[11Mar2025 20:32:38.367] [main/ERROR] [net.minecraft.Util/]: Entity illageandspillage:axe has no attributes
[11Mar2025 20:32:38.368] [main/ERROR] [net.minecraft.Util/]: Entity illageandspillage:bone has no attributes
[11Mar2025 20:32:38.368] [main/ERROR] [net.minecraft.Util/]: Entity illageandspillage:axe has no attributes
[11Mar2025 20:32:38.369] [main/ERROR] [net.minecraft.Util/]: Entity illageandspillage:bone has no attributes
[11Mar2025 20:32:38.369] [main/ERROR] [net.minecraft.Util/]: Entity illageandspillage:axe has no attributes
[11Mar2025 20:32:38.370] [main/ERROR] [net.minecraft.Util/]: Entity illageandspillage:bone has no attributes
[11Mar2025 20:32:38.370] [main/ERROR] [net.minecraft.Util/]: Entity illageandspillage:axe has no attributes
[11Mar2025 20:32:38.371] [main/ERROR] [net.minecraft.Util/]: Entity illageandspillage:bone has no attributes
[11Mar2025 20:32:38.371] [main/ERROR] [net.minecraft.Util/]: Entity illageandspillage:axe has no attributes
[11Mar2025 20:32:38.372] [main/ERROR] [net.minecraft.Util/]: Entity illageandspillage:bone has no attributes
[11Mar2025 20:32:38.372] [main/ERROR] [net.minecraft.Util/]: Entity illageandspillage:axe has no attributes
[11Mar2025 20:32:38.373] [main/ERROR] [net.minecraft.Util/]: Entity illageandspillage:bone has no attributes
[11Mar2025 20:32:38.373] [main/ERROR] [net.minecraft.Util/]: Entity illageandspillage:axe has no attributes
[11Mar2025 20:32:38.374] [main/ERROR] [net.minecraft.Util/]: Entity illageandspillage:bone has no attributes
[11Mar2025 20:32:38.374] [main/ERROR] [net.minecraft.Util/]: Entity illageandspillage:axe has no attributes
[11Mar2025 20:32:38.375] [main/ERROR] [net.minecraft.Util/]: Entity illageandspillage:bone has no attributes
[11Mar2025 20:32:38.375] [main/ERROR] [net.minecraft.Util/]: Entity illageandspillage:axe has no attributes
[11Mar2025 20:32:38.375] [main/ERROR] [net.minecraft.Util/]: Entity illageandspillage:bone has no attributes
[11Mar2025 20:32:38.376] [main/ERROR] [net.minecraft.Util/]: Entity illageandspillage:axe has no attributes
[11Mar2025 20:32:38.376] [main/ERROR] [net.minecraft.Util/]: Entity illageandspillage:bone has no attributes
[11Mar2025 20:32:38.377] [main/ERROR] [net.minecraft.Util/]: Entity illageandspillage:axe has no attributes
[11Mar2025 20:32:38.377] [main/ERROR] [net.minecraft.Util/]: Entity illageandspillage:bone has no attributes
[11Mar2025 20:32:38.377] [main/ERROR] [net.minecraft.Util/]: Entity illageandspillage:axe has no attributes
[11Mar2025 20:32:38.378] [main/ERROR] [net.minecraft.Util/]: Entity illageandspillage:bone has no attributes
[11Mar2025 20:32:38.378] [main/ERROR] [net.minecraft.Util/]: Entity illageandspillage:axe has no attributes
[11Mar2025 20:32:38.379] [main/ERROR] [net.minecraft.Util/]: Entity illageandspillage:bone has no attributes
[11Mar2025 20:32:38.379] [main/ERROR] [net.minecraft.Util/]: Entity illageandspillage:axe has no attributes
[11Mar2025 20:32:38.380] [main/ERROR] [net.minecraft.Util/]: Entity illageandspillage:bone has no attributes
[11Mar2025 20:32:38.380] [main/ERROR] [net.minecraft.Util/]: Entity illageandspillage:axe has no attributes
[11Mar2025 20:32:38.381] [main/ERROR] [net.minecraft.Util/]: Entity illageandspillage:bone has no attributes
[11Mar2025 20:32:38.381] [main/ERROR] [net.minecraft.Util/]: Entity illageandspillage:axe has no attributes
[11Mar2025 20:32:38.382] [main/ERROR] [net.minecraft.Util/]: Entity illageandspillage:bone has no attributes
[11Mar2025 20:32:38.382] [main/ERROR] [net.minecraft.Util/]: Entity illageandspillage:axe has no attributes
[11Mar2025 20:32:38.382] [main/ERROR] [net.minecraft.Util/]: Entity illageandspillage:bone has no attributes
[11Mar2025 20:32:38.383] [main/ERROR] [net.minecraft.Util/]: Entity illageandspillage:axe has no attributes
[11Mar2025 20:32:38.383] [main/ERROR] [net.minecraft.Util/]: Entity illageandspillage:bone has no attributes
[11Mar2025 20:32:38.384] [main/ERROR] [net.minecraft.Util/]: Entity illageandspillage:axe has no attributes
[11Mar2025 20:32:38.384] [main/ERROR] [net.minecraft.Util/]: Entity illageandspillage:bone has no attributes
[11Mar2025 20:32:38.385] [main/ERROR] [net.minecraft.Util/]: Entity illageandspillage:axe has no attributes
[11Mar2025 20:32:38.385] [main/ERROR] [net.minecraft.Util/]: Entity illageandspillage:bone has no attributes
[11Mar2025 20:32:38.385] [main/ERROR] [net.minecraft.Util/]: Entity illageandspillage:axe has no attributes
[11Mar2025 20:32:38.386] [main/ERROR] [net.minecraft.Util/]: Entity illageandspillage:bone has no attributes
[11Mar2025 20:32:38.387] [main/ERROR] [net.minecraft.Util/]: Entity illageandspillage:axe has no attributes
[11Mar2025 20:32:38.388] [main/ERROR] [net.minecraft.Util/]: Entity illageandspillage:bone has no attributes
[11Mar2025 20:32:38.388] [main/ERROR] [net.minecraft.Util/]: Entity illageandspillage:axe has no attributes
[11Mar2025 20:32:38.389] [main/ERROR] [net.minecraft.Util/]: Entity illageandspillage:bone has no attributes
[11Mar2025 20:32:38.389] [main/ERROR] [net.minecraft.Util/]: Entity illageandspillage:axe has no attributes
[11Mar2025 20:32:38.390] [main/ERROR] [net.minecraft.Util/]: Entity illageandspillage:bone has no attributes
[11Mar2025 20:32:38.390] [main/ERROR] [net.minecraft.Util/]: Entity illageandspillage:axe has no attributes
[11Mar2025 20:32:38.391] [main/ERROR] [net.minecraft.Util/]: Entity illageandspillage:bone has no attributes
[11Mar2025 20:32:38.392] [main/ERROR] [net.minecraft.Util/]: Entity illageandspillage:axe has no attributes
[11Mar2025 20:32:38.392] [main/ERROR] [net.minecraft.Util/]: Entity illageandspillage:bone has no attributes
[11Mar2025 20:32:38.393] [main/ERROR] [net.minecraft.Util/]: Entity illageandspillage:axe has no attributes
[11Mar2025 20:32:38.393] [main/ERROR] [net.minecraft.Util/]: Entity illageandspillage:bone has no attributes
[11Mar2025 20:32:38.394] [main/ERROR] [net.minecraft.Util/]: Entity illageandspillage:axe has no attributes
[11Mar2025 20:32:38.395] [main/ERROR] [net.minecraft.Util/]: Entity illageandspillage:bone has no attributes
[11Mar2025 20:32:38.395] [main/ERROR] [net.minecraft.Util/]: Entity illageandspillage:axe has no attributes
[11Mar2025 20:32:38.396] [main/ERROR] [net.minecraft.Util/]: Entity illageandspillage:bone has no attributes
[11Mar2025 20:32:38.397] [main/ERROR] [net.minecraft.Util/]: Entity illageandspillage:axe has no attributes
[11Mar2025 20:32:38.398] [main/ERROR] [net.minecraft.Util/]: Entity illageandspillage:bone has no attributes
[11Mar2025 20:32:38.398] [main/ERROR] [net.minecraft.Util/]: Entity illageandspillage:axe has no attributes
[11Mar2025 20:32:38.399] [main/ERROR] [net.minecraft.Util/]: Entity illageandspillage:bone has no attributes
[11Mar2025 20:32:38.399] [main/ERROR] [net.minecraft.Util/]: Entity illageandspillage:axe has no attributes
[11Mar2025 20:32:38.400] [main/ERROR] [net.minecraft.Util/]: Entity illageandspillage:bone has no attributes
[11Mar2025 20:32:38.400] [main/ERROR] [net.minecraft.Util/]: Entity illageandspillage:axe has no attributes
[11Mar2025 20:32:38.401] [main/ERROR] [net.minecraft.Util/]: Entity illageandspillage:bone has no attributes
[11Mar2025 20:32:38.401] [main/ERROR] [net.minecraft.Util/]: Entity illageandspillage:axe has no attributes
[11Mar2025 20:32:38.402] [main/ERROR] [net.minecraft.Util/]: Entity illageandspillage:bone has no attributes
[11Mar2025 20:32:38.402] [main/ERROR] [net.minecraft.Util/]: Entity illageandspillage:axe has no attributes
[11Mar2025 20:32:38.403] [main/ERROR] [net.minecraft.Util/]: Entity illageandspillage:bone has no attributes
[11Mar2025 20:32:38.403] [main/ERROR] [net.minecraft.Util/]: Entity illageandspillage:axe has no attributes
[11Mar2025 20:32:38.404] [main/ERROR] [net.minecraft.Util/]: Entity illageandspillage:bone has no attributes
[11Mar2025 20:32:38.404] [main/ERROR] [net.minecraft.Util/]: Entity illageandspillage:axe has no attributes
[11Mar2025 20:32:38.405] [main/ERROR] [net.minecraft.Util/]: Entity illageandspillage:bone has no attributes
[11Mar2025 20:32:38.406] [main/ERROR] [net.minecraft.Util/]: Entity illageandspillage:axe has no attributes
[11Mar2025 20:32:38.406] [main/ERROR] [net.minecraft.Util/]: Entity illageandspillage:bone has no attributes
[11Mar2025 20:32:38.407] [main/ERROR] [net.minecraft.Util/]: Entity illageandspillage:axe has no attributes
[11Mar2025 20:32:38.407] [main/ERROR] [net.minecraft.Util/]: Entity illageandspillage:bone has no attributes
[11Mar2025 20:32:38.408] [main/ERROR] [net.minecraft.Util/]: Entity illageandspillage:axe has no attributes
[11Mar2025 20:32:38.409] [main/ERROR] [net.minecraft.Util/]: Entity illageandspillage:bone has no attributes
[11Mar2025 20:32:38.409] [main/ERROR] [net.minecraft.Util/]: Entity illageandspillage:axe has no attributes
[11Mar2025 20:32:38.410] [main/ERROR] [net.minecraft.Util/]: Entity illageandspillage:bone has no attributes
[11Mar2025 20:32:38.410] [main/ERROR] [net.minecraft.Util/]: Entity illageandspillage:axe has no attributes
[11Mar2025 20:32:38.411] [main/ERROR] [net.minecraft.Util/]: Entity illageandspillage:bone has no attributes
[11Mar2025 20:32:38.412] [main/ERROR] [net.minecraft.Util/]: Entity illageandspillage:axe has no attributes
[11Mar2025 20:32:38.412] [main/ERROR] [net.minecraft.Util/]: Entity illageandspillage:bone has no attributes
[11Mar2025 20:32:38.413] [main/ERROR] [net.minecraft.Util/]: Entity illageandspillage:axe has no attributes
[11Mar2025 20:32:38.413] [main/ERROR] [net.minecraft.Util/]: Entity illageandspillage:bone has no attributes
[11Mar2025 20:32:38.414] [main/ERROR] [net.minecraft.Util/]: Entity illageandspillage:axe has no attributes
[11Mar2025 20:32:38.414] [main/ERROR] [net.minecraft.Util/]: Entity illageandspillage:bone has no attributes
[11Mar2025 20:32:38.415] [main/ERROR] [net.minecraft.Util/]: Entity illageandspillage:axe has no attributes
[11Mar2025 20:32:38.416] [main/ERROR] [net.minecraft.Util/]: Entity illageandspillage:bone has no attributes
[11Mar2025 20:32:38.416] [main/ERROR] [net.minecraft.Util/]: Entity illageandspillage:axe has no attributes
[11Mar2025 20:32:38.417] [main/ERROR] [net.minecraft.Util/]: Entity illageandspillage:bone has no attributes
[11Mar2025 20:32:38.417] [main/ERROR] [net.minecraft.Util/]: Entity illageandspillage:axe has no attributes
[11Mar2025 20:32:38.418] [main/ERROR] [net.minecraft.Util/]: Entity illageandspillage:bone has no attributes
[11Mar2025 20:32:38.418] [main/ERROR] [net.minecraft.Util/]: Entity illageandspillage:axe has no attributes
[11Mar2025 20:32:38.419] [main/ERROR] [net.minecraft.Util/]: Entity illageandspillage:bone has no attributes
[11Mar2025 20:32:38.419] [main/ERROR] [net.minecraft.Util/]: Entity illageandspillage:axe has no attributes
[11Mar2025 20:32:38.420] [main/ERROR] [net.minecraft.Util/]: Entity illageandspillage:bone has no attributes
[11Mar2025 20:32:38.420] [main/ERROR] [net.minecraft.Util/]: Entity illageandspillage:axe has no attributes
[11Mar2025 20:32:38.421] [main/ERROR] [net.minecraft.Util/]: Entity illageandspillage:bone has no attributes
[11Mar2025 20:32:38.421] [main/ERROR] [net.minecraft.Util/]: Entity illageandspillage:axe has no attributes
[11Mar2025 20:32:38.422] [main/ERROR] [net.minecraft.Util/]: Entity illageandspillage:bone has no attributes
[11Mar2025 20:32:38.423] [main/ERROR] [net.minecraft.Util/]: Entity illageandspillage:axe has no attributes
[11Mar2025 20:32:38.423] [main/ERROR] [net.minecraft.Util/]: Entity illageandspillage:bone has no attributes
[11Mar2025 20:32:38.424] [main/ERROR] [net.minecraft.Util/]: Entity illageandspillage:axe has no attributes
[11Mar2025 20:32:38.424] [main/ERROR] [net.minecraft.Util/]: Entity illageandspillage:bone has no attributes
[11Mar2025 20:32:38.425] [main/ERROR] [net.minecraft.Util/]: Entity illageandspillage:axe has no attributes
[11Mar2025 20:32:38.426] [main/ERROR] [net.minecraft.Util/]: Entity illageandspillage:bone has no attributes
[11Mar2025 20:32:38.426] [main/ERROR] [net.minecraft.Util/]: Entity illageandspillage:axe has no attributes
[11Mar2025 20:32:38.427] [main/ERROR] [net.minecraft.Util/]: Entity illageandspillage:bone has no attributes
[11Mar2025 20:32:38.427] [main/ERROR] [net.minecraft.Util/]: Entity illageandspillage:axe has no attributes
[11Mar2025 20:32:38.428] [main/ERROR] [net.minecraft.Util/]: Entity illageandspillage:bone has no attributes
[11Mar2025 20:32:38.428] [main/ERROR] [net.minecraft.Util/]: Entity illageandspillage:axe has no attributes
[11Mar2025 20:32:38.429] [main/ERROR] [net.minecraft.Util/]: Entity illageandspillage:bone has no attributes
[11Mar2025 20:32:38.429] [main/ERROR] [net.minecraft.Util/]: Entity illageandspillage:axe has no attributes
[11Mar2025 20:32:38.430] [main/ERROR] [net.minecraft.Util/]: Entity illageandspillage:bone has no attributes
[11Mar2025 20:32:38.430] [main/ERROR] [net.minecraft.Util/]: Entity illageandspillage:axe has no attributes
[11Mar2025 20:32:38.431] [main/ERROR] [net.minecraft.Util/]: Entity illageandspillage:bone has no attributes
[11Mar2025 20:32:38.431] [main/ERROR] [net.minecraft.Util/]: Entity illageandspillage:axe has no attributes
[11Mar2025 20:32:38.431] [main/ERROR] [net.minecraft.Util/]: Entity illageandspillage:bone has no attributes
[11Mar2025 20:32:38.432] [main/ERROR] [net.minecraft.Util/]: Entity illageandspillage:axe has no attributes
[11Mar2025 20:32:38.432] [main/ERROR] [net.minecraft.Util/]: Entity illageandspillage:bone has no attributes
[11Mar2025 20:32:38.433] [main/ERROR] [net.minecraft.Util/]: Entity illageandspillage:axe has no attributes
[11Mar2025 20:32:38.433] [main/ERROR] [net.minecraft.Util/]: Entity illageandspillage:bone has no attributes
[11Mar2025 20:32:38.433] [main/ERROR] [net.minecraft.Util/]: Entity illageandspillage:axe has no attributes
[11Mar2025 20:32:38.434] [main/ERROR] [net.minecraft.Util/]: Entity illageandspillage:bone has no attributes
[11Mar2025 20:32:38.434] [main/ERROR] [net.minecraft.Util/]: Entity illageandspillage:axe has no attributes
[11Mar2025 20:32:38.435] [main/ERROR] [net.minecraft.Util/]: Entity illageandspillage:bone has no attributes
[11Mar2025 20:32:38.435] [main/ERROR] [net.minecraft.Util/]: Entity illageandspillage:axe has no attributes
[11Mar2025 20:32:38.435] [main/ERROR] [net.minecraft.Util/]: Entity illageandspillage:bone has no attributes
[11Mar2025 20:32:38.436] [main/ERROR] [net.minecraft.Util/]: Entity illageandspillage:axe has no attributes
[11Mar2025 20:32:38.475] [Forge Version Check/INFO] [net.minecraftforge.fml.VersionChecker/]: [framework] Found status: BETA Current: 0.7.12 Target: 0.7.12
[11Mar2025 20:32:38.476] [Forge Version Check/INFO] [net.minecraftforge.fml.VersionChecker/]: [copycats] Starting version check at https://raw.githubusercontent.com/copycats-plus/copycats/multiloader/update.json
[11Mar2025 20:32:38.515] [Forge Version Check/INFO] [net.minecraftforge.fml.VersionChecker/]: [copycats] Found status: AHEAD Current: 2.2.0+mc.1.20.1-forge Target: null
[11Mar2025 20:32:38.516] [Forge Version Check/INFO] [net.minecraftforge.fml.VersionChecker/]: [visualworkbench] Starting version check at https://raw.githubusercontent.com/Fuzss/modresources/main/update/visualworkbench.json
[11Mar2025 20:32:38.526] [Forge Version Check/INFO] [net.minecraftforge.fml.VersionChecker/]: [visualworkbench] Found status: UP_TO_DATE Current: 8.0.0 Target: null
[11Mar2025 20:32:38.526] [Forge Version Check/INFO] [net.minecraftforge.fml.VersionChecker/]: [goblintraders] Starting version check at https://mrcrayfish.com/modupdatejson?id=goblintraders
[11Mar2025 20:32:38.924] [Forge Version Check/INFO] [net.minecraftforge.fml.VersionChecker/]: [goblintraders] Found status: BETA Current: 1.9.3 Target: 1.9.3
[11Mar2025 20:32:38.925] [Forge Version Check/INFO] [net.minecraftforge.fml.VersionChecker/]: [obscure_api] Starting version check at https://raw.githubusercontent.com/ObscuriaLithium/Home/main/obscure_api/versions.json
[11Mar2025 20:32:38.935] [Forge Version Check/WARN] [net.minecraftforge.fml.VersionChecker/]: Failed to process update information
com.google.gson.JsonSyntaxException: java.lang.IllegalStateException: Expected BEGIN_OBJECT but was NUMBER at line 1 column 4 path $
	at com.google.gson.Gson.fromJson(Gson.java:1226) ~[gson-2.10.jar%2372!/:?]
	at com.google.gson.Gson.fromJson(Gson.java:1124) ~[gson-2.10.jar%2372!/:?]
	at com.google.gson.Gson.fromJson(Gson.java:1034) ~[gson-2.10.jar%2372!/:?]
	at com.google.gson.Gson.fromJson(Gson.java:969) ~[gson-2.10.jar%2372!/:?]
	at net.minecraftforge.fml.VersionChecker$1.process(VersionChecker.java:183) ~[fmlcore-1.20.1-47.3.7.jar%23342!/:?]
	at java.lang.Iterable.forEach(Iterable.java:75) ~[?:?]
	at net.minecraftforge.fml.VersionChecker$1.run(VersionChecker.java:114) ~[fmlcore-1.20.1-47.3.7.jar%23342!/:?]
Caused by: java.lang.IllegalStateException: Expected BEGIN_OBJECT but was NUMBER at line 1 column 4 path $
	at com.google.gson.stream.JsonReader.beginObject(JsonReader.java:393) ~[gson-2.10.jar%2372!/:?]
	at com.google.gson.internal.bind.MapTypeAdapterFactory$Adapter.read(MapTypeAdapterFactory.java:182) ~[gson-2.10.jar%2372!/:?]
	at com.google.gson.internal.bind.MapTypeAdapterFactory$Adapter.read(MapTypeAdapterFactory.java:144) ~[gson-2.10.jar%2372!/:?]
	at com.google.gson.Gson.fromJson(Gson.java:1214) ~[gson-2.10.jar%2372!/:?]
	... 6 more
[11Mar2025 20:32:38.938] [Forge Version Check/INFO] [net.minecraftforge.fml.VersionChecker/]: [journeymap] Starting version check at https://forge.curseupdate.com/32274/journeymap
[11Mar2025 20:32:39.031] [Forge Version Check/INFO] [net.minecraftforge.fml.VersionChecker/]: [journeymap] Found status: UP_TO_DATE Current: 5.10.3 Target: null
[11Mar2025 20:32:39.032] [Forge Version Check/INFO] [net.minecraftforge.fml.VersionChecker/]: [cpm] Starting version check at https://raw.githubusercontent.com/tom5454/CustomPlayerModels/master/version-check.json
[11Mar2025 20:32:39.083] [Forge Version Check/INFO] [net.minecraftforge.fml.VersionChecker/]: [cpm] Found status: BETA Current: 0.6.21a Target: 0.6.21a
[11Mar2025 20:32:39.085] [Forge Version Check/INFO] [net.minecraftforge.fml.VersionChecker/]: [create_curios_backtank] Starting version check at https://github.com/Donne431/update-files/raw/refs/heads/main/create_curios_backtank.json
[11Mar2025 20:32:39.205] [Forge Version Check/INFO] [net.minecraftforge.fml.VersionChecker/]: [create_curios_backtank] Found status: UP_TO_DATE Current: 1.0.1 Target: null
[11Mar2025 20:32:39.206] [Forge Version Check/INFO] [net.minecraftforge.fml.VersionChecker/]: [puzzlesaccessapi] Starting version check at https://raw.githubusercontent.com/Fuzss/modresources/main/update/puzzlesaccessapi.json
[11Mar2025 20:32:39.218] [Forge Version Check/INFO] [net.minecraftforge.fml.VersionChecker/]: [puzzlesaccessapi] Found status: BETA Current: 8.0.7 Target: null
[11Mar2025 20:32:39.218] [Forge Version Check/INFO] [net.minecraftforge.fml.VersionChecker/]: [forge] Starting version check at https://files.minecraftforge.net/net/minecraftforge/forge/promotions_slim.json
[11Mar2025 20:32:39.307] [Forge Version Check/INFO] [net.minecraftforge.fml.VersionChecker/]: [forge] Found status: OUTDATED Current: 47.3.7 Target: 47.4.0
[11Mar2025 20:32:39.307] [Forge Version Check/INFO] [net.minecraftforge.fml.VersionChecker/]: [voicechat] Starting version check at https://update.maxhenkel.de/forge/voicechat
[11Mar2025 20:32:40.271] [Forge Version Check/INFO] [net.minecraftforge.fml.VersionChecker/]: [voicechat] Found status: OUTDATED Current: 1.20.1-2.5.26 Target: 1.20.1-2.5.28
[11Mar2025 20:32:40.274] [Forge Version Check/INFO] [net.minecraftforge.fml.VersionChecker/]: [moonlight] Starting version check at https://raw.githubusercontent.com/MehVahdJukaar/Moonlight/multi-loader/forge/update.json
[11Mar2025 20:32:40.284] [Forge Version Check/INFO] [net.minecraftforge.fml.VersionChecker/]: [moonlight] Found status: BETA Current: 1.20-2.13.71 Target: null
[11Mar2025 20:32:40.285] [Forge Version Check/INFO] [net.minecraftforge.fml.VersionChecker/]: [flywheel] Starting version check at https://api.modrinth.com/updates/flywheel/forge_updates.json
[11Mar2025 20:32:40.327] [Forge Version Check/INFO] [net.minecraftforge.fml.VersionChecker/]: [flywheel] Found status: BETA Current: 0.6.11-13 Target: null
[11Mar2025 20:32:40.330] [Forge Version Check/INFO] [net.minecraftforge.fml.VersionChecker/]: [gravestone] Starting version check at https://update.maxhenkel.de/forge/gravestone
[11Mar2025 20:32:40.432] [Forge Version Check/INFO] [net.minecraftforge.fml.VersionChecker/]: [gravestone] Found status: AHEAD Current: 1.20.1-1.0.24 Target: null
[11Mar2025 20:32:40.432] [Forge Version Check/INFO] [net.minecraftforge.fml.VersionChecker/]: [securitycraft] Starting version check at https://www.github.com/Geforce132/SecurityCraft/raw/master/Updates/Forge.json
[11Mar2025 20:32:40.487] [Forge Version Check/INFO] [net.minecraftforge.fml.VersionChecker/]: [securitycraft] Found status: UP_TO_DATE Current: 1.9.12 Target: null
[11Mar2025 20:32:40.487] [Forge Version Check/INFO] [net.minecraftforge.fml.VersionChecker/]: [supplementaries] Starting version check at https://raw.githubusercontent.com/MehVahdJukaar/Supplementaries/1.20/forge/update.json
[11Mar2025 20:32:40.496] [Forge Version Check/INFO] [net.minecraftforge.fml.VersionChecker/]: [supplementaries] Found status: BETA Current: 1.20-3.1.18 Target: null
[11Mar2025 20:32:40.496] [Forge Version Check/INFO] [net.minecraftforge.fml.VersionChecker/]: [puzzleslib] Starting version check at https://raw.githubusercontent.com/Fuzss/modresources/main/update/puzzleslib.json
[11Mar2025 20:32:40.505] [Forge Version Check/INFO] [net.minecraftforge.fml.VersionChecker/]: [puzzleslib] Found status: OUTDATED Current: 8.1.25 Target: 8.1.29
[11Mar2025 20:32:40.505] [Forge Version Check/INFO] [net.minecraftforge.fml.VersionChecker/]: [aquamirae] Starting version check at https://raw.githubusercontent.com/ObscuriaLithium/Home/main/aquamirae/versions.json
[11Mar2025 20:32:40.515] [Forge Version Check/WARN] [net.minecraftforge.fml.VersionChecker/]: Failed to process update information
com.google.gson.JsonSyntaxException: java.lang.IllegalStateException: Expected BEGIN_OBJECT but was NUMBER at line 1 column 4 path $
	at com.google.gson.Gson.fromJson(Gson.java:1226) ~[gson-2.10.jar%2372!/:?]
	at com.google.gson.Gson.fromJson(Gson.java:1124) ~[gson-2.10.jar%2372!/:?]
	at com.google.gson.Gson.fromJson(Gson.java:1034) ~[gson-2.10.jar%2372!/:?]
	at com.google.gson.Gson.fromJson(Gson.java:969) ~[gson-2.10.jar%2372!/:?]
	at net.minecraftforge.fml.VersionChecker$1.process(VersionChecker.java:183) ~[fmlcore-1.20.1-47.3.7.jar%23342!/:?]
	at java.lang.Iterable.forEach(Iterable.java:75) ~[?:?]
	at net.minecraftforge.fml.VersionChecker$1.run(VersionChecker.java:114) ~[fmlcore-1.20.1-47.3.7.jar%23342!/:?]
Caused by: java.lang.IllegalStateException: Expected BEGIN_OBJECT but was NUMBER at line 1 column 4 path $
	at com.google.gson.stream.JsonReader.beginObject(JsonReader.java:393) ~[gson-2.10.jar%2372!/:?]
	at com.google.gson.internal.bind.MapTypeAdapterFactory$Adapter.read(MapTypeAdapterFactory.java:182) ~[gson-2.10.jar%2372!/:?]
	at com.google.gson.internal.bind.MapTypeAdapterFactory$Adapter.read(MapTypeAdapterFactory.java:144) ~[gson-2.10.jar%2372!/:?]
	at com.google.gson.Gson.fromJson(Gson.java:1214) ~[gson-2.10.jar%2372!/:?]
	... 6 more
[11Mar2025 20:32:46.985] [main/INFO] [com.mojang.authlib.yggdrasil.YggdrasilAuthenticationService/]: Environment: authHost='https://authserver.mojang.com', accountsHost='https://api.mojang.com', sessionHost='https://sessionserver.mojang.com', servicesHost='https://api.minecraftservices.com', name='PROD'
[11Mar2025 20:32:47.236] [main/ERROR] [net.minecraft.Util/]: Entity illageandspillage:bone has no attributes
[11Mar2025 20:32:47.237] [main/ERROR] [net.minecraft.Util/]: Entity illageandspillage:axe has no attributes
[11Mar2025 20:32:47.237] [main/ERROR] [net.minecraft.Util/]: Entity illageandspillage:bone has no attributes
[11Mar2025 20:32:47.238] [main/ERROR] [net.minecraft.Util/]: Entity illageandspillage:axe has no attributes
[11Mar2025 20:32:47.238] [main/ERROR] [net.minecraft.Util/]: Entity illageandspillage:bone has no attributes
[11Mar2025 20:32:47.238] [main/ERROR] [net.minecraft.Util/]: Entity illageandspillage:axe has no attributes
[11Mar2025 20:32:47.239] [main/ERROR] [net.minecraft.Util/]: Entity illageandspillage:bone has no attributes
[11Mar2025 20:32:47.239] [main/ERROR] [net.minecraft.Util/]: Entity illageandspillage:axe has no attributes
[11Mar2025 20:32:47.239] [main/ERROR] [net.minecraft.Util/]: Entity illageandspillage:bone has no attributes
[11Mar2025 20:32:47.240] [main/ERROR] [net.minecraft.Util/]: Entity illageandspillage:axe has no attributes
[11Mar2025 20:32:47.241] [main/ERROR] [net.minecraft.Util/]: Entity illageandspillage:bone has no attributes
[11Mar2025 20:32:47.241] [main/ERROR] [net.minecraft.Util/]: Entity illageandspillage:axe has no attributes
[11Mar2025 20:32:47.242] [main/ERROR] [net.minecraft.Util/]: Entity illageandspillage:bone has no attributes
[11Mar2025 20:32:47.242] [main/ERROR] [net.minecraft.Util/]: Entity illageandspillage:axe has no attributes
[11Mar2025 20:32:47.243] [main/ERROR] [net.minecraft.Util/]: Entity illageandspillage:bone has no attributes
[11Mar2025 20:32:47.244] [main/ERROR] [net.minecraft.Util/]: Entity illageandspillage:axe has no attributes
[11Mar2025 20:32:47.244] [main/ERROR] [net.minecraft.Util/]: Entity illageandspillage:bone has no attributes
[11Mar2025 20:32:47.245] [main/ERROR] [net.minecraft.Util/]: Entity illageandspillage:axe has no attributes
[11Mar2025 20:32:47.245] [main/ERROR] [net.minecraft.Util/]: Entity illageandspillage:bone has no attributes
[11Mar2025 20:32:47.246] [main/ERROR] [net.minecraft.Util/]: Entity illageandspillage:axe has no attributes
[11Mar2025 20:32:47.247] [main/ERROR] [net.minecraft.Util/]: Entity illageandspillage:bone has no attributes
[11Mar2025 20:32:47.247] [main/ERROR] [net.minecraft.Util/]: Entity illageandspillage:axe has no attributes
[11Mar2025 20:32:47.247] [main/ERROR] [net.minecraft.Util/]: Entity illageandspillage:bone has no attributes
[11Mar2025 20:32:47.248] [main/ERROR] [net.minecraft.Util/]: Entity illageandspillage:axe has no attributes
[11Mar2025 20:32:47.248] [main/ERROR] [net.minecraft.Util/]: Entity illageandspillage:bone has no attributes
[11Mar2025 20:32:47.248] [main/ERROR] [net.minecraft.Util/]: Entity illageandspillage:axe has no attributes
[11Mar2025 20:32:47.249] [main/ERROR] [net.minecraft.Util/]: Entity illageandspillage:bone has no attributes
[11Mar2025 20:32:47.249] [main/ERROR] [net.minecraft.Util/]: Entity illageandspillage:axe has no attributes
[11Mar2025 20:32:47.249] [main/ERROR] [net.minecraft.Util/]: Entity illageandspillage:bone has no attributes
[11Mar2025 20:32:47.250] [main/ERROR] [net.minecraft.Util/]: Entity illageandspillage:axe has no attributes
[11Mar2025 20:32:47.250] [main/ERROR] [net.minecraft.Util/]: Entity illageandspillage:bone has no attributes
[11Mar2025 20:32:47.250] [main/ERROR] [net.minecraft.Util/]: Entity illageandspillage:axe has no attributes
[11Mar2025 20:32:47.251] [main/ERROR] [net.minecraft.Util/]: Entity illageandspillage:bone has no attributes
[11Mar2025 20:32:47.251] [main/ERROR] [net.minecraft.Util/]: Entity illageandspillage:axe has no attributes
[11Mar2025 20:32:47.251] [main/ERROR] [net.minecraft.Util/]: Entity illageandspillage:bone has no attributes
[11Mar2025 20:32:47.252] [main/ERROR] [net.minecraft.Util/]: Entity illageandspillage:axe has no attributes
[11Mar2025 20:32:47.252] [main/ERROR] [net.minecraft.Util/]: Entity illageandspillage:bone has no attributes
[11Mar2025 20:32:47.252] [main/ERROR] [net.minecraft.Util/]: Entity illageandspillage:axe has no attributes
[11Mar2025 20:32:47.253] [main/ERROR] [net.minecraft.Util/]: Entity illageandspillage:bone has no attributes
[11Mar2025 20:32:47.253] [main/ERROR] [net.minecraft.Util/]: Entity illageandspillage:axe has no attributes
[11Mar2025 20:32:47.253] [main/ERROR] [net.minecraft.Util/]: Entity illageandspillage:bone has no attributes
[11Mar2025 20:32:47.254] [main/ERROR] [net.minecraft.Util/]: Entity illageandspillage:axe has no attributes
[11Mar2025 20:32:47.254] [main/ERROR] [net.minecraft.Util/]: Entity illageandspillage:bone has no attributes
[11Mar2025 20:32:47.254] [main/ERROR] [net.minecraft.Util/]: Entity illageandspillage:axe has no attributes
[11Mar2025 20:32:47.255] [main/ERROR] [net.minecraft.Util/]: Entity illageandspillage:bone has no attributes
[11Mar2025 20:32:47.255] [main/ERROR] [net.minecraft.Util/]: Entity illageandspillage:axe has no attributes
[11Mar2025 20:32:47.255] [main/ERROR] [net.minecraft.Util/]: Entity illageandspillage:bone has no attributes
[11Mar2025 20:32:47.256] [main/ERROR] [net.minecraft.Util/]: Entity illageandspillage:axe has no attributes
[11Mar2025 20:32:47.256] [main/ERROR] [net.minecraft.Util/]: Entity illageandspillage:bone has no attributes
[11Mar2025 20:32:47.256] [main/ERROR] [net.minecraft.Util/]: Entity illageandspillage:axe has no attributes
[11Mar2025 20:32:47.257] [main/ERROR] [net.minecraft.Util/]: Entity illageandspillage:bone has no attributes
[11Mar2025 20:32:47.257] [main/ERROR] [net.minecraft.Util/]: Entity illageandspillage:axe has no attributes
[11Mar2025 20:32:47.258] [main/ERROR] [net.minecraft.Util/]: Entity illageandspillage:bone has no attributes
[11Mar2025 20:32:47.258] [main/ERROR] [net.minecraft.Util/]: Entity illageandspillage:axe has no attributes
[11Mar2025 20:32:47.259] [main/ERROR] [net.minecraft.Util/]: Entity illageandspillage:bone has no attributes
[11Mar2025 20:32:47.259] [main/ERROR] [net.minecraft.Util/]: Entity illageandspillage:axe has no attributes
[11Mar2025 20:32:47.259] [main/ERROR] [net.minecraft.Util/]: Entity illageandspillage:bone has no attributes
[11Mar2025 20:32:47.260] [main/ERROR] [net.minecraft.Util/]: Entity illageandspillage:axe has no attributes
[11Mar2025 20:32:47.260] [main/ERROR] [net.minecraft.Util/]: Entity illageandspillage:bone has no attributes
[11Mar2025 20:32:47.260] [main/ERROR] [net.minecraft.Util/]: Entity illageandspillage:axe has no attributes
[11Mar2025 20:32:47.261] [main/ERROR] [net.minecraft.Util/]: Entity illageandspillage:bone has no attributes
[11Mar2025 20:32:47.261] [main/ERROR] [net.minecraft.Util/]: Entity illageandspillage:axe has no attributes
[11Mar2025 20:32:47.261] [main/ERROR] [net.minecraft.Util/]: Entity illageandspillage:bone has no attributes
[11Mar2025 20:32:47.261] [main/ERROR] [net.minecraft.Util/]: Entity illageandspillage:axe has no attributes
[11Mar2025 20:32:47.262] [main/ERROR] [net.minecraft.Util/]: Entity illageandspillage:bone has no attributes
[11Mar2025 20:32:47.262] [main/ERROR] [net.minecraft.Util/]: Entity illageandspillage:axe has no attributes
[11Mar2025 20:32:47.263] [main/ERROR] [net.minecraft.Util/]: Entity illageandspillage:bone has no attributes
[11Mar2025 20:32:47.263] [main/ERROR] [net.minecraft.Util/]: Entity illageandspillage:axe has no attributes
[11Mar2025 20:32:47.263] [main/ERROR] [net.minecraft.Util/]: Entity illageandspillage:bone has no attributes
[11Mar2025 20:32:47.263] [main/ERROR] [net.minecraft.Util/]: Entity illageandspillage:axe has no attributes
[11Mar2025 20:32:47.264] [main/ERROR] [net.minecraft.Util/]: Entity illageandspillage:bone has no attributes
[11Mar2025 20:32:47.264] [main/ERROR] [net.minecraft.Util/]: Entity illageandspillage:axe has no attributes
[11Mar2025 20:32:47.264] [main/ERROR] [net.minecraft.Util/]: Entity illageandspillage:bone has no attributes
[11Mar2025 20:32:47.265] [main/ERROR] [net.minecraft.Util/]: Entity illageandspillage:axe has no attributes
[11Mar2025 20:32:47.265] [main/ERROR] [net.minecraft.Util/]: Entity illageandspillage:bone has no attributes
[11Mar2025 20:32:47.265] [main/ERROR] [net.minecraft.Util/]: Entity illageandspillage:axe has no attributes
[11Mar2025 20:32:47.266] [main/ERROR] [net.minecraft.Util/]: Entity illageandspillage:bone has no attributes
[11Mar2025 20:32:47.266] [main/ERROR] [net.minecraft.Util/]: Entity illageandspillage:axe has no attributes
[11Mar2025 20:32:47.266] [main/ERROR] [net.minecraft.Util/]: Entity illageandspillage:bone has no attributes
[11Mar2025 20:32:47.267] [main/ERROR] [net.minecraft.Util/]: Entity illageandspillage:axe has no attributes
[11Mar2025 20:32:47.267] [main/ERROR] [net.minecraft.Util/]: Entity illageandspillage:bone has no attributes
[11Mar2025 20:32:47.267] [main/ERROR] [net.minecraft.Util/]: Entity illageandspillage:axe has no attributes
[11Mar2025 20:32:47.268] [main/ERROR] [net.minecraft.Util/]: Entity illageandspillage:bone has no attributes
[11Mar2025 20:32:47.268] [main/ERROR] [net.minecraft.Util/]: Entity illageandspillage:axe has no attributes
[11Mar2025 20:32:47.268] [main/ERROR] [net.minecraft.Util/]: Entity illageandspillage:bone has no attributes
[11Mar2025 20:32:47.269] [main/ERROR] [net.minecraft.Util/]: Entity illageandspillage:axe has no attributes
[11Mar2025 20:32:47.269] [main/ERROR] [net.minecraft.Util/]: Entity illageandspillage:bone has no attributes
[11Mar2025 20:32:47.273] [main/ERROR] [net.minecraft.Util/]: Entity illageandspillage:axe has no attributes
[11Mar2025 20:32:47.273] [main/ERROR] [net.minecraft.Util/]: Entity illageandspillage:bone has no attributes
[11Mar2025 20:32:47.273] [main/ERROR] [net.minecraft.Util/]: Entity illageandspillage:axe has no attributes
[11Mar2025 20:32:47.274] [main/ERROR] [net.minecraft.Util/]: Entity illageandspillage:bone has no attributes
[11Mar2025 20:32:47.274] [main/ERROR] [net.minecraft.Util/]: Entity illageandspillage:axe has no attributes
[11Mar2025 20:32:47.275] [main/ERROR] [net.minecraft.Util/]: Entity illageandspillage:bone has no attributes
[11Mar2025 20:32:47.275] [main/ERROR] [net.minecraft.Util/]: Entity illageandspillage:axe has no attributes
[11Mar2025 20:32:47.275] [main/ERROR] [net.minecraft.Util/]: Entity illageandspillage:bone has no attributes
[11Mar2025 20:32:47.276] [main/ERROR] [net.minecraft.Util/]: Entity illageandspillage:axe has no attributes
[11Mar2025 20:32:47.276] [main/ERROR] [net.minecraft.Util/]: Entity illageandspillage:bone has no attributes
[11Mar2025 20:32:47.276] [main/ERROR] [net.minecraft.Util/]: Entity illageandspillage:axe has no attributes
[11Mar2025 20:32:47.277] [main/ERROR] [net.minecraft.Util/]: Entity illageandspillage:bone has no attributes
[11Mar2025 20:32:47.277] [main/ERROR] [net.minecraft.Util/]: Entity illageandspillage:axe has no attributes
[11Mar2025 20:32:47.277] [main/ERROR] [net.minecraft.Util/]: Entity illageandspillage:bone has no attributes
[11Mar2025 20:32:47.278] [main/ERROR] [net.minecraft.Util/]: Entity illageandspillage:axe has no attributes
[11Mar2025 20:32:47.278] [main/ERROR] [net.minecraft.Util/]: Entity illageandspillage:bone has no attributes
[11Mar2025 20:32:47.278] [main/ERROR] [net.minecraft.Util/]: Entity illageandspillage:axe has no attributes
[11Mar2025 20:32:47.279] [main/ERROR] [net.minecraft.Util/]: Entity illageandspillage:bone has no attributes
[11Mar2025 20:32:47.279] [main/ERROR] [net.minecraft.Util/]: Entity illageandspillage:axe has no attributes
[11Mar2025 20:32:47.279] [main/ERROR] [net.minecraft.Util/]: Entity illageandspillage:bone has no attributes
[11Mar2025 20:32:47.280] [main/ERROR] [net.minecraft.Util/]: Entity illageandspillage:axe has no attributes
[11Mar2025 20:32:47.280] [main/ERROR] [net.minecraft.Util/]: Entity illageandspillage:bone has no attributes
[11Mar2025 20:32:47.280] [main/ERROR] [net.minecraft.Util/]: Entity illageandspillage:axe has no attributes
[11Mar2025 20:32:47.281] [main/ERROR] [net.minecraft.Util/]: Entity illageandspillage:bone has no attributes
[11Mar2025 20:32:47.281] [main/ERROR] [net.minecraft.Util/]: Entity illageandspillage:axe has no attributes
[11Mar2025 20:32:47.281] [main/ERROR] [net.minecraft.Util/]: Entity illageandspillage:bone has no attributes
[11Mar2025 20:32:47.282] [main/ERROR] [net.minecraft.Util/]: Entity illageandspillage:axe has no attributes
[11Mar2025 20:32:47.282] [main/ERROR] [net.minecraft.Util/]: Entity illageandspillage:bone has no attributes
[11Mar2025 20:32:47.282] [main/ERROR] [net.minecraft.Util/]: Entity illageandspillage:axe has no attributes
[11Mar2025 20:32:47.283] [main/ERROR] [net.minecraft.Util/]: Entity illageandspillage:bone has no attributes
[11Mar2025 20:32:47.283] [main/ERROR] [net.minecraft.Util/]: Entity illageandspillage:axe has no attributes
[11Mar2025 20:32:47.284] [main/ERROR] [net.minecraft.Util/]: Entity illageandspillage:bone has no attributes
[11Mar2025 20:32:47.284] [main/ERROR] [net.minecraft.Util/]: Entity illageandspillage:axe has no attributes
[11Mar2025 20:32:47.284] [main/ERROR] [net.minecraft.Util/]: Entity illageandspillage:bone has no attributes
[11Mar2025 20:32:47.285] [main/ERROR] [net.minecraft.Util/]: Entity illageandspillage:axe has no attributes
[11Mar2025 20:32:47.285] [main/ERROR] [net.minecraft.Util/]: Entity illageandspillage:bone has no attributes
[11Mar2025 20:32:47.285] [main/ERROR] [net.minecraft.Util/]: Entity illageandspillage:axe has no attributes
[11Mar2025 20:32:47.286] [main/ERROR] [net.minecraft.Util/]: Entity illageandspillage:bone has no attributes
[11Mar2025 20:32:47.286] [main/ERROR] [net.minecraft.Util/]: Entity illageandspillage:axe has no attributes
[11Mar2025 20:32:47.286] [main/ERROR] [net.minecraft.Util/]: Entity illageandspillage:bone has no attributes
[11Mar2025 20:32:47.287] [main/ERROR] [net.minecraft.Util/]: Entity illageandspillage:axe has no attributes
[11Mar2025 20:32:47.287] [main/ERROR] [net.minecraft.Util/]: Entity illageandspillage:bone has no attributes
[11Mar2025 20:32:47.287] [main/ERROR] [net.minecraft.Util/]: Entity illageandspillage:axe has no attributes
[11Mar2025 20:32:47.288] [main/ERROR] [net.minecraft.Util/]: Entity illageandspillage:bone has no attributes
[11Mar2025 20:32:47.288] [main/ERROR] [net.minecraft.Util/]: Entity illageandspillage:axe has no attributes
[11Mar2025 20:32:47.289] [main/ERROR] [net.minecraft.Util/]: Entity illageandspillage:bone has no attributes
[11Mar2025 20:32:47.289] [main/ERROR] [net.minecraft.Util/]: Entity illageandspillage:axe has no attributes
[11Mar2025 20:32:47.289] [main/ERROR] [net.minecraft.Util/]: Entity illageandspillage:bone has no attributes
[11Mar2025 20:32:47.290] [main/ERROR] [net.minecraft.Util/]: Entity illageandspillage:axe has no attributes
[11Mar2025 20:32:47.290] [main/ERROR] [net.minecraft.Util/]: Entity illageandspillage:bone has no attributes
[11Mar2025 20:32:47.290] [main/ERROR] [net.minecraft.Util/]: Entity illageandspillage:axe has no attributes
[11Mar2025 20:32:47.291] [main/ERROR] [net.minecraft.Util/]: Entity illageandspillage:bone has no attributes
[11Mar2025 20:32:47.291] [main/ERROR] [net.minecraft.Util/]: Entity illageandspillage:axe has no attributes
[11Mar2025 20:32:47.292] [main/ERROR] [net.minecraft.Util/]: Entity illageandspillage:bone has no attributes
[11Mar2025 20:32:47.292] [main/ERROR] [net.minecraft.Util/]: Entity illageandspillage:axe has no attributes
[11Mar2025 20:32:47.292] [main/ERROR] [net.minecraft.Util/]: Entity illageandspillage:bone has no attributes
[11Mar2025 20:32:47.292] [main/ERROR] [net.minecraft.Util/]: Entity illageandspillage:axe has no attributes
[11Mar2025 20:32:47.293] [main/ERROR] [net.minecraft.Util/]: Entity illageandspillage:bone has no attributes
[11Mar2025 20:32:47.293] [main/ERROR] [net.minecraft.Util/]: Entity illageandspillage:axe has no attributes
[11Mar2025 20:32:47.294] [main/ERROR] [net.minecraft.Util/]: Entity illageandspillage:bone has no attributes
[11Mar2025 20:32:47.294] [main/ERROR] [net.minecraft.Util/]: Entity illageandspillage:axe has no attributes
[11Mar2025 20:32:47.295] [main/ERROR] [net.minecraft.Util/]: Entity illageandspillage:bone has no attributes
[11Mar2025 20:32:47.295] [main/ERROR] [net.minecraft.Util/]: Entity illageandspillage:axe has no attributes
[11Mar2025 20:32:47.296] [main/ERROR] [net.minecraft.Util/]: Entity illageandspillage:bone has no attributes
[11Mar2025 20:32:47.296] [main/ERROR] [net.minecraft.Util/]: Entity illageandspillage:axe has no attributes
[11Mar2025 20:32:47.296] [main/ERROR] [net.minecraft.Util/]: Entity illageandspillage:bone has no attributes
[11Mar2025 20:32:47.297] [main/ERROR] [net.minecraft.Util/]: Entity illageandspillage:axe has no attributes
[11Mar2025 20:32:47.297] [main/ERROR] [net.minecraft.Util/]: Entity illageandspillage:bone has no attributes
[11Mar2025 20:32:47.298] [main/ERROR] [net.minecraft.Util/]: Entity illageandspillage:axe has no attributes
[11Mar2025 20:32:47.298] [main/ERROR] [net.minecraft.Util/]: Entity illageandspillage:bone has no attributes
[11Mar2025 20:32:47.298] [main/ERROR] [net.minecraft.Util/]: Entity illageandspillage:axe has no attributes
[11Mar2025 20:32:47.299] [main/ERROR] [net.minecraft.Util/]: Entity illageandspillage:bone has no attributes
[11Mar2025 20:32:47.299] [main/ERROR] [net.minecraft.Util/]: Entity illageandspillage:axe has no attributes
[11Mar2025 20:32:47.299] [main/ERROR] [net.minecraft.Util/]: Entity illageandspillage:bone has no attributes
[11Mar2025 20:32:47.300] [main/ERROR] [net.minecraft.Util/]: Entity illageandspillage:axe has no attributes
[11Mar2025 20:32:47.300] [main/ERROR] [net.minecraft.Util/]: Entity illageandspillage:bone has no attributes
[11Mar2025 20:32:47.300] [main/ERROR] [net.minecraft.Util/]: Entity illageandspillage:axe has no attributes
[11Mar2025 20:32:47.301] [main/ERROR] [net.minecraft.Util/]: Entity illageandspillage:bone has no attributes
[11Mar2025 20:32:47.301] [main/ERROR] [net.minecraft.Util/]: Entity illageandspillage:axe has no attributes
[11Mar2025 20:32:47.302] [main/ERROR] [net.minecraft.Util/]: Entity illageandspillage:bone has no attributes
[11Mar2025 20:32:47.302] [main/ERROR] [net.minecraft.Util/]: Entity illageandspillage:axe has no attributes
[11Mar2025 20:32:47.484] [main/ERROR] [net.minecraft.Util/]: Entity illageandspillage:bone has no attributes
[11Mar2025 20:32:47.484] [main/ERROR] [net.minecraft.Util/]: Entity illageandspillage:axe has no attributes
[11Mar2025 20:32:47.485] [main/ERROR] [net.minecraft.Util/]: Entity illageandspillage:bone has no attributes
[11Mar2025 20:32:47.485] [main/ERROR] [net.minecraft.Util/]: Entity illageandspillage:axe has no attributes
[11Mar2025 20:32:47.485] [main/ERROR] [net.minecraft.Util/]: Entity illageandspillage:bone has no attributes
[11Mar2025 20:32:47.486] [main/ERROR] [net.minecraft.Util/]: Entity illageandspillage:axe has no attributes
[11Mar2025 20:32:47.486] [main/ERROR] [net.minecraft.Util/]: Entity illageandspillage:bone has no attributes
[11Mar2025 20:32:47.487] [main/ERROR] [net.minecraft.Util/]: Entity illageandspillage:axe has no attributes
[11Mar2025 20:32:47.487] [main/ERROR] [net.minecraft.Util/]: Entity illageandspillage:bone has no attributes
[11Mar2025 20:32:47.487] [main/ERROR] [net.minecraft.Util/]: Entity illageandspillage:axe has no attributes
[11Mar2025 20:32:47.488] [main/ERROR] [net.minecraft.Util/]: Entity illageandspillage:bone has no attributes
[11Mar2025 20:32:47.488] [main/ERROR] [net.minecraft.Util/]: Entity illageandspillage:axe has no attributes
[11Mar2025 20:32:47.488] [main/ERROR] [net.minecraft.Util/]: Entity illageandspillage:bone has no attributes
[11Mar2025 20:32:47.488] [main/ERROR] [net.minecraft.Util/]: Entity illageandspillage:axe has no attributes
[11Mar2025 20:32:47.488] [main/ERROR] [net.minecraft.Util/]: Entity illageandspillage:bone has no attributes
[11Mar2025 20:32:47.489] [main/ERROR] [net.minecraft.Util/]: Entity illageandspillage:axe has no attributes
[11Mar2025 20:32:47.489] [main/ERROR] [net.minecraft.Util/]: Entity illageandspillage:bone has no attributes
[11Mar2025 20:32:47.489] [main/ERROR] [net.minecraft.Util/]: Entity illageandspillage:axe has no attributes
[11Mar2025 20:32:47.489] [main/ERROR] [net.minecraft.Util/]: Entity illageandspillage:bone has no attributes
[11Mar2025 20:32:47.490] [main/ERROR] [net.minecraft.Util/]: Entity illageandspillage:axe has no attributes
[11Mar2025 20:32:47.490] [main/ERROR] [net.minecraft.Util/]: Entity illageandspillage:bone has no attributes
[11Mar2025 20:32:47.490] [main/ERROR] [net.minecraft.Util/]: Entity illageandspillage:axe has no attributes
[11Mar2025 20:32:47.490] [main/ERROR] [net.minecraft.Util/]: Entity illageandspillage:bone has no attributes
[11Mar2025 20:32:47.491] [main/ERROR] [net.minecraft.Util/]: Entity illageandspillage:axe has no attributes
[11Mar2025 20:32:47.491] [main/ERROR] [net.minecraft.Util/]: Entity illageandspillage:bone has no attributes
[11Mar2025 20:32:47.491] [main/ERROR] [net.minecraft.Util/]: Entity illageandspillage:axe has no attributes
[11Mar2025 20:32:47.491] [main/ERROR] [net.minecraft.Util/]: Entity illageandspillage:bone has no attributes
[11Mar2025 20:32:47.492] [main/ERROR] [net.minecraft.Util/]: Entity illageandspillage:axe has no attributes
[11Mar2025 20:32:47.493] [main/ERROR] [net.minecraft.Util/]: Entity illageandspillage:bone has no attributes
[11Mar2025 20:32:47.493] [main/ERROR] [net.minecraft.Util/]: Entity illageandspillage:axe has no attributes
[11Mar2025 20:32:47.493] [main/ERROR] [net.minecraft.Util/]: Entity illageandspillage:bone has no attributes
[11Mar2025 20:32:47.493] [main/ERROR] [net.minecraft.Util/]: Entity illageandspillage:axe has no attributes
[11Mar2025 20:32:47.493] [main/ERROR] [net.minecraft.Util/]: Entity illageandspillage:bone has no attributes
[11Mar2025 20:32:47.493] [main/ERROR] [net.minecraft.Util/]: Entity illageandspillage:axe has no attributes
[11Mar2025 20:32:47.493] [main/ERROR] [net.minecraft.Util/]: Entity illageandspillage:bone has no attributes
[11Mar2025 20:32:47.494] [main/ERROR] [net.minecraft.Util/]: Entity illageandspillage:axe has no attributes
[11Mar2025 20:32:47.494] [main/ERROR] [net.minecraft.Util/]: Entity illageandspillage:bone has no attributes
[11Mar2025 20:32:47.494] [main/ERROR] [net.minecraft.Util/]: Entity illageandspillage:axe has no attributes
[11Mar2025 20:32:47.494] [main/ERROR] [net.minecraft.Util/]: Entity illageandspillage:bone has no attributes
[11Mar2025 20:32:47.494] [main/ERROR] [net.minecraft.Util/]: Entity illageandspillage:axe has no attributes
[11Mar2025 20:32:47.494] [main/ERROR] [net.minecraft.Util/]: Entity illageandspillage:bone has no attributes
[11Mar2025 20:32:47.494] [main/ERROR] [net.minecraft.Util/]: Entity illageandspillage:axe has no attributes
[11Mar2025 20:32:47.494] [main/ERROR] [net.minecraft.Util/]: Entity illageandspillage:bone has no attributes
[11Mar2025 20:32:47.495] [main/ERROR] [net.minecraft.Util/]: Entity illageandspillage:axe has no attributes
[11Mar2025 20:32:47.495] [main/ERROR] [net.minecraft.Util/]: Entity illageandspillage:bone has no attributes
[11Mar2025 20:32:47.495] [main/ERROR] [net.minecraft.Util/]: Entity illageandspillage:axe has no attributes
[11Mar2025 20:32:47.495] [main/ERROR] [net.minecraft.Util/]: Entity illageandspillage:bone has no attributes
[11Mar2025 20:32:47.495] [main/ERROR] [net.minecraft.Util/]: Entity illageandspillage:axe has no attributes
[11Mar2025 20:32:47.495] [main/ERROR] [net.minecraft.Util/]: Entity illageandspillage:bone has no attributes
[11Mar2025 20:32:47.495] [main/ERROR] [net.minecraft.Util/]: Entity illageandspillage:axe has no attributes
[11Mar2025 20:32:47.496] [main/ERROR] [net.minecraft.Util/]: Entity illageandspillage:bone has no attributes
[11Mar2025 20:32:47.496] [main/ERROR] [net.minecraft.Util/]: Entity illageandspillage:axe has no attributes
[11Mar2025 20:32:47.496] [main/ERROR] [net.minecraft.Util/]: Entity illageandspillage:bone has no attributes
[11Mar2025 20:32:47.496] [main/ERROR] [net.minecraft.Util/]: Entity illageandspillage:axe has no attributes
[11Mar2025 20:32:47.496] [main/ERROR] [net.minecraft.Util/]: Entity illageandspillage:bone has no attributes
[11Mar2025 20:32:47.496] [main/ERROR] [net.minecraft.Util/]: Entity illageandspillage:axe has no attributes
[11Mar2025 20:32:47.496] [main/ERROR] [net.minecraft.Util/]: Entity illageandspillage:bone has no attributes
[11Mar2025 20:32:47.497] [main/ERROR] [net.minecraft.Util/]: Entity illageandspillage:axe has no attributes
[11Mar2025 20:32:47.497] [main/ERROR] [net.minecraft.Util/]: Entity illageandspillage:bone has no attributes
[11Mar2025 20:32:47.497] [main/ERROR] [net.minecraft.Util/]: Entity illageandspillage:axe has no attributes
[11Mar2025 20:32:47.497] [main/ERROR] [net.minecraft.Util/]: Entity illageandspillage:bone has no attributes
[11Mar2025 20:32:47.497] [main/ERROR] [net.minecraft.Util/]: Entity illageandspillage:axe has no attributes
[11Mar2025 20:32:47.497] [main/ERROR] [net.minecraft.Util/]: Entity illageandspillage:bone has no attributes
[11Mar2025 20:32:47.497] [main/ERROR] [net.minecraft.Util/]: Entity illageandspillage:axe has no attributes
[11Mar2025 20:32:47.497] [main/ERROR] [net.minecraft.Util/]: Entity illageandspillage:bone has no attributes
[11Mar2025 20:32:47.498] [main/ERROR] [net.minecraft.Util/]: Entity illageandspillage:axe has no attributes
[11Mar2025 20:32:47.498] [main/ERROR] [net.minecraft.Util/]: Entity illageandspillage:bone has no attributes
[11Mar2025 20:32:47.498] [main/ERROR] [net.minecraft.Util/]: Entity illageandspillage:axe has no attributes
[11Mar2025 20:32:47.498] [main/ERROR] [net.minecraft.Util/]: Entity illageandspillage:bone has no attributes
[11Mar2025 20:32:47.498] [main/ERROR] [net.minecraft.Util/]: Entity illageandspillage:axe has no attributes
[11Mar2025 20:32:47.498] [main/ERROR] [net.minecraft.Util/]: Entity illageandspillage:bone has no attributes
[11Mar2025 20:32:47.498] [main/ERROR] [net.minecraft.Util/]: Entity illageandspillage:axe has no attributes
[11Mar2025 20:32:47.499] [main/ERROR] [net.minecraft.Util/]: Entity illageandspillage:bone has no attributes
[11Mar2025 20:32:47.499] [main/ERROR] [net.minecraft.Util/]: Entity illageandspillage:axe has no attributes
[11Mar2025 20:32:47.500] [main/ERROR] [net.minecraft.Util/]: Entity illageandspillage:bone has no attributes
[11Mar2025 20:32:47.500] [main/ERROR] [net.minecraft.Util/]: Entity illageandspillage:axe has no attributes
[11Mar2025 20:32:47.500] [main/ERROR] [net.minecraft.Util/]: Entity illageandspillage:bone has no attributes
[11Mar2025 20:32:47.500] [main/ERROR] [net.minecraft.Util/]: Entity illageandspillage:axe has no attributes
[11Mar2025 20:32:47.500] [main/ERROR] [net.minecraft.Util/]: Entity illageandspillage:bone has no attributes
[11Mar2025 20:32:47.500] [main/ERROR] [net.minecraft.Util/]: Entity illageandspillage:axe has no attributes
[11Mar2025 20:32:47.500] [main/ERROR] [net.minecraft.Util/]: Entity illageandspillage:bone has no attributes
[11Mar2025 20:32:47.500] [main/ERROR] [net.minecraft.Util/]: Entity illageandspillage:axe has no attributes
[11Mar2025 20:32:47.501] [main/ERROR] [net.minecraft.Util/]: Entity illageandspillage:bone has no attributes
[11Mar2025 20:32:47.501] [main/ERROR] [net.minecraft.Util/]: Entity illageandspillage:axe has no attributes
[11Mar2025 20:32:47.501] [main/ERROR] [net.minecraft.Util/]: Entity illageandspillage:bone has no attributes
[11Mar2025 20:32:47.501] [main/ERROR] [net.minecraft.Util/]: Entity illageandspillage:axe has no attributes
[11Mar2025 20:32:47.501] [main/ERROR] [net.minecraft.Util/]: Entity illageandspillage:bone has no attributes
[11Mar2025 20:32:47.501] [main/ERROR] [net.minecraft.Util/]: Entity illageandspillage:axe has no attributes
[11Mar2025 20:32:47.501] [main/ERROR] [net.minecraft.Util/]: Entity illageandspillage:bone has no attributes
[11Mar2025 20:32:47.501] [main/ERROR] [net.minecraft.Util/]: Entity illageandspillage:axe has no attributes
[11Mar2025 20:32:47.502] [main/ERROR] [net.minecraft.Util/]: Entity illageandspillage:bone has no attributes
[11Mar2025 20:32:47.502] [main/ERROR] [net.minecraft.Util/]: Entity illageandspillage:axe has no attributes
[11Mar2025 20:32:47.502] [main/ERROR] [net.minecraft.Util/]: Entity illageandspillage:bone has no attributes
[11Mar2025 20:32:47.502] [main/ERROR] [net.minecraft.Util/]: Entity illageandspillage:axe has no attributes
[11Mar2025 20:32:47.502] [main/ERROR] [net.minecraft.Util/]: Entity illageandspillage:bone has no attributes
[11Mar2025 20:32:47.502] [main/ERROR] [net.minecraft.Util/]: Entity illageandspillage:axe has no attributes
[11Mar2025 20:32:47.502] [main/ERROR] [net.minecraft.Util/]: Entity illageandspillage:bone has no attributes
[11Mar2025 20:32:47.503] [main/ERROR] [net.minecraft.Util/]: Entity illageandspillage:axe has no attributes
[11Mar2025 20:32:47.503] [main/ERROR] [net.minecraft.Util/]: Entity illageandspillage:bone has no attributes
[11Mar2025 20:32:47.503] [main/ERROR] [net.minecraft.Util/]: Entity illageandspillage:axe has no attributes
[11Mar2025 20:32:47.503] [main/ERROR] [net.minecraft.Util/]: Entity illageandspillage:bone has no attributes
[11Mar2025 20:32:47.503] [main/ERROR] [net.minecraft.Util/]: Entity illageandspillage:axe has no attributes
[11Mar2025 20:32:47.503] [main/ERROR] [net.minecraft.Util/]: Entity illageandspillage:bone has no attributes
[11Mar2025 20:32:47.503] [main/ERROR] [net.minecraft.Util/]: Entity illageandspillage:axe has no attributes
[11Mar2025 20:32:47.504] [main/ERROR] [net.minecraft.Util/]: Entity illageandspillage:bone has no attributes
[11Mar2025 20:32:47.504] [main/ERROR] [net.minecraft.Util/]: Entity illageandspillage:axe has no attributes
[11Mar2025 20:32:47.504] [main/ERROR] [net.minecraft.Util/]: Entity illageandspillage:bone has no attributes
[11Mar2025 20:32:47.504] [main/ERROR] [net.minecraft.Util/]: Entity illageandspillage:axe has no attributes
[11Mar2025 20:32:47.504] [main/ERROR] [net.minecraft.Util/]: Entity illageandspillage:bone has no attributes
[11Mar2025 20:32:47.504] [main/ERROR] [net.minecraft.Util/]: Entity illageandspillage:axe has no attributes
[11Mar2025 20:32:47.505] [main/ERROR] [net.minecraft.Util/]: Entity illageandspillage:bone has no attributes
[11Mar2025 20:32:47.506] [main/ERROR] [net.minecraft.Util/]: Entity illageandspillage:axe has no attributes
[11Mar2025 20:32:47.506] [main/ERROR] [net.minecraft.Util/]: Entity illageandspillage:bone has no attributes
[11Mar2025 20:32:47.506] [main/ERROR] [net.minecraft.Util/]: Entity illageandspillage:axe has no attributes
[11Mar2025 20:32:47.506] [main/ERROR] [net.minecraft.Util/]: Entity illageandspillage:bone has no attributes
[11Mar2025 20:32:47.506] [main/ERROR] [net.minecraft.Util/]: Entity illageandspillage:axe has no attributes
[11Mar2025 20:32:47.506] [main/ERROR] [net.minecraft.Util/]: Entity illageandspillage:bone has no attributes
[11Mar2025 20:32:47.506] [main/ERROR] [net.minecraft.Util/]: Entity illageandspillage:axe has no attributes
[11Mar2025 20:32:47.507] [main/ERROR] [net.minecraft.Util/]: Entity illageandspillage:bone has no attributes
[11Mar2025 20:32:47.507] [main/ERROR] [net.minecraft.Util/]: Entity illageandspillage:axe has no attributes
[11Mar2025 20:32:47.507] [main/ERROR] [net.minecraft.Util/]: Entity illageandspillage:bone has no attributes
[11Mar2025 20:32:47.507] [main/ERROR] [net.minecraft.Util/]: Entity illageandspillage:axe has no attributes
[11Mar2025 20:32:47.507] [main/ERROR] [net.minecraft.Util/]: Entity illageandspillage:bone has no attributes
[11Mar2025 20:32:47.507] [main/ERROR] [net.minecraft.Util/]: Entity illageandspillage:axe has no attributes
[11Mar2025 20:32:47.507] [main/ERROR] [net.minecraft.Util/]: Entity illageandspillage:bone has no attributes
[11Mar2025 20:32:47.507] [main/ERROR] [net.minecraft.Util/]: Entity illageandspillage:axe has no attributes
[11Mar2025 20:32:47.507] [main/ERROR] [net.minecraft.Util/]: Entity illageandspillage:bone has no attributes
[11Mar2025 20:32:47.508] [main/ERROR] [net.minecraft.Util/]: Entity illageandspillage:axe has no attributes
[11Mar2025 20:32:47.508] [main/ERROR] [net.minecraft.Util/]: Entity illageandspillage:bone has no attributes
[11Mar2025 20:32:47.508] [main/ERROR] [net.minecraft.Util/]: Entity illageandspillage:axe has no attributes
[11Mar2025 20:32:47.508] [main/ERROR] [net.minecraft.Util/]: Entity illageandspillage:bone has no attributes
[11Mar2025 20:32:47.508] [main/ERROR] [net.minecraft.Util/]: Entity illageandspillage:axe has no attributes
[11Mar2025 20:32:47.508] [main/ERROR] [net.minecraft.Util/]: Entity illageandspillage:bone has no attributes
[11Mar2025 20:32:47.508] [main/ERROR] [net.minecraft.Util/]: Entity illageandspillage:axe has no attributes
[11Mar2025 20:32:47.508] [main/ERROR] [net.minecraft.Util/]: Entity illageandspillage:bone has no attributes
[11Mar2025 20:32:47.509] [main/ERROR] [net.minecraft.Util/]: Entity illageandspillage:axe has no attributes
[11Mar2025 20:32:47.509] [main/ERROR] [net.minecraft.Util/]: Entity illageandspillage:bone has no attributes
[11Mar2025 20:32:47.509] [main/ERROR] [net.minecraft.Util/]: Entity illageandspillage:axe has no attributes
[11Mar2025 20:32:47.509] [main/ERROR] [net.minecraft.Util/]: Entity illageandspillage:bone has no attributes
[11Mar2025 20:32:47.509] [main/ERROR] [net.minecraft.Util/]: Entity illageandspillage:axe has no attributes
[11Mar2025 20:32:47.509] [main/ERROR] [net.minecraft.Util/]: Entity illageandspillage:bone has no attributes
[11Mar2025 20:32:47.509] [main/ERROR] [net.minecraft.Util/]: Entity illageandspillage:axe has no attributes
[11Mar2025 20:32:47.509] [main/ERROR] [net.minecraft.Util/]: Entity illageandspillage:bone has no attributes
[11Mar2025 20:32:47.510] [main/ERROR] [net.minecraft.Util/]: Entity illageandspillage:axe has no attributes
[11Mar2025 20:32:47.510] [main/ERROR] [net.minecraft.Util/]: Entity illageandspillage:bone has no attributes
[11Mar2025 20:32:47.510] [main/ERROR] [net.minecraft.Util/]: Entity illageandspillage:axe has no attributes
[11Mar2025 20:32:47.510] [main/ERROR] [net.minecraft.Util/]: Entity illageandspillage:bone has no attributes
[11Mar2025 20:32:47.510] [main/ERROR] [net.minecraft.Util/]: Entity illageandspillage:axe has no attributes
[11Mar2025 20:32:47.510] [main/ERROR] [net.minecraft.Util/]: Entity illageandspillage:bone has no attributes
[11Mar2025 20:32:47.510] [main/ERROR] [net.minecraft.Util/]: Entity illageandspillage:axe has no attributes
[11Mar2025 20:32:47.510] [main/ERROR] [net.minecraft.Util/]: Entity illageandspillage:bone has no attributes
[11Mar2025 20:32:47.511] [main/ERROR] [net.minecraft.Util/]: Entity illageandspillage:axe has no attributes
[11Mar2025 20:32:47.511] [main/ERROR] [net.minecraft.Util/]: Entity illageandspillage:bone has no attributes
[11Mar2025 20:32:47.511] [main/ERROR] [net.minecraft.Util/]: Entity illageandspillage:axe has no attributes
[11Mar2025 20:32:47.511] [main/ERROR] [net.minecraft.Util/]: Entity illageandspillage:bone has no attributes
[11Mar2025 20:32:47.511] [main/ERROR] [net.minecraft.Util/]: Entity illageandspillage:axe has no attributes
[11Mar2025 20:32:47.511] [main/ERROR] [net.minecraft.Util/]: Entity illageandspillage:bone has no attributes
[11Mar2025 20:32:47.512] [main/ERROR] [net.minecraft.Util/]: Entity illageandspillage:axe has no attributes
[11Mar2025 20:32:47.512] [main/ERROR] [net.minecraft.Util/]: Entity illageandspillage:bone has no attributes
[11Mar2025 20:32:47.512] [main/ERROR] [net.minecraft.Util/]: Entity illageandspillage:axe has no attributes
[11Mar2025 20:32:47.512] [main/ERROR] [net.minecraft.Util/]: Entity illageandspillage:bone has no attributes
[11Mar2025 20:32:47.512] [main/ERROR] [net.minecraft.Util/]: Entity illageandspillage:axe has no attributes
[11Mar2025 20:32:47.512] [main/ERROR] [net.minecraft.Util/]: Entity illageandspillage:bone has no attributes
[11Mar2025 20:32:47.512] [main/ERROR] [net.minecraft.Util/]: Entity illageandspillage:axe has no attributes
[11Mar2025 20:32:47.514] [main/ERROR] [net.minecraft.Util/]: Entity illageandspillage:bone has no attributes
[11Mar2025 20:32:47.514] [main/ERROR] [net.minecraft.Util/]: Entity illageandspillage:axe has no attributes
[11Mar2025 20:32:47.514] [main/ERROR] [net.minecraft.Util/]: Entity illageandspillage:bone has no attributes
[11Mar2025 20:32:47.514] [main/ERROR] [net.minecraft.Util/]: Entity illageandspillage:axe has no attributes
[11Mar2025 20:32:53.282] [main/WARN] [net.minecraft.server.packs.VanillaPackResourcesBuilder/]: Assets URL 'union:/workspaces/papucraft/servidor_minecraft/libraries/net/minecraft/server/1.20.1-20230612.114412/server-1.20.1-20230612.114412-srg.jar%23341!/assets/.mcassetsroot' uses unexpected schema
[11Mar2025 20:32:53.282] [main/WARN] [net.minecraft.server.packs.VanillaPackResourcesBuilder/]: Assets URL 'union:/workspaces/papucraft/servidor_minecraft/libraries/net/minecraft/server/1.20.1-20230612.114412/server-1.20.1-20230612.114412-srg.jar%23341!/data/.mcassetsroot' uses unexpected schema
[11Mar2025 20:32:53.532] [main/INFO] [Supplementaries/]: Generated runtime SERVER_DATA for pack Supplementaries Generated Pack (supplementaries) in: 34 ms
[11Mar2025 20:32:53.572] [main/INFO] [Supplementaries/]: Generated runtime SERVER_DATA for pack Supplementaries Generated Pack (supplementaries) in: 8 ms
[11Mar2025 20:32:53.606] [main/INFO] [KubeJS Server/]: example.js#5: Hello, World! (Loaded server scripts)
[11Mar2025 20:32:53.606] [main/INFO] [KubeJS Server/]: Loaded script server_scripts:example.js in 0.0 s
[11Mar2025 20:32:53.607] [main/INFO] [KubeJS Server/]: Loaded 1/1 KubeJS server scripts in 0.025 s with 0 errors and 0 warnings
[11Mar2025 20:32:53.607] [main/INFO] [KubeJS Server/]: Scripts loaded
[11Mar2025 20:32:53.677] [main/INFO] [com.teamabnormals.blueprint.core.Blueprint/]: Successfully loaded 1 data remolders!
[11Mar2025 20:32:54.282] [main/INFO] [com.cupboard.Cupboard/]: Loaded config for: connectivity.json
[11Mar2025 20:32:57.383] [main/INFO] [Easy NPC/]: 🗣 Register Easy NPC /easy_npc commands for Easy NPC ...
[11Mar2025 20:32:57.599] [main/INFO] [FTB Ranks/]: Loading command nodes...
[11Mar2025 20:32:57.744] [main/INFO] [FTB Ranks/]: Loaded 3717 command nodes
[11Mar2025 20:32:57.764] [main/INFO] [com.github.alexthe666.alexsmobs.AlexsMobs/]: Adding datapack listener capsid_recipes
[11Mar2025 20:32:57.958] [Worker-Main-2/ERROR] [net.minecraft.tags.TagLoader/]: Couldn't load tag integrated_api:collections/any_taiga as it is missing following references: #repurposed_structures:collections/taigas (from integrated_api-1.5.2+1.20.1-forge.jar)
[11Mar2025 20:32:57.963] [Worker-Main-2/ERROR] [net.minecraft.tags.TagLoader/]: Couldn't load tag idas:has_structure/byg_redwood_biomes as it is missing following references: byg:redwood_thicket (from idas_forge-1.10.3+1.20.1.jar)
[11Mar2025 20:32:57.975] [Worker-Main-2/ERROR] [net.minecraft.tags.TagLoader/]: Couldn't load tag idas:has_structure/bopmohogany_biomes as it is missing following references: biomesoplenty:rainforest (from idas_forge-1.10.3+1.20.1.jar)
[11Mar2025 20:32:57.975] [Worker-Main-2/ERROR] [net.minecraft.tags.TagLoader/]: Couldn't load tag idas:has_structure/bygmohogany_biomes as it is missing following references: byg:tropical_rainforest (from idas_forge-1.10.3+1.20.1.jar)
[11Mar2025 20:32:57.976] [Worker-Main-2/ERROR] [net.minecraft.tags.TagLoader/]: Couldn't load tag idas:has_structure/bopredwood_biomes as it is missing following references: biomesoplenty:redwood_forest (from idas_forge-1.10.3+1.20.1.jar)
[11Mar2025 20:32:58.051] [Worker-Main-3/ERROR] [net.minecraft.tags.TagLoader/]: Couldn't load tag traveloptics:magic_sword_weapon_type as it is missing following references: minecraft: (from traveloptics-4.2.0-1.20.1.jar)
[11Mar2025 20:32:59.079] [Worker-Main-1/ERROR] [net.minecraftforge.common.ForgeHooks/]: Couldn't parse element loot_tables:idas:chests/dread_citadel/dread_citadel
com.google.gson.JsonSyntaxException: Expected name to be an item, was unknown string 'iceandfire:dread_shard'
	at net.minecraft.util.GsonHelper.m_13866_(GsonHelper.java:145) ~[server-1.20.1-20230612.114412-srg.jar%23341!/:?]
	at java.util.Optional.orElseThrow(Optional.java:403) ~[?:?]
	at net.minecraft.util.GsonHelper.m_13874_(GsonHelper.java:145) ~[server-1.20.1-20230612.114412-srg.jar%23341!/:?]
	at net.minecraft.util.GsonHelper.m_13909_(GsonHelper.java:153) ~[server-1.20.1-20230612.114412-srg.jar%23341!/:?]
	at net.minecraft.world.level.storage.loot.entries.LootItem$Serializer.m_7267_(LootItem.java:55) ~[server-1.20.1-20230612.114412-srg.jar%23341!/:?]
	at net.minecraft.world.level.storage.loot.entries.LootItem$Serializer.m_7267_(LootItem.java:40) ~[server-1.20.1-20230612.114412-srg.jar%23341!/:?]
	at net.minecraft.world.level.storage.loot.entries.LootPoolSingletonContainer$Serializer.m_5921_(LootPoolSingletonContainer.java:151) ~[server-1.20.1-20230612.114412-srg.jar%23341!/:?]
	at net.minecraft.world.level.storage.loot.entries.LootPoolSingletonContainer$Serializer.m_5921_(LootPoolSingletonContainer.java:129) ~[server-1.20.1-20230612.114412-srg.jar%23341!/:?]
	at net.minecraft.world.level.storage.loot.entries.LootPoolEntryContainer$Serializer.m_7561_(LootPoolEntryContainer.java:86) ~[server-1.20.1-20230612.114412-srg.jar%23341!/:?]
	at net.minecraft.world.level.storage.loot.entries.LootPoolEntryContainer$Serializer.m_7561_(LootPoolEntryContainer.java:74) ~[server-1.20.1-20230612.114412-srg.jar%23341!/:?]
	at net.minecraft.world.level.storage.loot.GsonAdapterFactory$JsonAdapter.deserialize(GsonAdapterFactory.java:102) ~[server-1.20.1-20230612.114412-srg.jar%23341!/:?]
	at com.google.gson.internal.bind.TreeTypeAdapter.read(TreeTypeAdapter.java:76) ~[gson-2.10.jar%2372!/:?]
	at com.google.gson.internal.bind.TypeAdapterRuntimeTypeWrapper.read(TypeAdapterRuntimeTypeWrapper.java:40) ~[gson-2.10.jar%2372!/:?]
	at com.google.gson.internal.bind.ArrayTypeAdapter.read(ArrayTypeAdapter.java:72) ~[gson-2.10.jar%2372!/:?]
	at com.google.gson.Gson.fromJson(Gson.java:1214) ~[gson-2.10.jar%2372!/:?]
	at com.google.gson.Gson.fromJson(Gson.java:1319) ~[gson-2.10.jar%2372!/:?]
	at com.google.gson.Gson.fromJson(Gson.java:1290) ~[gson-2.10.jar%2372!/:?]
	at com.google.gson.internal.bind.TreeTypeAdapter$GsonContextImpl.deserialize(TreeTypeAdapter.java:179) ~[gson-2.10.jar%2372!/:?]
	at net.minecraft.util.GsonHelper.m_13808_(GsonHelper.java:463) ~[server-1.20.1-20230612.114412-srg.jar%23341!/:?]
	at net.minecraft.util.GsonHelper.m_13836_(GsonHelper.java:471) ~[server-1.20.1-20230612.114412-srg.jar%23341!/:?]
	at net.minecraft.world.level.storage.loot.LootPool$Serializer.deserialize(LootPool.java:192) ~[server-1.20.1-20230612.114412-srg.jar%23341!/:?]
	at net.minecraft.world.level.storage.loot.LootPool$Serializer.deserialize(LootPool.java:189) ~[server-1.20.1-20230612.114412-srg.jar%23341!/:?]
	at com.google.gson.internal.bind.TreeTypeAdapter.read(TreeTypeAdapter.java:76) ~[gson-2.10.jar%2372!/:?]
	at com.google.gson.internal.bind.TypeAdapterRuntimeTypeWrapper.read(TypeAdapterRuntimeTypeWrapper.java:40) ~[gson-2.10.jar%2372!/:?]
	at com.google.gson.internal.bind.ArrayTypeAdapter.read(ArrayTypeAdapter.java:72) ~[gson-2.10.jar%2372!/:?]
	at com.google.gson.Gson.fromJson(Gson.java:1214) ~[gson-2.10.jar%2372!/:?]
	at com.google.gson.Gson.fromJson(Gson.java:1319) ~[gson-2.10.jar%2372!/:?]
	at com.google.gson.Gson.fromJson(Gson.java:1290) ~[gson-2.10.jar%2372!/:?]
	at com.google.gson.internal.bind.TreeTypeAdapter$GsonContextImpl.deserialize(TreeTypeAdapter.java:179) ~[gson-2.10.jar%2372!/:?]
	at net.minecraft.util.GsonHelper.m_13808_(GsonHelper.java:463) ~[server-1.20.1-20230612.114412-srg.jar%23341!/:?]
	at net.minecraft.util.GsonHelper.m_13845_(GsonHelper.java:481) ~[server-1.20.1-20230612.114412-srg.jar%23341!/:?]
	at net.minecraft.world.level.storage.loot.LootTable$Serializer.deserialize(LootTable.java:294) ~[server-1.20.1-20230612.114412-srg.jar%23341!/:?]
	at net.minecraft.world.level.storage.loot.LootTable$Serializer.deserialize(LootTable.java:291) ~[server-1.20.1-20230612.114412-srg.jar%23341!/:?]
	at com.google.gson.internal.bind.TreeTypeAdapter.read(TreeTypeAdapter.java:76) ~[gson-2.10.jar%2372!/:?]
	at com.google.gson.Gson.fromJson(Gson.java:1214) ~[gson-2.10.jar%2372!/:?]
	at com.google.gson.Gson.fromJson(Gson.java:1319) ~[gson-2.10.jar%2372!/:?]
	at com.google.gson.Gson.fromJson(Gson.java:1261) ~[gson-2.10.jar%2372!/:?]
	at net.minecraftforge.common.ForgeHooks.loadLootTable(ForgeHooks.java:871) ~[forge-1.20.1-47.3.7-universal.jar%23346!/:?]
	at net.minecraftforge.common.ForgeHooks.lambda$getLootTableDeserializer$3(ForgeHooks.java:848) ~[forge-1.20.1-47.3.7-universal.jar%23346!/:?]
	at net.minecraft.world.level.storage.loot.LootDataType.deserialize(LootDataType.java:45) ~[server-1.20.1-20230612.114412-srg.jar%23341!/:?]
	at net.minecraft.world.level.storage.loot.LootDataManager.lambda$scheduleElementParse$4(LootDataManager.java:56) ~[server-1.20.1-20230612.114412-srg.jar%23341!/:?]
	at java.util.HashMap.forEach(HashMap.java:1421) ~[?:?]
	at net.minecraft.world.level.storage.loot.LootDataManager.m_278660_(LootDataManager.java:55) ~[server-1.20.1-20230612.114412-srg.jar%23341!/:?]
	at java.util.concurrent.CompletableFuture$AsyncRun.run(CompletableFuture.java:1804) ~[?:?]
	at java.util.concurrent.CompletableFuture$AsyncRun.exec(CompletableFuture.java:1796) ~[?:?]
	at java.util.concurrent.ForkJoinTask.doExec(ForkJoinTask.java:373) ~[?:?]
	at java.util.concurrent.ForkJoinPool$WorkQueue.topLevelExec(ForkJoinPool.java:1182) ~[?:?]
	at java.util.concurrent.ForkJoinPool.scan(ForkJoinPool.java:1655) ~[?:?]
	at java.util.concurrent.ForkJoinPool.runWorker(ForkJoinPool.java:1622) ~[?:?]
	at java.util.concurrent.ForkJoinWorkerThread.run(ForkJoinWorkerThread.java:165) ~[?:?]
[11Mar2025 20:32:59.244] [Worker-Main-1/ERROR] [net.minecraftforge.common.ForgeHooks/]: Couldn't parse element loot_tables:idas:chests/haunted_manor/if_haunted_manor
com.google.gson.JsonSyntaxException: Expected name to be an item, was unknown string 'iceandfire:silver_nugget'
	at net.minecraft.util.GsonHelper.m_13866_(GsonHelper.java:145) ~[server-1.20.1-20230612.114412-srg.jar%23341!/:?]
	at java.util.Optional.orElseThrow(Optional.java:403) ~[?:?]
	at net.minecraft.util.GsonHelper.m_13874_(GsonHelper.java:145) ~[server-1.20.1-20230612.114412-srg.jar%23341!/:?]
	at net.minecraft.util.GsonHelper.m_13909_(GsonHelper.java:153) ~[server-1.20.1-20230612.114412-srg.jar%23341!/:?]
	at net.minecraft.world.level.storage.loot.entries.LootItem$Serializer.m_7267_(LootItem.java:55) ~[server-1.20.1-20230612.114412-srg.jar%23341!/:?]
	at net.minecraft.world.level.storage.loot.entries.LootItem$Serializer.m_7267_(LootItem.java:40) ~[server-1.20.1-20230612.114412-srg.jar%23341!/:?]
	at net.minecraft.world.level.storage.loot.entries.LootPoolSingletonContainer$Serializer.m_5921_(LootPoolSingletonContainer.java:151) ~[server-1.20.1-20230612.114412-srg.jar%23341!/:?]
	at net.minecraft.world.level.storage.loot.entries.LootPoolSingletonContainer$Serializer.m_5921_(LootPoolSingletonContainer.java:129) ~[server-1.20.1-20230612.114412-srg.jar%23341!/:?]
	at net.minecraft.world.level.storage.loot.entries.LootPoolEntryContainer$Serializer.m_7561_(LootPoolEntryContainer.java:86) ~[server-1.20.1-20230612.114412-srg.jar%23341!/:?]
	at net.minecraft.world.level.storage.loot.entries.LootPoolEntryContainer$Serializer.m_7561_(LootPoolEntryContainer.java:74) ~[server-1.20.1-20230612.114412-srg.jar%23341!/:?]
	at net.minecraft.world.level.storage.loot.GsonAdapterFactory$JsonAdapter.deserialize(GsonAdapterFactory.java:102) ~[server-1.20.1-20230612.114412-srg.jar%23341!/:?]
	at com.google.gson.internal.bind.TreeTypeAdapter.read(TreeTypeAdapter.java:76) ~[gson-2.10.jar%2372!/:?]
	at com.google.gson.internal.bind.TypeAdapterRuntimeTypeWrapper.read(TypeAdapterRuntimeTypeWrapper.java:40) ~[gson-2.10.jar%2372!/:?]
	at com.google.gson.internal.bind.ArrayTypeAdapter.read(ArrayTypeAdapter.java:72) ~[gson-2.10.jar%2372!/:?]
	at com.google.gson.Gson.fromJson(Gson.java:1214) ~[gson-2.10.jar%2372!/:?]
	at com.google.gson.Gson.fromJson(Gson.java:1319) ~[gson-2.10.jar%2372!/:?]
	at com.google.gson.Gson.fromJson(Gson.java:1290) ~[gson-2.10.jar%2372!/:?]
	at com.google.gson.internal.bind.TreeTypeAdapter$GsonContextImpl.deserialize(TreeTypeAdapter.java:179) ~[gson-2.10.jar%2372!/:?]
	at net.minecraft.util.GsonHelper.m_13808_(GsonHelper.java:463) ~[server-1.20.1-20230612.114412-srg.jar%23341!/:?]
	at net.minecraft.util.GsonHelper.m_13836_(GsonHelper.java:471) ~[server-1.20.1-20230612.114412-srg.jar%23341!/:?]
	at net.minecraft.world.level.storage.loot.LootPool$Serializer.deserialize(LootPool.java:192) ~[server-1.20.1-20230612.114412-srg.jar%23341!/:?]
	at net.minecraft.world.level.storage.loot.LootPool$Serializer.deserialize(LootPool.java:189) ~[server-1.20.1-20230612.114412-srg.jar%23341!/:?]
	at com.google.gson.internal.bind.TreeTypeAdapter.read(TreeTypeAdapter.java:76) ~[gson-2.10.jar%2372!/:?]
	at com.google.gson.internal.bind.TypeAdapterRuntimeTypeWrapper.read(TypeAdapterRuntimeTypeWrapper.java:40) ~[gson-2.10.jar%2372!/:?]
	at com.google.gson.internal.bind.ArrayTypeAdapter.read(ArrayTypeAdapter.java:72) ~[gson-2.10.jar%2372!/:?]
	at com.google.gson.Gson.fromJson(Gson.java:1214) ~[gson-2.10.jar%2372!/:?]
	at com.google.gson.Gson.fromJson(Gson.java:1319) ~[gson-2.10.jar%2372!/:?]
	at com.google.gson.Gson.fromJson(Gson.java:1290) ~[gson-2.10.jar%2372!/:?]
	at com.google.gson.internal.bind.TreeTypeAdapter$GsonContextImpl.deserialize(TreeTypeAdapter.java:179) ~[gson-2.10.jar%2372!/:?]
	at net.minecraft.util.GsonHelper.m_13808_(GsonHelper.java:463) ~[server-1.20.1-20230612.114412-srg.jar%23341!/:?]
	at net.minecraft.util.GsonHelper.m_13845_(GsonHelper.java:481) ~[server-1.20.1-20230612.114412-srg.jar%23341!/:?]
	at net.minecraft.world.level.storage.loot.LootTable$Serializer.deserialize(LootTable.java:294) ~[server-1.20.1-20230612.114412-srg.jar%23341!/:?]
	at net.minecraft.world.level.storage.loot.LootTable$Serializer.deserialize(LootTable.java:291) ~[server-1.20.1-20230612.114412-srg.jar%23341!/:?]
	at com.google.gson.internal.bind.TreeTypeAdapter.read(TreeTypeAdapter.java:76) ~[gson-2.10.jar%2372!/:?]
	at com.google.gson.Gson.fromJson(Gson.java:1214) ~[gson-2.10.jar%2372!/:?]
	at com.google.gson.Gson.fromJson(Gson.java:1319) ~[gson-2.10.jar%2372!/:?]
	at com.google.gson.Gson.fromJson(Gson.java:1261) ~[gson-2.10.jar%2372!/:?]
	at net.minecraftforge.common.ForgeHooks.loadLootTable(ForgeHooks.java:871) ~[forge-1.20.1-47.3.7-universal.jar%23346!/:?]
	at net.minecraftforge.common.ForgeHooks.lambda$getLootTableDeserializer$3(ForgeHooks.java:848) ~[forge-1.20.1-47.3.7-universal.jar%23346!/:?]
	at net.minecraft.world.level.storage.loot.LootDataType.deserialize(LootDataType.java:45) ~[server-1.20.1-20230612.114412-srg.jar%23341!/:?]
	at net.minecraft.world.level.storage.loot.LootDataManager.lambda$scheduleElementParse$4(LootDataManager.java:56) ~[server-1.20.1-20230612.114412-srg.jar%23341!/:?]
	at java.util.HashMap.forEach(HashMap.java:1421) ~[?:?]
	at net.minecraft.world.level.storage.loot.LootDataManager.m_278660_(LootDataManager.java:55) ~[server-1.20.1-20230612.114412-srg.jar%23341!/:?]
	at java.util.concurrent.CompletableFuture$AsyncRun.run(CompletableFuture.java:1804) ~[?:?]
	at java.util.concurrent.CompletableFuture$AsyncRun.exec(CompletableFuture.java:1796) ~[?:?]
	at java.util.concurrent.ForkJoinTask.doExec(ForkJoinTask.java:373) ~[?:?]
	at java.util.concurrent.ForkJoinPool$WorkQueue.topLevelExec(ForkJoinPool.java:1182) ~[?:?]
	at java.util.concurrent.ForkJoinPool.scan(ForkJoinPool.java:1655) ~[?:?]
	at java.util.concurrent.ForkJoinPool.runWorker(ForkJoinPool.java:1622) ~[?:?]
	at java.util.concurrent.ForkJoinWorkerThread.run(ForkJoinWorkerThread.java:165) ~[?:?]
[11Mar2025 20:32:59.264] [Worker-Main-1/ERROR] [net.minecraftforge.common.ForgeHooks/]: Couldn't parse element loot_tables:idas:chests/labyrinth/if_labyrinth_tomb
com.google.gson.JsonSyntaxException: Expected name to be an item, was unknown string 'iceandfire:sapphire_gem'
	at net.minecraft.util.GsonHelper.m_13866_(GsonHelper.java:145) ~[server-1.20.1-20230612.114412-srg.jar%23341!/:?]
	at java.util.Optional.orElseThrow(Optional.java:403) ~[?:?]
	at net.minecraft.util.GsonHelper.m_13874_(GsonHelper.java:145) ~[server-1.20.1-20230612.114412-srg.jar%23341!/:?]
	at net.minecraft.util.GsonHelper.m_13909_(GsonHelper.java:153) ~[server-1.20.1-20230612.114412-srg.jar%23341!/:?]
	at net.minecraft.world.level.storage.loot.entries.LootItem$Serializer.m_7267_(LootItem.java:55) ~[server-1.20.1-20230612.114412-srg.jar%23341!/:?]
	at net.minecraft.world.level.storage.loot.entries.LootItem$Serializer.m_7267_(LootItem.java:40) ~[server-1.20.1-20230612.114412-srg.jar%23341!/:?]
	at net.minecraft.world.level.storage.loot.entries.LootPoolSingletonContainer$Serializer.m_5921_(LootPoolSingletonContainer.java:151) ~[server-1.20.1-20230612.114412-srg.jar%23341!/:?]
	at net.minecraft.world.level.storage.loot.entries.LootPoolSingletonContainer$Serializer.m_5921_(LootPoolSingletonContainer.java:129) ~[server-1.20.1-20230612.114412-srg.jar%23341!/:?]
	at net.minecraft.world.level.storage.loot.entries.LootPoolEntryContainer$Serializer.m_7561_(LootPoolEntryContainer.java:86) ~[server-1.20.1-20230612.114412-srg.jar%23341!/:?]
	at net.minecraft.world.level.storage.loot.entries.LootPoolEntryContainer$Serializer.m_7561_(LootPoolEntryContainer.java:74) ~[server-1.20.1-20230612.114412-srg.jar%23341!/:?]
	at net.minecraft.world.level.storage.loot.GsonAdapterFactory$JsonAdapter.deserialize(GsonAdapterFactory.java:102) ~[server-1.20.1-20230612.114412-srg.jar%23341!/:?]
	at com.google.gson.internal.bind.TreeTypeAdapter.read(TreeTypeAdapter.java:76) ~[gson-2.10.jar%2372!/:?]
	at com.google.gson.internal.bind.TypeAdapterRuntimeTypeWrapper.read(TypeAdapterRuntimeTypeWrapper.java:40) ~[gson-2.10.jar%2372!/:?]
	at com.google.gson.internal.bind.ArrayTypeAdapter.read(ArrayTypeAdapter.java:72) ~[gson-2.10.jar%2372!/:?]
	at com.google.gson.Gson.fromJson(Gson.java:1214) ~[gson-2.10.jar%2372!/:?]
	at com.google.gson.Gson.fromJson(Gson.java:1319) ~[gson-2.10.jar%2372!/:?]
	at com.google.gson.Gson.fromJson(Gson.java:1290) ~[gson-2.10.jar%2372!/:?]
	at com.google.gson.internal.bind.TreeTypeAdapter$GsonContextImpl.deserialize(TreeTypeAdapter.java:179) ~[gson-2.10.jar%2372!/:?]
	at net.minecraft.util.GsonHelper.m_13808_(GsonHelper.java:463) ~[server-1.20.1-20230612.114412-srg.jar%23341!/:?]
	at net.minecraft.util.GsonHelper.m_13836_(GsonHelper.java:471) ~[server-1.20.1-20230612.114412-srg.jar%23341!/:?]
	at net.minecraft.world.level.storage.loot.LootPool$Serializer.deserialize(LootPool.java:192) ~[server-1.20.1-20230612.114412-srg.jar%23341!/:?]
	at net.minecraft.world.level.storage.loot.LootPool$Serializer.deserialize(LootPool.java:189) ~[server-1.20.1-20230612.114412-srg.jar%23341!/:?]
	at com.google.gson.internal.bind.TreeTypeAdapter.read(TreeTypeAdapter.java:76) ~[gson-2.10.jar%2372!/:?]
	at com.google.gson.internal.bind.TypeAdapterRuntimeTypeWrapper.read(TypeAdapterRuntimeTypeWrapper.java:40) ~[gson-2.10.jar%2372!/:?]
	at com.google.gson.internal.bind.ArrayTypeAdapter.read(ArrayTypeAdapter.java:72) ~[gson-2.10.jar%2372!/:?]
	at com.google.gson.Gson.fromJson(Gson.java:1214) ~[gson-2.10.jar%2372!/:?]
	at com.google.gson.Gson.fromJson(Gson.java:1319) ~[gson-2.10.jar%2372!/:?]
	at com.google.gson.Gson.fromJson(Gson.java:1290) ~[gson-2.10.jar%2372!/:?]
	at com.google.gson.internal.bind.TreeTypeAdapter$GsonContextImpl.deserialize(TreeTypeAdapter.java:179) ~[gson-2.10.jar%2372!/:?]
	at net.minecraft.util.GsonHelper.m_13808_(GsonHelper.java:463) ~[server-1.20.1-20230612.114412-srg.jar%23341!/:?]
	at net.minecraft.util.GsonHelper.m_13845_(GsonHelper.java:481) ~[server-1.20.1-20230612.114412-srg.jar%23341!/:?]
	at net.minecraft.world.level.storage.loot.LootTable$Serializer.deserialize(LootTable.java:294) ~[server-1.20.1-20230612.114412-srg.jar%23341!/:?]
	at net.minecraft.world.level.storage.loot.LootTable$Serializer.deserialize(LootTable.java:291) ~[server-1.20.1-20230612.114412-srg.jar%23341!/:?]
	at com.google.gson.internal.bind.TreeTypeAdapter.read(TreeTypeAdapter.java:76) ~[gson-2.10.jar%2372!/:?]
	at com.google.gson.Gson.fromJson(Gson.java:1214) ~[gson-2.10.jar%2372!/:?]
	at com.google.gson.Gson.fromJson(Gson.java:1319) ~[gson-2.10.jar%2372!/:?]
	at com.google.gson.Gson.fromJson(Gson.java:1261) ~[gson-2.10.jar%2372!/:?]
	at net.minecraftforge.common.ForgeHooks.loadLootTable(ForgeHooks.java:871) ~[forge-1.20.1-47.3.7-universal.jar%23346!/:?]
	at net.minecraftforge.common.ForgeHooks.lambda$getLootTableDeserializer$3(ForgeHooks.java:848) ~[forge-1.20.1-47.3.7-universal.jar%23346!/:?]
	at net.minecraft.world.level.storage.loot.LootDataType.deserialize(LootDataType.java:45) ~[server-1.20.1-20230612.114412-srg.jar%23341!/:?]
	at net.minecraft.world.level.storage.loot.LootDataManager.lambda$scheduleElementParse$4(LootDataManager.java:56) ~[server-1.20.1-20230612.114412-srg.jar%23341!/:?]
	at java.util.HashMap.forEach(HashMap.java:1421) ~[?:?]
	at net.minecraft.world.level.storage.loot.LootDataManager.m_278660_(LootDataManager.java:55) ~[server-1.20.1-20230612.114412-srg.jar%23341!/:?]
	at java.util.concurrent.CompletableFuture$AsyncRun.run(CompletableFuture.java:1804) ~[?:?]
	at java.util.concurrent.CompletableFuture$AsyncRun.exec(CompletableFuture.java:1796) ~[?:?]
	at java.util.concurrent.ForkJoinTask.doExec(ForkJoinTask.java:373) ~[?:?]
	at java.util.concurrent.ForkJoinPool$WorkQueue.topLevelExec(ForkJoinPool.java:1182) ~[?:?]
	at java.util.concurrent.ForkJoinPool.scan(ForkJoinPool.java:1655) ~[?:?]
	at java.util.concurrent.ForkJoinPool.runWorker(ForkJoinPool.java:1622) ~[?:?]
	at java.util.concurrent.ForkJoinWorkerThread.run(ForkJoinWorkerThread.java:165) ~[?:?]
[11Mar2025 20:32:59.376] [Worker-Main-1/ERROR] [net.minecraftforge.common.ForgeHooks/]: Couldn't parse element loot_tables:idas:chests/archmages_tower/archmages_tower_treasure
com.google.gson.JsonSyntaxException: Expected name to be an item, was unknown string 'ars_nouveau:ritual_burrowing'
	at net.minecraft.util.GsonHelper.m_13866_(GsonHelper.java:145) ~[server-1.20.1-20230612.114412-srg.jar%23341!/:?]
	at java.util.Optional.orElseThrow(Optional.java:403) ~[?:?]
	at net.minecraft.util.GsonHelper.m_13874_(GsonHelper.java:145) ~[server-1.20.1-20230612.114412-srg.jar%23341!/:?]
	at net.minecraft.util.GsonHelper.m_13909_(GsonHelper.java:153) ~[server-1.20.1-20230612.114412-srg.jar%23341!/:?]
	at net.minecraft.world.level.storage.loot.entries.LootItem$Serializer.m_7267_(LootItem.java:55) ~[server-1.20.1-20230612.114412-srg.jar%23341!/:?]
	at net.minecraft.world.level.storage.loot.entries.LootItem$Serializer.m_7267_(LootItem.java:40) ~[server-1.20.1-20230612.114412-srg.jar%23341!/:?]
	at net.minecraft.world.level.storage.loot.entries.LootPoolSingletonContainer$Serializer.m_5921_(LootPoolSingletonContainer.java:151) ~[server-1.20.1-20230612.114412-srg.jar%23341!/:?]
	at net.minecraft.world.level.storage.loot.entries.LootPoolSingletonContainer$Serializer.m_5921_(LootPoolSingletonContainer.java:129) ~[server-1.20.1-20230612.114412-srg.jar%23341!/:?]
	at net.minecraft.world.level.storage.loot.entries.LootPoolEntryContainer$Serializer.m_7561_(LootPoolEntryContainer.java:86) ~[server-1.20.1-20230612.114412-srg.jar%23341!/:?]
	at net.minecraft.world.level.storage.loot.entries.LootPoolEntryContainer$Serializer.m_7561_(LootPoolEntryContainer.java:74) ~[server-1.20.1-20230612.114412-srg.jar%23341!/:?]
	at net.minecraft.world.level.storage.loot.GsonAdapterFactory$JsonAdapter.deserialize(GsonAdapterFactory.java:102) ~[server-1.20.1-20230612.114412-srg.jar%23341!/:?]
	at com.google.gson.internal.bind.TreeTypeAdapter.read(TreeTypeAdapter.java:76) ~[gson-2.10.jar%2372!/:?]
	at com.google.gson.internal.bind.TypeAdapterRuntimeTypeWrapper.read(TypeAdapterRuntimeTypeWrapper.java:40) ~[gson-2.10.jar%2372!/:?]
	at com.google.gson.internal.bind.ArrayTypeAdapter.read(ArrayTypeAdapter.java:72) ~[gson-2.10.jar%2372!/:?]
	at com.google.gson.Gson.fromJson(Gson.java:1214) ~[gson-2.10.jar%2372!/:?]
	at com.google.gson.Gson.fromJson(Gson.java:1319) ~[gson-2.10.jar%2372!/:?]
	at com.google.gson.Gson.fromJson(Gson.java:1290) ~[gson-2.10.jar%2372!/:?]
	at com.google.gson.internal.bind.TreeTypeAdapter$GsonContextImpl.deserialize(TreeTypeAdapter.java:179) ~[gson-2.10.jar%2372!/:?]
	at net.minecraft.util.GsonHelper.m_13808_(GsonHelper.java:463) ~[server-1.20.1-20230612.114412-srg.jar%23341!/:?]
	at net.minecraft.util.GsonHelper.m_13836_(GsonHelper.java:471) ~[server-1.20.1-20230612.114412-srg.jar%23341!/:?]
	at net.minecraft.world.level.storage.loot.LootPool$Serializer.deserialize(LootPool.java:192) ~[server-1.20.1-20230612.114412-srg.jar%23341!/:?]
	at net.minecraft.world.level.storage.loot.LootPool$Serializer.deserialize(LootPool.java:189) ~[server-1.20.1-20230612.114412-srg.jar%23341!/:?]
	at com.google.gson.internal.bind.TreeTypeAdapter.read(TreeTypeAdapter.java:76) ~[gson-2.10.jar%2372!/:?]
	at com.google.gson.internal.bind.TypeAdapterRuntimeTypeWrapper.read(TypeAdapterRuntimeTypeWrapper.java:40) ~[gson-2.10.jar%2372!/:?]
	at com.google.gson.internal.bind.ArrayTypeAdapter.read(ArrayTypeAdapter.java:72) ~[gson-2.10.jar%2372!/:?]
	at com.google.gson.Gson.fromJson(Gson.java:1214) ~[gson-2.10.jar%2372!/:?]
	at com.google.gson.Gson.fromJson(Gson.java:1319) ~[gson-2.10.jar%2372!/:?]
	at com.google.gson.Gson.fromJson(Gson.java:1290) ~[gson-2.10.jar%2372!/:?]
	at com.google.gson.internal.bind.TreeTypeAdapter$GsonContextImpl.deserialize(TreeTypeAdapter.java:179) ~[gson-2.10.jar%2372!/:?]
	at net.minecraft.util.GsonHelper.m_13808_(GsonHelper.java:463) ~[server-1.20.1-20230612.114412-srg.jar%23341!/:?]
	at net.minecraft.util.GsonHelper.m_13845_(GsonHelper.java:481) ~[server-1.20.1-20230612.114412-srg.jar%23341!/:?]
	at net.minecraft.world.level.storage.loot.LootTable$Serializer.deserialize(LootTable.java:294) ~[server-1.20.1-20230612.114412-srg.jar%23341!/:?]
	at net.minecraft.world.level.storage.loot.LootTable$Serializer.deserialize(LootTable.java:291) ~[server-1.20.1-20230612.114412-srg.jar%23341!/:?]
	at com.google.gson.internal.bind.TreeTypeAdapter.read(TreeTypeAdapter.java:76) ~[gson-2.10.jar%2372!/:?]
	at com.google.gson.Gson.fromJson(Gson.java:1214) ~[gson-2.10.jar%2372!/:?]
	at com.google.gson.Gson.fromJson(Gson.java:1319) ~[gson-2.10.jar%2372!/:?]
	at com.google.gson.Gson.fromJson(Gson.java:1261) ~[gson-2.10.jar%2372!/:?]
	at net.minecraftforge.common.ForgeHooks.loadLootTable(ForgeHooks.java:871) ~[forge-1.20.1-47.3.7-universal.jar%23346!/:?]
	at net.minecraftforge.common.ForgeHooks.lambda$getLootTableDeserializer$3(ForgeHooks.java:848) ~[forge-1.20.1-47.3.7-universal.jar%23346!/:?]
	at net.minecraft.world.level.storage.loot.LootDataType.deserialize(LootDataType.java:45) ~[server-1.20.1-20230612.114412-srg.jar%23341!/:?]
	at net.minecraft.world.level.storage.loot.LootDataManager.lambda$scheduleElementParse$4(LootDataManager.java:56) ~[server-1.20.1-20230612.114412-srg.jar%23341!/:?]
	at java.util.HashMap.forEach(HashMap.java:1421) ~[?:?]
	at net.minecraft.world.level.storage.loot.LootDataManager.m_278660_(LootDataManager.java:55) ~[server-1.20.1-20230612.114412-srg.jar%23341!/:?]
	at java.util.concurrent.CompletableFuture$AsyncRun.run(CompletableFuture.java:1804) ~[?:?]
	at java.util.concurrent.CompletableFuture$AsyncRun.exec(CompletableFuture.java:1796) ~[?:?]
	at java.util.concurrent.ForkJoinTask.doExec(ForkJoinTask.java:373) ~[?:?]
	at java.util.concurrent.ForkJoinPool$WorkQueue.topLevelExec(ForkJoinPool.java:1182) ~[?:?]
	at java.util.concurrent.ForkJoinPool.scan(ForkJoinPool.java:1655) ~[?:?]
	at java.util.concurrent.ForkJoinPool.runWorker(ForkJoinPool.java:1622) ~[?:?]
	at java.util.concurrent.ForkJoinWorkerThread.run(ForkJoinWorkerThread.java:165) ~[?:?]
[11Mar2025 20:32:59.462] [Worker-Main-1/ERROR] [net.minecraftforge.common.ForgeHooks/]: Couldn't parse element loot_tables:idas:chests/archmages_tower/archmages_tower_library
com.google.gson.JsonSyntaxException: Expected name to be an item, was unknown string 'ars_nouveau:worn_notebook'
	at net.minecraft.util.GsonHelper.m_13866_(GsonHelper.java:145) ~[server-1.20.1-20230612.114412-srg.jar%23341!/:?]
	at java.util.Optional.orElseThrow(Optional.java:403) ~[?:?]
	at net.minecraft.util.GsonHelper.m_13874_(GsonHelper.java:145) ~[server-1.20.1-20230612.114412-srg.jar%23341!/:?]
	at net.minecraft.util.GsonHelper.m_13909_(GsonHelper.java:153) ~[server-1.20.1-20230612.114412-srg.jar%23341!/:?]
	at net.minecraft.world.level.storage.loot.entries.LootItem$Serializer.m_7267_(LootItem.java:55) ~[server-1.20.1-20230612.114412-srg.jar%23341!/:?]
	at net.minecraft.world.level.storage.loot.entries.LootItem$Serializer.m_7267_(LootItem.java:40) ~[server-1.20.1-20230612.114412-srg.jar%23341!/:?]
	at net.minecraft.world.level.storage.loot.entries.LootPoolSingletonContainer$Serializer.m_5921_(LootPoolSingletonContainer.java:151) ~[server-1.20.1-20230612.114412-srg.jar%23341!/:?]
	at net.minecraft.world.level.storage.loot.entries.LootPoolSingletonContainer$Serializer.m_5921_(LootPoolSingletonContainer.java:129) ~[server-1.20.1-20230612.114412-srg.jar%23341!/:?]
	at net.minecraft.world.level.storage.loot.entries.LootPoolEntryContainer$Serializer.m_7561_(LootPoolEntryContainer.java:86) ~[server-1.20.1-20230612.114412-srg.jar%23341!/:?]
	at net.minecraft.world.level.storage.loot.entries.LootPoolEntryContainer$Serializer.m_7561_(LootPoolEntryContainer.java:74) ~[server-1.20.1-20230612.114412-srg.jar%23341!/:?]
	at net.minecraft.world.level.storage.loot.GsonAdapterFactory$JsonAdapter.deserialize(GsonAdapterFactory.java:102) ~[server-1.20.1-20230612.114412-srg.jar%23341!/:?]
	at com.google.gson.internal.bind.TreeTypeAdapter.read(TreeTypeAdapter.java:76) ~[gson-2.10.jar%2372!/:?]
	at com.google.gson.internal.bind.TypeAdapterRuntimeTypeWrapper.read(TypeAdapterRuntimeTypeWrapper.java:40) ~[gson-2.10.jar%2372!/:?]
	at com.google.gson.internal.bind.ArrayTypeAdapter.read(ArrayTypeAdapter.java:72) ~[gson-2.10.jar%2372!/:?]
	at com.google.gson.Gson.fromJson(Gson.java:1214) ~[gson-2.10.jar%2372!/:?]
	at com.google.gson.Gson.fromJson(Gson.java:1319) ~[gson-2.10.jar%2372!/:?]
	at com.google.gson.Gson.fromJson(Gson.java:1290) ~[gson-2.10.jar%2372!/:?]
	at com.google.gson.internal.bind.TreeTypeAdapter$GsonContextImpl.deserialize(TreeTypeAdapter.java:179) ~[gson-2.10.jar%2372!/:?]
	at net.minecraft.util.GsonHelper.m_13808_(GsonHelper.java:463) ~[server-1.20.1-20230612.114412-srg.jar%23341!/:?]
	at net.minecraft.util.GsonHelper.m_13836_(GsonHelper.java:471) ~[server-1.20.1-20230612.114412-srg.jar%23341!/:?]
	at net.minecraft.world.level.storage.loot.LootPool$Serializer.deserialize(LootPool.java:192) ~[server-1.20.1-20230612.114412-srg.jar%23341!/:?]
	at net.minecraft.world.level.storage.loot.LootPool$Serializer.deserialize(LootPool.java:189) ~[server-1.20.1-20230612.114412-srg.jar%23341!/:?]
	at com.google.gson.internal.bind.TreeTypeAdapter.read(TreeTypeAdapter.java:76) ~[gson-2.10.jar%2372!/:?]
	at com.google.gson.internal.bind.TypeAdapterRuntimeTypeWrapper.read(TypeAdapterRuntimeTypeWrapper.java:40) ~[gson-2.10.jar%2372!/:?]
	at com.google.gson.internal.bind.ArrayTypeAdapter.read(ArrayTypeAdapter.java:72) ~[gson-2.10.jar%2372!/:?]
	at com.google.gson.Gson.fromJson(Gson.java:1214) ~[gson-2.10.jar%2372!/:?]
	at com.google.gson.Gson.fromJson(Gson.java:1319) ~[gson-2.10.jar%2372!/:?]
	at com.google.gson.Gson.fromJson(Gson.java:1290) ~[gson-2.10.jar%2372!/:?]
	at com.google.gson.internal.bind.TreeTypeAdapter$GsonContextImpl.deserialize(TreeTypeAdapter.java:179) ~[gson-2.10.jar%2372!/:?]
	at net.minecraft.util.GsonHelper.m_13808_(GsonHelper.java:463) ~[server-1.20.1-20230612.114412-srg.jar%23341!/:?]
	at net.minecraft.util.GsonHelper.m_13845_(GsonHelper.java:481) ~[server-1.20.1-20230612.114412-srg.jar%23341!/:?]
	at net.minecraft.world.level.storage.loot.LootTable$Serializer.deserialize(LootTable.java:294) ~[server-1.20.1-20230612.114412-srg.jar%23341!/:?]
	at net.minecraft.world.level.storage.loot.LootTable$Serializer.deserialize(LootTable.java:291) ~[server-1.20.1-20230612.114412-srg.jar%23341!/:?]
	at com.google.gson.internal.bind.TreeTypeAdapter.read(TreeTypeAdapter.java:76) ~[gson-2.10.jar%2372!/:?]
	at com.google.gson.Gson.fromJson(Gson.java:1214) ~[gson-2.10.jar%2372!/:?]
	at com.google.gson.Gson.fromJson(Gson.java:1319) ~[gson-2.10.jar%2372!/:?]
	at com.google.gson.Gson.fromJson(Gson.java:1261) ~[gson-2.10.jar%2372!/:?]
	at net.minecraftforge.common.ForgeHooks.loadLootTable(ForgeHooks.java:871) ~[forge-1.20.1-47.3.7-universal.jar%23346!/:?]
	at net.minecraftforge.common.ForgeHooks.lambda$getLootTableDeserializer$3(ForgeHooks.java:848) ~[forge-1.20.1-47.3.7-universal.jar%23346!/:?]
	at net.minecraft.world.level.storage.loot.LootDataType.deserialize(LootDataType.java:45) ~[server-1.20.1-20230612.114412-srg.jar%23341!/:?]
	at net.minecraft.world.level.storage.loot.LootDataManager.lambda$scheduleElementParse$4(LootDataManager.java:56) ~[server-1.20.1-20230612.114412-srg.jar%23341!/:?]
	at java.util.HashMap.forEach(HashMap.java:1421) ~[?:?]
	at net.minecraft.world.level.storage.loot.LootDataManager.m_278660_(LootDataManager.java:55) ~[server-1.20.1-20230612.114412-srg.jar%23341!/:?]
	at java.util.concurrent.CompletableFuture$AsyncRun.run(CompletableFuture.java:1804) ~[?:?]
	at java.util.concurrent.CompletableFuture$AsyncRun.exec(CompletableFuture.java:1796) ~[?:?]
	at java.util.concurrent.ForkJoinTask.doExec(ForkJoinTask.java:373) ~[?:?]
	at java.util.concurrent.ForkJoinPool$WorkQueue.topLevelExec(ForkJoinPool.java:1182) ~[?:?]
	at java.util.concurrent.ForkJoinPool.scan(ForkJoinPool.java:1655) ~[?:?]
	at java.util.concurrent.ForkJoinPool.runWorker(ForkJoinPool.java:1622) ~[?:?]
	at java.util.concurrent.ForkJoinWorkerThread.run(ForkJoinWorkerThread.java:165) ~[?:?]
[11Mar2025 20:32:59.726] [Worker-Main-1/ERROR] [net.minecraftforge.common.ForgeHooks/]: Couldn't parse element loot_tables:idas:chests/enchantingtower/enchantingtower_basic_ars
com.google.gson.JsonSyntaxException: Expected name to be an item, was unknown string 'ars_nouveau:novice_spell_book'
	at net.minecraft.util.GsonHelper.m_13866_(GsonHelper.java:145) ~[server-1.20.1-20230612.114412-srg.jar%23341!/:?]
	at java.util.Optional.orElseThrow(Optional.java:403) ~[?:?]
	at net.minecraft.util.GsonHelper.m_13874_(GsonHelper.java:145) ~[server-1.20.1-20230612.114412-srg.jar%23341!/:?]
	at net.minecraft.util.GsonHelper.m_13909_(GsonHelper.java:153) ~[server-1.20.1-20230612.114412-srg.jar%23341!/:?]
	at net.minecraft.world.level.storage.loot.entries.LootItem$Serializer.m_7267_(LootItem.java:55) ~[server-1.20.1-20230612.114412-srg.jar%23341!/:?]
	at net.minecraft.world.level.storage.loot.entries.LootItem$Serializer.m_7267_(LootItem.java:40) ~[server-1.20.1-20230612.114412-srg.jar%23341!/:?]
	at net.minecraft.world.level.storage.loot.entries.LootPoolSingletonContainer$Serializer.m_5921_(LootPoolSingletonContainer.java:151) ~[server-1.20.1-20230612.114412-srg.jar%23341!/:?]
	at net.minecraft.world.level.storage.loot.entries.LootPoolSingletonContainer$Serializer.m_5921_(LootPoolSingletonContainer.java:129) ~[server-1.20.1-20230612.114412-srg.jar%23341!/:?]
	at net.minecraft.world.level.storage.loot.entries.LootPoolEntryContainer$Serializer.m_7561_(LootPoolEntryContainer.java:86) ~[server-1.20.1-20230612.114412-srg.jar%23341!/:?]
	at net.minecraft.world.level.storage.loot.entries.LootPoolEntryContainer$Serializer.m_7561_(LootPoolEntryContainer.java:74) ~[server-1.20.1-20230612.114412-srg.jar%23341!/:?]
	at net.minecraft.world.level.storage.loot.GsonAdapterFactory$JsonAdapter.deserialize(GsonAdapterFactory.java:102) ~[server-1.20.1-20230612.114412-srg.jar%23341!/:?]
	at com.google.gson.internal.bind.TreeTypeAdapter.read(TreeTypeAdapter.java:76) ~[gson-2.10.jar%2372!/:?]
	at com.google.gson.internal.bind.TypeAdapterRuntimeTypeWrapper.read(TypeAdapterRuntimeTypeWrapper.java:40) ~[gson-2.10.jar%2372!/:?]
	at com.google.gson.internal.bind.ArrayTypeAdapter.read(ArrayTypeAdapter.java:72) ~[gson-2.10.jar%2372!/:?]
	at com.google.gson.Gson.fromJson(Gson.java:1214) ~[gson-2.10.jar%2372!/:?]
	at com.google.gson.Gson.fromJson(Gson.java:1319) ~[gson-2.10.jar%2372!/:?]
	at com.google.gson.Gson.fromJson(Gson.java:1290) ~[gson-2.10.jar%2372!/:?]
	at com.google.gson.internal.bind.TreeTypeAdapter$GsonContextImpl.deserialize(TreeTypeAdapter.java:179) ~[gson-2.10.jar%2372!/:?]
	at net.minecraft.util.GsonHelper.m_13808_(GsonHelper.java:463) ~[server-1.20.1-20230612.114412-srg.jar%23341!/:?]
	at net.minecraft.util.GsonHelper.m_13836_(GsonHelper.java:471) ~[server-1.20.1-20230612.114412-srg.jar%23341!/:?]
	at net.minecraft.world.level.storage.loot.LootPool$Serializer.deserialize(LootPool.java:192) ~[server-1.20.1-20230612.114412-srg.jar%23341!/:?]
	at net.minecraft.world.level.storage.loot.LootPool$Serializer.deserialize(LootPool.java:189) ~[server-1.20.1-20230612.114412-srg.jar%23341!/:?]
	at com.google.gson.internal.bind.TreeTypeAdapter.read(TreeTypeAdapter.java:76) ~[gson-2.10.jar%2372!/:?]
	at com.google.gson.internal.bind.TypeAdapterRuntimeTypeWrapper.read(TypeAdapterRuntimeTypeWrapper.java:40) ~[gson-2.10.jar%2372!/:?]
	at com.google.gson.internal.bind.ArrayTypeAdapter.read(ArrayTypeAdapter.java:72) ~[gson-2.10.jar%2372!/:?]
	at com.google.gson.Gson.fromJson(Gson.java:1214) ~[gson-2.10.jar%2372!/:?]
	at com.google.gson.Gson.fromJson(Gson.java:1319) ~[gson-2.10.jar%2372!/:?]
	at com.google.gson.Gson.fromJson(Gson.java:1290) ~[gson-2.10.jar%2372!/:?]
	at com.google.gson.internal.bind.TreeTypeAdapter$GsonContextImpl.deserialize(TreeTypeAdapter.java:179) ~[gson-2.10.jar%2372!/:?]
	at net.minecraft.util.GsonHelper.m_13808_(GsonHelper.java:463) ~[server-1.20.1-20230612.114412-srg.jar%23341!/:?]
	at net.minecraft.util.GsonHelper.m_13845_(GsonHelper.java:481) ~[server-1.20.1-20230612.114412-srg.jar%23341!/:?]
	at net.minecraft.world.level.storage.loot.LootTable$Serializer.deserialize(LootTable.java:294) ~[server-1.20.1-20230612.114412-srg.jar%23341!/:?]
	at net.minecraft.world.level.storage.loot.LootTable$Serializer.deserialize(LootTable.java:291) ~[server-1.20.1-20230612.114412-srg.jar%23341!/:?]
	at com.google.gson.internal.bind.TreeTypeAdapter.read(TreeTypeAdapter.java:76) ~[gson-2.10.jar%2372!/:?]
	at com.google.gson.Gson.fromJson(Gson.java:1214) ~[gson-2.10.jar%2372!/:?]
	at com.google.gson.Gson.fromJson(Gson.java:1319) ~[gson-2.10.jar%2372!/:?]
	at com.google.gson.Gson.fromJson(Gson.java:1261) ~[gson-2.10.jar%2372!/:?]
	at net.minecraftforge.common.ForgeHooks.loadLootTable(ForgeHooks.java:871) ~[forge-1.20.1-47.3.7-universal.jar%23346!/:?]
	at net.minecraftforge.common.ForgeHooks.lambda$getLootTableDeserializer$3(ForgeHooks.java:848) ~[forge-1.20.1-47.3.7-universal.jar%23346!/:?]
	at net.minecraft.world.level.storage.loot.LootDataType.deserialize(LootDataType.java:45) ~[server-1.20.1-20230612.114412-srg.jar%23341!/:?]
	at net.minecraft.world.level.storage.loot.LootDataManager.lambda$scheduleElementParse$4(LootDataManager.java:56) ~[server-1.20.1-20230612.114412-srg.jar%23341!/:?]
	at java.util.HashMap.forEach(HashMap.java:1421) ~[?:?]
	at net.minecraft.world.level.storage.loot.LootDataManager.m_278660_(LootDataManager.java:55) ~[server-1.20.1-20230612.114412-srg.jar%23341!/:?]
	at java.util.concurrent.CompletableFuture$AsyncRun.run(CompletableFuture.java:1804) ~[?:?]
	at java.util.concurrent.CompletableFuture$AsyncRun.exec(CompletableFuture.java:1796) ~[?:?]
	at java.util.concurrent.ForkJoinTask.doExec(ForkJoinTask.java:373) ~[?:?]
	at java.util.concurrent.ForkJoinPool$WorkQueue.topLevelExec(ForkJoinPool.java:1182) ~[?:?]
	at java.util.concurrent.ForkJoinPool.scan(ForkJoinPool.java:1655) ~[?:?]
	at java.util.concurrent.ForkJoinPool.runWorker(ForkJoinPool.java:1622) ~[?:?]
	at java.util.concurrent.ForkJoinWorkerThread.run(ForkJoinWorkerThread.java:165) ~[?:?]
[11Mar2025 20:32:59.809] [Worker-Main-1/ERROR] [net.minecraftforge.common.ForgeHooks/]: Couldn't parse element loot_tables:idas:chests/dread_citadel/dread_citadel_throne
com.google.gson.JsonSyntaxException: Expected name to be an item, was unknown string 'iceandfire:dread_shard'
	at net.minecraft.util.GsonHelper.m_13866_(GsonHelper.java:145) ~[server-1.20.1-20230612.114412-srg.jar%23341!/:?]
	at java.util.Optional.orElseThrow(Optional.java:403) ~[?:?]
	at net.minecraft.util.GsonHelper.m_13874_(GsonHelper.java:145) ~[server-1.20.1-20230612.114412-srg.jar%23341!/:?]
	at net.minecraft.util.GsonHelper.m_13909_(GsonHelper.java:153) ~[server-1.20.1-20230612.114412-srg.jar%23341!/:?]
	at net.minecraft.world.level.storage.loot.entries.LootItem$Serializer.m_7267_(LootItem.java:55) ~[server-1.20.1-20230612.114412-srg.jar%23341!/:?]
	at net.minecraft.world.level.storage.loot.entries.LootItem$Serializer.m_7267_(LootItem.java:40) ~[server-1.20.1-20230612.114412-srg.jar%23341!/:?]
	at net.minecraft.world.level.storage.loot.entries.LootPoolSingletonContainer$Serializer.m_5921_(LootPoolSingletonContainer.java:151) ~[server-1.20.1-20230612.114412-srg.jar%23341!/:?]
	at net.minecraft.world.level.storage.loot.entries.LootPoolSingletonContainer$Serializer.m_5921_(LootPoolSingletonContainer.java:129) ~[server-1.20.1-20230612.114412-srg.jar%23341!/:?]
	at net.minecraft.world.level.storage.loot.entries.LootPoolEntryContainer$Serializer.m_7561_(LootPoolEntryContainer.java:86) ~[server-1.20.1-20230612.114412-srg.jar%23341!/:?]
	at net.minecraft.world.level.storage.loot.entries.LootPoolEntryContainer$Serializer.m_7561_(LootPoolEntryContainer.java:74) ~[server-1.20.1-20230612.114412-srg.jar%23341!/:?]
	at net.minecraft.world.level.storage.loot.GsonAdapterFactory$JsonAdapter.deserialize(GsonAdapterFactory.java:102) ~[server-1.20.1-20230612.114412-srg.jar%23341!/:?]
	at com.google.gson.internal.bind.TreeTypeAdapter.read(TreeTypeAdapter.java:76) ~[gson-2.10.jar%2372!/:?]
	at com.google.gson.internal.bind.TypeAdapterRuntimeTypeWrapper.read(TypeAdapterRuntimeTypeWrapper.java:40) ~[gson-2.10.jar%2372!/:?]
	at com.google.gson.internal.bind.ArrayTypeAdapter.read(ArrayTypeAdapter.java:72) ~[gson-2.10.jar%2372!/:?]
	at com.google.gson.Gson.fromJson(Gson.java:1214) ~[gson-2.10.jar%2372!/:?]
	at com.google.gson.Gson.fromJson(Gson.java:1319) ~[gson-2.10.jar%2372!/:?]
	at com.google.gson.Gson.fromJson(Gson.java:1290) ~[gson-2.10.jar%2372!/:?]
	at com.google.gson.internal.bind.TreeTypeAdapter$GsonContextImpl.deserialize(TreeTypeAdapter.java:179) ~[gson-2.10.jar%2372!/:?]
	at net.minecraft.util.GsonHelper.m_13808_(GsonHelper.java:463) ~[server-1.20.1-20230612.114412-srg.jar%23341!/:?]
	at net.minecraft.util.GsonHelper.m_13836_(GsonHelper.java:471) ~[server-1.20.1-20230612.114412-srg.jar%23341!/:?]
	at net.minecraft.world.level.storage.loot.LootPool$Serializer.deserialize(LootPool.java:192) ~[server-1.20.1-20230612.114412-srg.jar%23341!/:?]
	at net.minecraft.world.level.storage.loot.LootPool$Serializer.deserialize(LootPool.java:189) ~[server-1.20.1-20230612.114412-srg.jar%23341!/:?]
	at com.google.gson.internal.bind.TreeTypeAdapter.read(TreeTypeAdapter.java:76) ~[gson-2.10.jar%2372!/:?]
	at com.google.gson.internal.bind.TypeAdapterRuntimeTypeWrapper.read(TypeAdapterRuntimeTypeWrapper.java:40) ~[gson-2.10.jar%2372!/:?]
	at com.google.gson.internal.bind.ArrayTypeAdapter.read(ArrayTypeAdapter.java:72) ~[gson-2.10.jar%2372!/:?]
	at com.google.gson.Gson.fromJson(Gson.java:1214) ~[gson-2.10.jar%2372!/:?]
	at com.google.gson.Gson.fromJson(Gson.java:1319) ~[gson-2.10.jar%2372!/:?]
	at com.google.gson.Gson.fromJson(Gson.java:1290) ~[gson-2.10.jar%2372!/:?]
	at com.google.gson.internal.bind.TreeTypeAdapter$GsonContextImpl.deserialize(TreeTypeAdapter.java:179) ~[gson-2.10.jar%2372!/:?]
	at net.minecraft.util.GsonHelper.m_13808_(GsonHelper.java:463) ~[server-1.20.1-20230612.114412-srg.jar%23341!/:?]
	at net.minecraft.util.GsonHelper.m_13845_(GsonHelper.java:481) ~[server-1.20.1-20230612.114412-srg.jar%23341!/:?]
	at net.minecraft.world.level.storage.loot.LootTable$Serializer.deserialize(LootTable.java:294) ~[server-1.20.1-20230612.114412-srg.jar%23341!/:?]
	at net.minecraft.world.level.storage.loot.LootTable$Serializer.deserialize(LootTable.java:291) ~[server-1.20.1-20230612.114412-srg.jar%23341!/:?]
	at com.google.gson.internal.bind.TreeTypeAdapter.read(TreeTypeAdapter.java:76) ~[gson-2.10.jar%2372!/:?]
	at com.google.gson.Gson.fromJson(Gson.java:1214) ~[gson-2.10.jar%2372!/:?]
	at com.google.gson.Gson.fromJson(Gson.java:1319) ~[gson-2.10.jar%2372!/:?]
	at com.google.gson.Gson.fromJson(Gson.java:1261) ~[gson-2.10.jar%2372!/:?]
	at net.minecraftforge.common.ForgeHooks.loadLootTable(ForgeHooks.java:871) ~[forge-1.20.1-47.3.7-universal.jar%23346!/:?]
	at net.minecraftforge.common.ForgeHooks.lambda$getLootTableDeserializer$3(ForgeHooks.java:848) ~[forge-1.20.1-47.3.7-universal.jar%23346!/:?]
	at net.minecraft.world.level.storage.loot.LootDataType.deserialize(LootDataType.java:45) ~[server-1.20.1-20230612.114412-srg.jar%23341!/:?]
	at net.minecraft.world.level.storage.loot.LootDataManager.lambda$scheduleElementParse$4(LootDataManager.java:56) ~[server-1.20.1-20230612.114412-srg.jar%23341!/:?]
	at java.util.HashMap.forEach(HashMap.java:1421) ~[?:?]
	at net.minecraft.world.level.storage.loot.LootDataManager.m_278660_(LootDataManager.java:55) ~[server-1.20.1-20230612.114412-srg.jar%23341!/:?]
	at java.util.concurrent.CompletableFuture$AsyncRun.run(CompletableFuture.java:1804) ~[?:?]
	at java.util.concurrent.CompletableFuture$AsyncRun.exec(CompletableFuture.java:1796) ~[?:?]
	at java.util.concurrent.ForkJoinTask.doExec(ForkJoinTask.java:373) ~[?:?]
	at java.util.concurrent.ForkJoinPool$WorkQueue.topLevelExec(ForkJoinPool.java:1182) ~[?:?]
	at java.util.concurrent.ForkJoinPool.scan(ForkJoinPool.java:1655) ~[?:?]
	at java.util.concurrent.ForkJoinPool.runWorker(ForkJoinPool.java:1622) ~[?:?]
	at java.util.concurrent.ForkJoinWorkerThread.run(ForkJoinWorkerThread.java:165) ~[?:?]
[11Mar2025 20:32:59.858] [Worker-Main-1/ERROR] [net.minecraftforge.common.ForgeHooks/]: Couldn't parse element loot_tables:idas:chests/dread_citadel/dread_citadel_library
com.google.gson.JsonSyntaxException: Expected name to be an item, was unknown string 'iceandfire:dread_shard'
	at net.minecraft.util.GsonHelper.m_13866_(GsonHelper.java:145) ~[server-1.20.1-20230612.114412-srg.jar%23341!/:?]
	at java.util.Optional.orElseThrow(Optional.java:403) ~[?:?]
	at net.minecraft.util.GsonHelper.m_13874_(GsonHelper.java:145) ~[server-1.20.1-20230612.114412-srg.jar%23341!/:?]
	at net.minecraft.util.GsonHelper.m_13909_(GsonHelper.java:153) ~[server-1.20.1-20230612.114412-srg.jar%23341!/:?]
	at net.minecraft.world.level.storage.loot.entries.LootItem$Serializer.m_7267_(LootItem.java:55) ~[server-1.20.1-20230612.114412-srg.jar%23341!/:?]
	at net.minecraft.world.level.storage.loot.entries.LootItem$Serializer.m_7267_(LootItem.java:40) ~[server-1.20.1-20230612.114412-srg.jar%23341!/:?]
	at net.minecraft.world.level.storage.loot.entries.LootPoolSingletonContainer$Serializer.m_5921_(LootPoolSingletonContainer.java:151) ~[server-1.20.1-20230612.114412-srg.jar%23341!/:?]
	at net.minecraft.world.level.storage.loot.entries.LootPoolSingletonContainer$Serializer.m_5921_(LootPoolSingletonContainer.java:129) ~[server-1.20.1-20230612.114412-srg.jar%23341!/:?]
	at net.minecraft.world.level.storage.loot.entries.LootPoolEntryContainer$Serializer.m_7561_(LootPoolEntryContainer.java:86) ~[server-1.20.1-20230612.114412-srg.jar%23341!/:?]
	at net.minecraft.world.level.storage.loot.entries.LootPoolEntryContainer$Serializer.m_7561_(LootPoolEntryContainer.java:74) ~[server-1.20.1-20230612.114412-srg.jar%23341!/:?]
	at net.minecraft.world.level.storage.loot.GsonAdapterFactory$JsonAdapter.deserialize(GsonAdapterFactory.java:102) ~[server-1.20.1-20230612.114412-srg.jar%23341!/:?]
	at com.google.gson.internal.bind.TreeTypeAdapter.read(TreeTypeAdapter.java:76) ~[gson-2.10.jar%2372!/:?]
	at com.google.gson.internal.bind.TypeAdapterRuntimeTypeWrapper.read(TypeAdapterRuntimeTypeWrapper.java:40) ~[gson-2.10.jar%2372!/:?]
	at com.google.gson.internal.bind.ArrayTypeAdapter.read(ArrayTypeAdapter.java:72) ~[gson-2.10.jar%2372!/:?]
	at com.google.gson.Gson.fromJson(Gson.java:1214) ~[gson-2.10.jar%2372!/:?]
	at com.google.gson.Gson.fromJson(Gson.java:1319) ~[gson-2.10.jar%2372!/:?]
	at com.google.gson.Gson.fromJson(Gson.java:1290) ~[gson-2.10.jar%2372!/:?]
	at com.google.gson.internal.bind.TreeTypeAdapter$GsonContextImpl.deserialize(TreeTypeAdapter.java:179) ~[gson-2.10.jar%2372!/:?]
	at net.minecraft.util.GsonHelper.m_13808_(GsonHelper.java:463) ~[server-1.20.1-20230612.114412-srg.jar%23341!/:?]
	at net.minecraft.util.GsonHelper.m_13836_(GsonHelper.java:471) ~[server-1.20.1-20230612.114412-srg.jar%23341!/:?]
	at net.minecraft.world.level.storage.loot.LootPool$Serializer.deserialize(LootPool.java:192) ~[server-1.20.1-20230612.114412-srg.jar%23341!/:?]
	at net.minecraft.world.level.storage.loot.LootPool$Serializer.deserialize(LootPool.java:189) ~[server-1.20.1-20230612.114412-srg.jar%23341!/:?]
	at com.google.gson.internal.bind.TreeTypeAdapter.read(TreeTypeAdapter.java:76) ~[gson-2.10.jar%2372!/:?]
	at com.google.gson.internal.bind.TypeAdapterRuntimeTypeWrapper.read(TypeAdapterRuntimeTypeWrapper.java:40) ~[gson-2.10.jar%2372!/:?]
	at com.google.gson.internal.bind.ArrayTypeAdapter.read(ArrayTypeAdapter.java:72) ~[gson-2.10.jar%2372!/:?]
	at com.google.gson.Gson.fromJson(Gson.java:1214) ~[gson-2.10.jar%2372!/:?]
	at com.google.gson.Gson.fromJson(Gson.java:1319) ~[gson-2.10.jar%2372!/:?]
	at com.google.gson.Gson.fromJson(Gson.java:1290) ~[gson-2.10.jar%2372!/:?]
	at com.google.gson.internal.bind.TreeTypeAdapter$GsonContextImpl.deserialize(TreeTypeAdapter.java:179) ~[gson-2.10.jar%2372!/:?]
	at net.minecraft.util.GsonHelper.m_13808_(GsonHelper.java:463) ~[server-1.20.1-20230612.114412-srg.jar%23341!/:?]
	at net.minecraft.util.GsonHelper.m_13845_(GsonHelper.java:481) ~[server-1.20.1-20230612.114412-srg.jar%23341!/:?]
	at net.minecraft.world.level.storage.loot.LootTable$Serializer.deserialize(LootTable.java:294) ~[server-1.20.1-20230612.114412-srg.jar%23341!/:?]
	at net.minecraft.world.level.storage.loot.LootTable$Serializer.deserialize(LootTable.java:291) ~[server-1.20.1-20230612.114412-srg.jar%23341!/:?]
	at com.google.gson.internal.bind.TreeTypeAdapter.read(TreeTypeAdapter.java:76) ~[gson-2.10.jar%2372!/:?]
	at com.google.gson.Gson.fromJson(Gson.java:1214) ~[gson-2.10.jar%2372!/:?]
	at com.google.gson.Gson.fromJson(Gson.java:1319) ~[gson-2.10.jar%2372!/:?]
	at com.google.gson.Gson.fromJson(Gson.java:1261) ~[gson-2.10.jar%2372!/:?]
	at net.minecraftforge.common.ForgeHooks.loadLootTable(ForgeHooks.java:871) ~[forge-1.20.1-47.3.7-universal.jar%23346!/:?]
	at net.minecraftforge.common.ForgeHooks.lambda$getLootTableDeserializer$3(ForgeHooks.java:848) ~[forge-1.20.1-47.3.7-universal.jar%23346!/:?]
	at net.minecraft.world.level.storage.loot.LootDataType.deserialize(LootDataType.java:45) ~[server-1.20.1-20230612.114412-srg.jar%23341!/:?]
	at net.minecraft.world.level.storage.loot.LootDataManager.lambda$scheduleElementParse$4(LootDataManager.java:56) ~[server-1.20.1-20230612.114412-srg.jar%23341!/:?]
	at java.util.HashMap.forEach(HashMap.java:1421) ~[?:?]
	at net.minecraft.world.level.storage.loot.LootDataManager.m_278660_(LootDataManager.java:55) ~[server-1.20.1-20230612.114412-srg.jar%23341!/:?]
	at java.util.concurrent.CompletableFuture$AsyncRun.run(CompletableFuture.java:1804) ~[?:?]
	at java.util.concurrent.CompletableFuture$AsyncRun.exec(CompletableFuture.java:1796) ~[?:?]
	at java.util.concurrent.ForkJoinTask.doExec(ForkJoinTask.java:373) ~[?:?]
	at java.util.concurrent.ForkJoinPool$WorkQueue.topLevelExec(ForkJoinPool.java:1182) ~[?:?]
	at java.util.concurrent.ForkJoinPool.scan(ForkJoinPool.java:1655) ~[?:?]
	at java.util.concurrent.ForkJoinPool.runWorker(ForkJoinPool.java:1622) ~[?:?]
	at java.util.concurrent.ForkJoinWorkerThread.run(ForkJoinWorkerThread.java:165) ~[?:?]
[11Mar2025 20:32:59.979] [Worker-Main-1/ERROR] [net.minecraftforge.common.ForgeHooks/]: Couldn't parse element loot_tables:idas:chests/enchantingtower/enchantingtower_top_ars
com.google.gson.JsonSyntaxException: Expected name to be an item, was unknown string 'ars_nouveau:scryer_scroll'
	at net.minecraft.util.GsonHelper.m_13866_(GsonHelper.java:145) ~[server-1.20.1-20230612.114412-srg.jar%23341!/:?]
	at java.util.Optional.orElseThrow(Optional.java:403) ~[?:?]
	at net.minecraft.util.GsonHelper.m_13874_(GsonHelper.java:145) ~[server-1.20.1-20230612.114412-srg.jar%23341!/:?]
	at net.minecraft.util.GsonHelper.m_13909_(GsonHelper.java:153) ~[server-1.20.1-20230612.114412-srg.jar%23341!/:?]
	at net.minecraft.world.level.storage.loot.entries.LootItem$Serializer.m_7267_(LootItem.java:55) ~[server-1.20.1-20230612.114412-srg.jar%23341!/:?]
	at net.minecraft.world.level.storage.loot.entries.LootItem$Serializer.m_7267_(LootItem.java:40) ~[server-1.20.1-20230612.114412-srg.jar%23341!/:?]
	at net.minecraft.world.level.storage.loot.entries.LootPoolSingletonContainer$Serializer.m_5921_(LootPoolSingletonContainer.java:151) ~[server-1.20.1-20230612.114412-srg.jar%23341!/:?]
	at net.minecraft.world.level.storage.loot.entries.LootPoolSingletonContainer$Serializer.m_5921_(LootPoolSingletonContainer.java:129) ~[server-1.20.1-20230612.114412-srg.jar%23341!/:?]
	at net.minecraft.world.level.storage.loot.entries.LootPoolEntryContainer$Serializer.m_7561_(LootPoolEntryContainer.java:86) ~[server-1.20.1-20230612.114412-srg.jar%23341!/:?]
	at net.minecraft.world.level.storage.loot.entries.LootPoolEntryContainer$Serializer.m_7561_(LootPoolEntryContainer.java:74) ~[server-1.20.1-20230612.114412-srg.jar%23341!/:?]
	at net.minecraft.world.level.storage.loot.GsonAdapterFactory$JsonAdapter.deserialize(GsonAdapterFactory.java:102) ~[server-1.20.1-20230612.114412-srg.jar%23341!/:?]
	at com.google.gson.internal.bind.TreeTypeAdapter.read(TreeTypeAdapter.java:76) ~[gson-2.10.jar%2372!/:?]
	at com.google.gson.internal.bind.TypeAdapterRuntimeTypeWrapper.read(TypeAdapterRuntimeTypeWrapper.java:40) ~[gson-2.10.jar%2372!/:?]
	at com.google.gson.internal.bind.ArrayTypeAdapter.read(ArrayTypeAdapter.java:72) ~[gson-2.10.jar%2372!/:?]
	at com.google.gson.Gson.fromJson(Gson.java:1214) ~[gson-2.10.jar%2372!/:?]
	at com.google.gson.Gson.fromJson(Gson.java:1319) ~[gson-2.10.jar%2372!/:?]
	at com.google.gson.Gson.fromJson(Gson.java:1290) ~[gson-2.10.jar%2372!/:?]
	at com.google.gson.internal.bind.TreeTypeAdapter$GsonContextImpl.deserialize(TreeTypeAdapter.java:179) ~[gson-2.10.jar%2372!/:?]
	at net.minecraft.util.GsonHelper.m_13808_(GsonHelper.java:463) ~[server-1.20.1-20230612.114412-srg.jar%23341!/:?]
	at net.minecraft.util.GsonHelper.m_13836_(GsonHelper.java:471) ~[server-1.20.1-20230612.114412-srg.jar%23341!/:?]
	at net.minecraft.world.level.storage.loot.LootPool$Serializer.deserialize(LootPool.java:192) ~[server-1.20.1-20230612.114412-srg.jar%23341!/:?]
	at net.minecraft.world.level.storage.loot.LootPool$Serializer.deserialize(LootPool.java:189) ~[server-1.20.1-20230612.114412-srg.jar%23341!/:?]
	at com.google.gson.internal.bind.TreeTypeAdapter.read(TreeTypeAdapter.java:76) ~[gson-2.10.jar%2372!/:?]
	at com.google.gson.internal.bind.TypeAdapterRuntimeTypeWrapper.read(TypeAdapterRuntimeTypeWrapper.java:40) ~[gson-2.10.jar%2372!/:?]
	at com.google.gson.internal.bind.ArrayTypeAdapter.read(ArrayTypeAdapter.java:72) ~[gson-2.10.jar%2372!/:?]
	at com.google.gson.Gson.fromJson(Gson.java:1214) ~[gson-2.10.jar%2372!/:?]
	at com.google.gson.Gson.fromJson(Gson.java:1319) ~[gson-2.10.jar%2372!/:?]
	at com.google.gson.Gson.fromJson(Gson.java:1290) ~[gson-2.10.jar%2372!/:?]
	at com.google.gson.internal.bind.TreeTypeAdapter$GsonContextImpl.deserialize(TreeTypeAdapter.java:179) ~[gson-2.10.jar%2372!/:?]
	at net.minecraft.util.GsonHelper.m_13808_(GsonHelper.java:463) ~[server-1.20.1-20230612.114412-srg.jar%23341!/:?]
	at net.minecraft.util.GsonHelper.m_13845_(GsonHelper.java:481) ~[server-1.20.1-20230612.114412-srg.jar%23341!/:?]
	at net.minecraft.world.level.storage.loot.LootTable$Serializer.deserialize(LootTable.java:294) ~[server-1.20.1-20230612.114412-srg.jar%23341!/:?]
	at net.minecraft.world.level.storage.loot.LootTable$Serializer.deserialize(LootTable.java:291) ~[server-1.20.1-20230612.114412-srg.jar%23341!/:?]
	at com.google.gson.internal.bind.TreeTypeAdapter.read(TreeTypeAdapter.java:76) ~[gson-2.10.jar%2372!/:?]
	at com.google.gson.Gson.fromJson(Gson.java:1214) ~[gson-2.10.jar%2372!/:?]
	at com.google.gson.Gson.fromJson(Gson.java:1319) ~[gson-2.10.jar%2372!/:?]
	at com.google.gson.Gson.fromJson(Gson.java:1261) ~[gson-2.10.jar%2372!/:?]
	at net.minecraftforge.common.ForgeHooks.loadLootTable(ForgeHooks.java:871) ~[forge-1.20.1-47.3.7-universal.jar%23346!/:?]
	at net.minecraftforge.common.ForgeHooks.lambda$getLootTableDeserializer$3(ForgeHooks.java:848) ~[forge-1.20.1-47.3.7-universal.jar%23346!/:?]
	at net.minecraft.world.level.storage.loot.LootDataType.deserialize(LootDataType.java:45) ~[server-1.20.1-20230612.114412-srg.jar%23341!/:?]
	at net.minecraft.world.level.storage.loot.LootDataManager.lambda$scheduleElementParse$4(LootDataManager.java:56) ~[server-1.20.1-20230612.114412-srg.jar%23341!/:?]
	at java.util.HashMap.forEach(HashMap.java:1421) ~[?:?]
	at net.minecraft.world.level.storage.loot.LootDataManager.m_278660_(LootDataManager.java:55) ~[server-1.20.1-20230612.114412-srg.jar%23341!/:?]
	at java.util.concurrent.CompletableFuture$AsyncRun.run(CompletableFuture.java:1804) ~[?:?]
	at java.util.concurrent.CompletableFuture$AsyncRun.exec(CompletableFuture.java:1796) ~[?:?]
	at java.util.concurrent.ForkJoinTask.doExec(ForkJoinTask.java:373) ~[?:?]
	at java.util.concurrent.ForkJoinPool$WorkQueue.topLevelExec(ForkJoinPool.java:1182) ~[?:?]
	at java.util.concurrent.ForkJoinPool.scan(ForkJoinPool.java:1655) ~[?:?]
	at java.util.concurrent.ForkJoinPool.runWorker(ForkJoinPool.java:1622) ~[?:?]
	at java.util.concurrent.ForkJoinWorkerThread.run(ForkJoinWorkerThread.java:165) ~[?:?]
[11Mar2025 20:32:59.997] [Worker-Main-1/ERROR] [net.minecraftforge.common.ForgeHooks/]: Couldn't parse element loot_tables:idas:chests/archmages_tower/archmages_tower
com.google.gson.JsonSyntaxException: Expected name to be an item, was unknown string 'ars_nouveau:magebloom_fiber'
	at net.minecraft.util.GsonHelper.m_13866_(GsonHelper.java:145) ~[server-1.20.1-20230612.114412-srg.jar%23341!/:?]
	at java.util.Optional.orElseThrow(Optional.java:403) ~[?:?]
	at net.minecraft.util.GsonHelper.m_13874_(GsonHelper.java:145) ~[server-1.20.1-20230612.114412-srg.jar%23341!/:?]
	at net.minecraft.util.GsonHelper.m_13909_(GsonHelper.java:153) ~[server-1.20.1-20230612.114412-srg.jar%23341!/:?]
	at net.minecraft.world.level.storage.loot.entries.LootItem$Serializer.m_7267_(LootItem.java:55) ~[server-1.20.1-20230612.114412-srg.jar%23341!/:?]
	at net.minecraft.world.level.storage.loot.entries.LootItem$Serializer.m_7267_(LootItem.java:40) ~[server-1.20.1-20230612.114412-srg.jar%23341!/:?]
	at net.minecraft.world.level.storage.loot.entries.LootPoolSingletonContainer$Serializer.m_5921_(LootPoolSingletonContainer.java:151) ~[server-1.20.1-20230612.114412-srg.jar%23341!/:?]
	at net.minecraft.world.level.storage.loot.entries.LootPoolSingletonContainer$Serializer.m_5921_(LootPoolSingletonContainer.java:129) ~[server-1.20.1-20230612.114412-srg.jar%23341!/:?]
	at net.minecraft.world.level.storage.loot.entries.LootPoolEntryContainer$Serializer.m_7561_(LootPoolEntryContainer.java:86) ~[server-1.20.1-20230612.114412-srg.jar%23341!/:?]
	at net.minecraft.world.level.storage.loot.entries.LootPoolEntryContainer$Serializer.m_7561_(LootPoolEntryContainer.java:74) ~[server-1.20.1-20230612.114412-srg.jar%23341!/:?]
	at net.minecraft.world.level.storage.loot.GsonAdapterFactory$JsonAdapter.deserialize(GsonAdapterFactory.java:102) ~[server-1.20.1-20230612.114412-srg.jar%23341!/:?]
	at com.google.gson.internal.bind.TreeTypeAdapter.read(TreeTypeAdapter.java:76) ~[gson-2.10.jar%2372!/:?]
	at com.google.gson.internal.bind.TypeAdapterRuntimeTypeWrapper.read(TypeAdapterRuntimeTypeWrapper.java:40) ~[gson-2.10.jar%2372!/:?]
	at com.google.gson.internal.bind.ArrayTypeAdapter.read(ArrayTypeAdapter.java:72) ~[gson-2.10.jar%2372!/:?]
	at com.google.gson.Gson.fromJson(Gson.java:1214) ~[gson-2.10.jar%2372!/:?]
	at com.google.gson.Gson.fromJson(Gson.java:1319) ~[gson-2.10.jar%2372!/:?]
	at com.google.gson.Gson.fromJson(Gson.java:1290) ~[gson-2.10.jar%2372!/:?]
	at com.google.gson.internal.bind.TreeTypeAdapter$GsonContextImpl.deserialize(TreeTypeAdapter.java:179) ~[gson-2.10.jar%2372!/:?]
	at net.minecraft.util.GsonHelper.m_13808_(GsonHelper.java:463) ~[server-1.20.1-20230612.114412-srg.jar%23341!/:?]
	at net.minecraft.util.GsonHelper.m_13836_(GsonHelper.java:471) ~[server-1.20.1-20230612.114412-srg.jar%23341!/:?]
	at net.minecraft.world.level.storage.loot.LootPool$Serializer.deserialize(LootPool.java:192) ~[server-1.20.1-20230612.114412-srg.jar%23341!/:?]
	at net.minecraft.world.level.storage.loot.LootPool$Serializer.deserialize(LootPool.java:189) ~[server-1.20.1-20230612.114412-srg.jar%23341!/:?]
	at com.google.gson.internal.bind.TreeTypeAdapter.read(TreeTypeAdapter.java:76) ~[gson-2.10.jar%2372!/:?]
	at com.google.gson.internal.bind.TypeAdapterRuntimeTypeWrapper.read(TypeAdapterRuntimeTypeWrapper.java:40) ~[gson-2.10.jar%2372!/:?]
	at com.google.gson.internal.bind.ArrayTypeAdapter.read(ArrayTypeAdapter.java:72) ~[gson-2.10.jar%2372!/:?]
	at com.google.gson.Gson.fromJson(Gson.java:1214) ~[gson-2.10.jar%2372!/:?]
	at com.google.gson.Gson.fromJson(Gson.java:1319) ~[gson-2.10.jar%2372!/:?]
	at com.google.gson.Gson.fromJson(Gson.java:1290) ~[gson-2.10.jar%2372!/:?]
	at com.google.gson.internal.bind.TreeTypeAdapter$GsonContextImpl.deserialize(TreeTypeAdapter.java:179) ~[gson-2.10.jar%2372!/:?]
	at net.minecraft.util.GsonHelper.m_13808_(GsonHelper.java:463) ~[server-1.20.1-20230612.114412-srg.jar%23341!/:?]
	at net.minecraft.util.GsonHelper.m_13845_(GsonHelper.java:481) ~[server-1.20.1-20230612.114412-srg.jar%23341!/:?]
	at net.minecraft.world.level.storage.loot.LootTable$Serializer.deserialize(LootTable.java:294) ~[server-1.20.1-20230612.114412-srg.jar%23341!/:?]
	at net.minecraft.world.level.storage.loot.LootTable$Serializer.deserialize(LootTable.java:291) ~[server-1.20.1-20230612.114412-srg.jar%23341!/:?]
	at com.google.gson.internal.bind.TreeTypeAdapter.read(TreeTypeAdapter.java:76) ~[gson-2.10.jar%2372!/:?]
	at com.google.gson.Gson.fromJson(Gson.java:1214) ~[gson-2.10.jar%2372!/:?]
	at com.google.gson.Gson.fromJson(Gson.java:1319) ~[gson-2.10.jar%2372!/:?]
	at com.google.gson.Gson.fromJson(Gson.java:1261) ~[gson-2.10.jar%2372!/:?]
	at net.minecraftforge.common.ForgeHooks.loadLootTable(ForgeHooks.java:871) ~[forge-1.20.1-47.3.7-universal.jar%23346!/:?]
	at net.minecraftforge.common.ForgeHooks.lambda$getLootTableDeserializer$3(ForgeHooks.java:848) ~[forge-1.20.1-47.3.7-universal.jar%23346!/:?]
	at net.minecraft.world.level.storage.loot.LootDataType.deserialize(LootDataType.java:45) ~[server-1.20.1-20230612.114412-srg.jar%23341!/:?]
	at net.minecraft.world.level.storage.loot.LootDataManager.lambda$scheduleElementParse$4(LootDataManager.java:56) ~[server-1.20.1-20230612.114412-srg.jar%23341!/:?]
	at java.util.HashMap.forEach(HashMap.java:1421) ~[?:?]
	at net.minecraft.world.level.storage.loot.LootDataManager.m_278660_(LootDataManager.java:55) ~[server-1.20.1-20230612.114412-srg.jar%23341!/:?]
	at java.util.concurrent.CompletableFuture$AsyncRun.run(CompletableFuture.java:1804) ~[?:?]
	at java.util.concurrent.CompletableFuture$AsyncRun.exec(CompletableFuture.java:1796) ~[?:?]
	at java.util.concurrent.ForkJoinTask.doExec(ForkJoinTask.java:373) ~[?:?]
	at java.util.concurrent.ForkJoinPool$WorkQueue.topLevelExec(ForkJoinPool.java:1182) ~[?:?]
	at java.util.concurrent.ForkJoinPool.scan(ForkJoinPool.java:1655) ~[?:?]
	at java.util.concurrent.ForkJoinPool.runWorker(ForkJoinPool.java:1622) ~[?:?]
	at java.util.concurrent.ForkJoinWorkerThread.run(ForkJoinWorkerThread.java:165) ~[?:?]
[11Mar2025 20:33:00.103] [main/INFO] [com.teamabnormals.blueprint.core.Blueprint/]: Loot Modification Manager has loaded 5 modifier groups
[11Mar2025 20:33:00.187] [main/WARN] [net.minecraft.world.level.storage.loot.LootDataManager/]: Found loot table element validation problem in {loot_tables:sons_of_sins:entities/walking_bed}.pools[0].entries[0].functions[1]: Parameters [<parameter minecraft:tool>] are not provided in this context
[11Mar2025 20:33:00.187] [main/WARN] [net.minecraft.world.level.storage.loot.LootDataManager/]: Found loot table element validation problem in {loot_tables:sons_of_sins:entities/blud}.pools[0].entries[0].functions[1]: Parameters [<parameter minecraft:tool>] are not provided in this context
[11Mar2025 20:33:00.187] [main/WARN] [net.minecraft.world.level.storage.loot.LootDataManager/]: Found loot table element validation problem in {loot_tables:sons_of_sins:entities/prowler}.pools[0].entries[0].functions[1]: Parameters [<parameter minecraft:tool>] are not provided in this context
[11Mar2025 20:33:00.188] [main/WARN] [net.minecraft.world.level.storage.loot.LootDataManager/]: Found loot table element validation problem in {loot_tables:sons_of_sins:entities/butcher}.pools[0].entries[0].functions[1]: Parameters [<parameter minecraft:tool>] are not provided in this context
[11Mar2025 20:33:00.240] [main/INFO] [net.minecraft.world.item.crafting.RecipeManager/]: Skipping loading recipe productivebees:expansion_boxes/expansion_box_byg_cypress as it's serializer returned null
[11Mar2025 20:33:00.247] [main/INFO] [net.minecraft.world.item.crafting.RecipeManager/]: Skipping loading recipe atmospheric:aspen_fence_from_aspen_logs_sawing as it's serializer returned null
[11Mar2025 20:33:00.265] [main/WARN] [quark-zeta/]: Non-existent flag calcite being used
[11Mar2025 20:33:00.282] [main/INFO] [net.minecraft.world.item.crafting.RecipeManager/]: Skipping loading recipe productivebees:hives/advanced_biomesoplenty_magic_beehive as it's serializer returned null
[11Mar2025 20:33:00.283] [main/INFO] [net.minecraft.world.item.crafting.RecipeManager/]: Skipping loading recipe environmental:plum_planks_from_plum_logs_sawing as it's serializer returned null
[11Mar2025 20:33:00.283] [main/INFO] [net.minecraft.world.item.crafting.RecipeManager/]: Skipping loading recipe environmental:chiseled_pine_bookshelf as it's serializer returned null
[11Mar2025 20:33:00.284] [main/INFO] [net.minecraft.world.item.crafting.RecipeManager/]: Skipping loading recipe productivebees:hives/advanced_biomesoplenty_dead_beehive as it's serializer returned null
[11Mar2025 20:33:00.285] [main/INFO] [net.minecraft.world.item.crafting.RecipeManager/]: Skipping loading recipe environmental:wisteria_bookshelf as it's serializer returned null
[11Mar2025 20:33:00.286] [main/WARN] [quark-zeta/]: Non-existent flag tuff being used
[11Mar2025 20:33:00.287] [main/INFO] [net.minecraft.world.item.crafting.RecipeManager/]: Skipping loading recipe productivebees:hives/advanced_biomesoplenty_magic_beehive_clear as it's serializer returned null
[11Mar2025 20:33:00.287] [main/INFO] [net.minecraft.world.item.crafting.RecipeManager/]: Skipping loading recipe productivebees:expansion_boxes/expansion_box_byg_palm as it's serializer returned null
[11Mar2025 20:33:00.288] [main/INFO] [net.minecraft.world.item.crafting.RecipeManager/]: Skipping loading recipe endergetic:poise_fence_from_poise_planks_sawing as it's serializer returned null
[11Mar2025 20:33:00.288] [main/WARN] [quark-zeta/]: Non-existent flag andesite being used
[11Mar2025 20:33:00.289] [main/INFO] [net.minecraft.world.item.crafting.RecipeManager/]: Skipping loading recipe environmental:duck_egg as it's serializer returned null
[11Mar2025 20:33:00.290] [main/INFO] [net.minecraft.world.item.crafting.RecipeManager/]: Skipping loading recipe productivebees:hives/advanced_upgrade_aquatic_driftwood_beehive_clear as it's serializer returned null
[11Mar2025 20:33:00.290] [main/INFO] [net.minecraft.world.item.crafting.RecipeManager/]: Skipping loading recipe environmental:blue_wisteria_leaf_pile as it's serializer returned null
[11Mar2025 20:33:00.301] [main/WARN] [quark-zeta/]: Non-existent flag granite being used
[11Mar2025 20:33:00.301] [main/INFO] [net.minecraft.world.item.crafting.RecipeManager/]: Skipping loading recipe productivebees:hives/advanced_byg_bulbis_beehive_clear as it's serializer returned null
[11Mar2025 20:33:00.302] [main/WARN] [quark-zeta/]: Non-existent flag calcite being used
[11Mar2025 20:33:00.303] [main/INFO] [net.minecraft.world.item.crafting.RecipeManager/]: Skipping loading recipe atmospheric:laurel_fence_gate_from_laurel_logs_sawing as it's serializer returned null
[11Mar2025 20:33:00.304] [main/INFO] [net.minecraft.world.item.crafting.RecipeManager/]: Skipping loading recipe environmental:pine_boards_from_pine_planks_sawing as it's serializer returned null
[11Mar2025 20:33:00.304] [main/INFO] [net.minecraft.world.item.crafting.RecipeManager/]: Skipping loading recipe productivebees:hives/advanced_regions_unexplored_pink_bioshroom_beehive_clear as it's serializer returned null
[11Mar2025 20:33:00.317] [main/WARN] [quark-zeta/]: Non-existent flag dripstone being used
[11Mar2025 20:33:00.317] [main/INFO] [net.minecraft.world.item.crafting.RecipeManager/]: Skipping loading recipe productivebees:corail/woodcutter/mahogany_canvas_expansion_box as it's serializer returned null
[11Mar2025 20:33:00.320] [main/INFO] [net.minecraft.world.item.crafting.RecipeManager/]: Skipping loading recipe atmospheric:rosewood_leaf_pile as it's serializer returned null
[11Mar2025 20:33:00.322] [main/INFO] [net.minecraft.world.item.crafting.RecipeManager/]: Skipping loading recipe productivebees:corail/woodcutter/willow_canvas_expansion_box as it's serializer returned null
[11Mar2025 20:33:00.323] [main/INFO] [net.minecraft.world.item.crafting.RecipeManager/]: Skipping loading recipe productivebees:expansion_boxes/expansion_box_regions_unexplored_magnolia as it's serializer returned null
[11Mar2025 20:33:00.324] [main/INFO] [net.minecraft.world.item.crafting.RecipeManager/]: Skipping loading recipe endergetic:cracked_purpur_block_from_baking as it's serializer returned null
[11Mar2025 20:33:00.324] [main/INFO] [net.minecraft.world.item.crafting.RecipeManager/]: Skipping loading recipe productivebees:hives/advanced_byg_white_mangrove_beehive_clear as it's serializer returned null
[11Mar2025 20:33:00.325] [main/INFO] [net.minecraft.world.item.crafting.RecipeManager/]: Skipping loading recipe productivebees:expansion_boxes/expansion_box_regions_unexplored_eucalyptus as it's serializer returned null
[11Mar2025 20:33:00.325] [main/WARN] [quark-zeta/]: Non-existent flag dripstone being used
[11Mar2025 20:33:00.326] [main/WARN] [quark-zeta/]: Non-existent flag tuff being used
[11Mar2025 20:33:00.327] [main/INFO] [net.minecraft.world.item.crafting.RecipeManager/]: Skipping loading recipe atmospheric:yucca_button_from_yucca_logs_sawing as it's serializer returned null
[11Mar2025 20:33:00.336] [main/INFO] [net.minecraft.world.item.crafting.RecipeManager/]: Skipping loading recipe productivebees:corail/woodcutter/crimson_canvas_expansion_box as it's serializer returned null
[11Mar2025 20:33:00.336] [main/INFO] [net.minecraft.world.item.crafting.RecipeManager/]: Skipping loading recipe atmospheric:aspen_boards_from_aspen_planks_sawing as it's serializer returned null
[11Mar2025 20:33:00.337] [main/INFO] [net.minecraft.world.item.crafting.RecipeManager/]: Skipping loading recipe productivebees:hives/advanced_regions_unexplored_redwood_beehive_clear as it's serializer returned null
[11Mar2025 20:33:00.339] [main/INFO] [net.minecraft.world.item.crafting.RecipeManager/]: Skipping loading recipe atmospheric:morado_trapdoor_from_morado_logs_sawing as it's serializer returned null
[11Mar2025 20:33:00.340] [main/WARN] [quark-zeta/]: Non-existent flag calcite being used
[11Mar2025 20:33:00.340] [main/INFO] [net.minecraft.world.item.crafting.RecipeManager/]: Skipping loading recipe environmental:chiseled_plum_bookshelf as it's serializer returned null
[11Mar2025 20:33:00.341] [main/INFO] [net.minecraft.world.item.crafting.RecipeManager/]: Skipping loading recipe environmental:plum_sign_from_plum_logs_sawing as it's serializer returned null
[11Mar2025 20:33:00.342] [main/INFO] [net.minecraft.world.item.crafting.RecipeManager/]: Skipping loading recipe productivebees:hives/advanced_regions_unexplored_maple_beehive_clear as it's serializer returned null
[11Mar2025 20:33:00.343] [main/INFO] [net.minecraft.world.item.crafting.RecipeManager/]: Skipping loading recipe productivebees:corail/woodcutter/bamboo_canvas_hive as it's serializer returned null
[11Mar2025 20:33:00.344] [main/INFO] [net.minecraft.world.item.crafting.RecipeManager/]: Skipping loading recipe productivebees:hives/advanced_regions_unexplored_palm_beehive_clear as it's serializer returned null
[11Mar2025 20:33:00.344] [main/WARN] [quark-zeta/]: Non-existent flag dripstone being used
[11Mar2025 20:33:00.345] [main/INFO] [net.minecraft.world.item.crafting.RecipeManager/]: Skipping loading recipe productivebees:hives/advanced_regions_unexplored_magnolia_beehive_clear as it's serializer returned null
[11Mar2025 20:33:00.346] [main/INFO] [net.minecraft.world.item.crafting.RecipeManager/]: Skipping loading recipe atmospheric:yucca_pressure_plate_from_yucca_logs_sawing as it's serializer returned null
[11Mar2025 20:33:00.347] [main/INFO] [net.minecraft.world.item.crafting.RecipeManager/]: Skipping loading recipe environmental:pink_wisteria_leaves_from_leaf_piles as it's serializer returned null
[11Mar2025 20:33:00.352] [main/WARN] [quark-zeta/]: Non-existent flag andesite being used
[11Mar2025 20:33:00.353] [main/INFO] [net.minecraft.world.item.crafting.RecipeManager/]: Skipping loading recipe atmospheric:grimwood_boards_from_grimwood_logs_sawing as it's serializer returned null
[11Mar2025 20:33:00.355] [main/WARN] [quark-zeta/]: Non-existent flag tuff being used
[11Mar2025 20:33:00.356] [main/INFO] [net.minecraft.world.item.crafting.RecipeManager/]: Skipping loading recipe productivebees:expansion_boxes/expansion_box_byg_lament as it's serializer returned null
[11Mar2025 20:33:00.356] [main/INFO] [net.minecraft.world.item.crafting.RecipeManager/]: Skipping loading recipe productivebees:corail/woodcutter/warped_canvas_expansion_box as it's serializer returned null
[11Mar2025 20:33:00.357] [main/INFO] [net.minecraft.world.item.crafting.RecipeManager/]: Skipping loading recipe atmospheric:kousa_leaf_pile as it's serializer returned null
[11Mar2025 20:33:00.358] [main/INFO] [net.minecraft.world.item.crafting.RecipeManager/]: Skipping loading recipe atmospheric:grimwood_ladder as it's serializer returned null
[11Mar2025 20:33:00.359] [main/INFO] [net.minecraft.world.item.crafting.RecipeManager/]: Skipping loading recipe atmospheric:laurel_boards_from_laurel_planks_sawing as it's serializer returned null
[11Mar2025 20:33:00.359] [main/ERROR] [net.minecraft.world.item.crafting.RecipeManager/]: Parsing error loading recipe create:cutting/compat/environmental/cherry_log
com.google.gson.JsonSyntaxException: Unknown item 'environmental:cherry_log'
	at net.minecraft.world.item.crafting.ShapedRecipe.m_151280_(ShapedRecipe.java:292) ~[server-1.20.1-20230612.114412-srg.jar%23341!/:?]
	at java.util.Optional.orElseThrow(Optional.java:403) ~[?:?]
	at net.minecraft.world.item.crafting.ShapedRecipe.m_151278_(ShapedRecipe.java:291) ~[server-1.20.1-20230612.114412-srg.jar%23341!/:?]
	at net.minecraft.world.item.crafting.Ingredient.m_43919_(Ingredient.java:219) ~[server-1.20.1-20230612.114412-srg.jar%23341!/:?]
	at net.minecraftforge.common.crafting.VanillaIngredientSerializer.parse(VanillaIngredientSerializer.java:27) ~[forge-1.20.1-47.3.7-universal.jar%23346!/:?]
	at net.minecraftforge.common.crafting.CraftingHelper.getIngredient(CraftingHelper.java:148) ~[forge-1.20.1-47.3.7-universal.jar%23346!/:?]
	at net.minecraft.world.item.crafting.Ingredient.m_288218_(Ingredient.java:194) ~[server-1.20.1-20230612.114412-srg.jar%23341!/:?]
	at net.minecraft.world.item.crafting.Ingredient.m_43917_(Ingredient.java:189) ~[server-1.20.1-20230612.114412-srg.jar%23341!/:?]
	at com.simibubi.create.content.processing.recipe.ProcessingRecipeSerializer.readFromJson(ProcessingRecipeSerializer.java:66) ~[create-1.20.1-0.5.1.j.jar%23246!/:0.5.1.j]
	at com.simibubi.create.content.processing.recipe.ProcessingRecipeSerializer.fromJson(ProcessingRecipeSerializer.java:154) ~[create-1.20.1-0.5.1.j.jar%23246!/:0.5.1.j]
	at com.simibubi.create.content.processing.recipe.ProcessingRecipeSerializer.m_6729_(ProcessingRecipeSerializer.java:21) ~[create-1.20.1-0.5.1.j.jar%23246!/:0.5.1.j]
	at net.minecraftforge.common.extensions.IForgeRecipeSerializer.fromJson(IForgeRecipeSerializer.java:23) ~[forge-1.20.1-47.3.7-universal.jar%23346!/:?]
	at net.minecraft.world.item.crafting.RecipeManager.fromJson(RecipeManager.java:171) ~[server-1.20.1-20230612.114412-srg.jar%23341!/:?]
	at net.minecraft.world.item.crafting.RecipeManager.m_5787_(RecipeManager.java:67) ~[server-1.20.1-20230612.114412-srg.jar%23341!/:?]
	at net.minecraft.world.item.crafting.RecipeManager.m_5787_(RecipeManager.java:34) ~[server-1.20.1-20230612.114412-srg.jar%23341!/:?]
	at net.minecraft.server.packs.resources.SimplePreparableReloadListener.m_10789_(SimplePreparableReloadListener.java:13) ~[server-1.20.1-20230612.114412-srg.jar%23341!/:?]
	at java.util.concurrent.CompletableFuture$UniAccept.tryFire(CompletableFuture.java:718) ~[?:?]
	at java.util.concurrent.CompletableFuture$Completion.run(CompletableFuture.java:482) ~[?:?]
	at net.minecraft.server.packs.resources.SimpleReloadInstance.m_143940_(SimpleReloadInstance.java:69) ~[server-1.20.1-20230612.114412-srg.jar%23341!/:?]
	at net.minecraft.Util.m_214652_(Util.java:783) ~[server-1.20.1-20230612.114412-srg.jar%23341!/:?]
	at net.minecraft.Util.m_214679_(Util.java:772) ~[server-1.20.1-20230612.114412-srg.jar%23341!/:?]
	at net.minecraft.server.Main.main(Main.java:166) ~[server-1.20.1-20230612.114412-srg.jar%23341!/:?]
	at jdk.internal.reflect.NativeMethodAccessorImpl.invoke0(Native Method) ~[?:?]
	at jdk.internal.reflect.NativeMethodAccessorImpl.invoke(NativeMethodAccessorImpl.java:77) ~[?:?]
	at jdk.internal.reflect.DelegatingMethodAccessorImpl.invoke(DelegatingMethodAccessorImpl.java:43) ~[?:?]
	at java.lang.reflect.Method.invoke(Method.java:569) ~[?:?]
	at net.minecraftforge.fml.loading.targets.CommonLaunchHandler.runTarget(CommonLaunchHandler.java:111) ~[fmlloader-1.20.1-47.3.7.jar%2369!/:?]
	at net.minecraftforge.fml.loading.targets.CommonLaunchHandler.serverService(CommonLaunchHandler.java:103) ~[fmlloader-1.20.1-47.3.7.jar%2369!/:?]
	at net.minecraftforge.fml.loading.targets.CommonServerLaunchHandler.lambda$makeService$0(CommonServerLaunchHandler.java:27) ~[fmlloader-1.20.1-47.3.7.jar%2369!/:?]
	at cpw.mods.modlauncher.LaunchServiceHandlerDecorator.launch(LaunchServiceHandlerDecorator.java:30) ~[modlauncher-10.0.9.jar%2355!/:?]
	at cpw.mods.modlauncher.LaunchServiceHandler.launch(LaunchServiceHandler.java:53) ~[modlauncher-10.0.9.jar%2355!/:?]
	at cpw.mods.modlauncher.LaunchServiceHandler.launch(LaunchServiceHandler.java:71) ~[modlauncher-10.0.9.jar%2355!/:?]
	at cpw.mods.modlauncher.Launcher.run(Launcher.java:108) ~[modlauncher-10.0.9.jar%2355!/:?]
	at cpw.mods.modlauncher.Launcher.main(Launcher.java:78) ~[modlauncher-10.0.9.jar%2355!/:?]
	at cpw.mods.modlauncher.BootstrapLaunchConsumer.accept(BootstrapLaunchConsumer.java:26) ~[modlauncher-10.0.9.jar%2355!/:?]
	at cpw.mods.modlauncher.BootstrapLaunchConsumer.accept(BootstrapLaunchConsumer.java:23) ~[modlauncher-10.0.9.jar%2355!/:?]
	at cpw.mods.bootstraplauncher.BootstrapLauncher.main(BootstrapLauncher.java:141) ~[bootstraplauncher-1.1.2.jar:?]
[11Mar2025 20:33:00.364] [main/INFO] [net.minecraft.world.item.crafting.RecipeManager/]: Skipping loading recipe environmental:willow_beehive as it's serializer returned null
[11Mar2025 20:33:00.365] [main/INFO] [net.minecraft.world.item.crafting.RecipeManager/]: Skipping loading recipe productivebees:corail/woodcutter/jungle_canvas_expansion_box as it's serializer returned null
[11Mar2025 20:33:00.366] [main/WARN] [quark-zeta/]: Non-existent flag dripstone being used
[11Mar2025 20:33:00.377] [main/INFO] [net.minecraft.world.item.crafting.RecipeManager/]: Skipping loading recipe productivebees:corail/woodcutter/acacia_canvas_hive as it's serializer returned null
[11Mar2025 20:33:00.382] [main/INFO] [net.minecraft.world.item.crafting.RecipeManager/]: Skipping loading recipe productivebees:expansion_boxes/expansion_box_autumnity_maple as it's serializer returned null
[11Mar2025 20:33:00.383] [main/INFO] [net.minecraft.world.item.crafting.RecipeManager/]: Skipping loading recipe environmental:plum_stairs_from_plum_planks_sawing as it's serializer returned null
[11Mar2025 20:33:00.385] [main/WARN] [quark-zeta/]: Non-existent flag dripstone being used
[11Mar2025 20:33:00.386] [main/INFO] [net.minecraft.world.item.crafting.RecipeManager/]: Skipping loading recipe productivebees:expansion_boxes/expansion_box_regions_unexplored_dead as it's serializer returned null
[11Mar2025 20:33:00.391] [main/INFO] [net.minecraft.world.item.crafting.RecipeManager/]: Skipping loading recipe atmospheric:kousa_boards_from_kousa_planks_sawing as it's serializer returned null
[11Mar2025 20:33:00.391] [main/INFO] [net.minecraft.world.item.crafting.RecipeManager/]: Skipping loading recipe atmospheric:grimwood_leaf_pile as it's serializer returned null
[11Mar2025 20:33:00.392] [main/INFO] [net.minecraft.world.item.crafting.RecipeManager/]: Skipping loading recipe atmospheric:aspen_door_from_aspen_logs_sawing as it's serializer returned null
[11Mar2025 20:33:00.393] [main/INFO] [net.minecraft.world.item.crafting.RecipeManager/]: Skipping loading recipe atmospheric:aspen_pressure_plate_from_aspen_logs_sawing as it's serializer returned null
[11Mar2025 20:33:00.393] [main/INFO] [net.minecraft.world.item.crafting.RecipeManager/]: Skipping loading recipe endergetic:chiseled_poise_bookshelf as it's serializer returned null
[11Mar2025 20:33:00.394] [main/INFO] [net.minecraft.world.item.crafting.RecipeManager/]: Skipping loading recipe atmospheric:aspen_slab_from_aspen_logs_sawing as it's serializer returned null
[11Mar2025 20:33:00.395] [main/INFO] [net.minecraft.world.item.crafting.RecipeManager/]: Skipping loading recipe endergetic:eumus_brick_from_baking as it's serializer returned null
[11Mar2025 20:33:00.395] [main/INFO] [net.minecraft.world.item.crafting.RecipeManager/]: Skipping loading recipe productivebees:hives/advanced_biomesoplenty_palm_beehive as it's serializer returned null
[11Mar2025 20:33:00.395] [main/INFO] [net.minecraft.world.item.crafting.RecipeManager/]: Skipping loading recipe environmental:wisteria_ladder as it's serializer returned null
[11Mar2025 20:33:00.396] [main/INFO] [net.minecraft.world.item.crafting.RecipeManager/]: Skipping loading recipe productivebees:hives/advanced_upgrade_aquatic_river_beehive_clear as it's serializer returned null
[11Mar2025 20:33:00.396] [main/INFO] [net.minecraft.world.item.crafting.RecipeManager/]: Skipping loading recipe productivebees:hives/advanced_byg_witch_hazel_beehive_clear as it's serializer returned null
[11Mar2025 20:33:00.397] [main/INFO] [net.minecraft.world.item.crafting.RecipeManager/]: Skipping loading recipe atmospheric:large_laurel_boat as it's serializer returned null
[11Mar2025 20:33:00.397] [main/INFO] [net.minecraft.world.item.crafting.RecipeManager/]: Skipping loading recipe productivebees:hives/advanced_regions_unexplored_blue_bioshroom_beehive as it's serializer returned null
[11Mar2025 20:33:00.398] [main/INFO] [net.minecraft.world.item.crafting.RecipeManager/]: Skipping loading recipe productivebees:expansion_boxes/expansion_box_byg_jacaranda as it's serializer returned null
[11Mar2025 20:33:00.398] [main/INFO] [net.minecraft.world.item.crafting.RecipeManager/]: Skipping loading recipe productivebees:hives/advanced_byg_mahogany_beehive as it's serializer returned null
[11Mar2025 20:33:00.402] [main/INFO] [net.minecraft.world.item.crafting.RecipeManager/]: Skipping loading recipe atmospheric:laurel_trapdoor_from_laurel_logs_sawing as it's serializer returned null
[11Mar2025 20:33:00.402] [main/INFO] [net.minecraft.world.item.crafting.RecipeManager/]: Skipping loading recipe productivebees:hives/advanced_biomesoplenty_palm_beehive_clear as it's serializer returned null
[11Mar2025 20:33:00.402] [main/WARN] [quark-zeta/]: Non-existent flag tuff being used
[11Mar2025 20:33:00.403] [main/INFO] [net.minecraft.world.item.crafting.RecipeManager/]: Skipping loading recipe productivebees:hives/advanced_byg_jacaranda_beehive as it's serializer returned null
[11Mar2025 20:33:00.405] [main/INFO] [net.minecraft.world.item.crafting.RecipeManager/]: Skipping loading recipe productivebees:corail/woodcutter/snake_block_canvas_expansion_box as it's serializer returned null
[11Mar2025 20:33:00.405] [main/INFO] [net.minecraft.world.item.crafting.RecipeManager/]: Skipping loading recipe atmospheric:grimwood_stairs_from_grimwood_planks_sawing as it's serializer returned null
[11Mar2025 20:33:00.405] [main/INFO] [net.minecraft.world.item.crafting.RecipeManager/]: Skipping loading recipe productivebees:hives/advanced_biomesoplenty_hellbark_beehive_clear as it's serializer returned null
[11Mar2025 20:33:00.411] [main/INFO] [net.minecraft.world.item.crafting.RecipeManager/]: Skipping loading recipe productivebees:hives/advanced_byg_cypress_beehive_clear as it's serializer returned null
[11Mar2025 20:33:00.414] [main/INFO] [net.minecraft.world.item.crafting.RecipeManager/]: Skipping loading recipe environmental:chiseled_wisteria_bookshelf as it's serializer returned null
[11Mar2025 20:33:00.414] [main/INFO] [net.minecraft.world.item.crafting.RecipeManager/]: Skipping loading recipe productivebees:hives/advanced_biomesoplenty_hellbark_beehive as it's serializer returned null
[11Mar2025 20:33:00.415] [main/INFO] [net.minecraft.world.item.crafting.RecipeManager/]: Skipping loading recipe atmospheric:kousa_trapdoor_from_kousa_logs_sawing as it's serializer returned null
[11Mar2025 20:33:00.415] [main/WARN] [quark-zeta/]: Non-existent flag dripstone being used
[11Mar2025 20:33:00.424] [main/INFO] [net.minecraft.world.item.crafting.RecipeManager/]: Skipping loading recipe productivebees:expansion_boxes/expansion_box_regions_unexplored_pine as it's serializer returned null
[11Mar2025 20:33:00.425] [main/INFO] [net.minecraft.world.item.crafting.RecipeManager/]: Skipping loading recipe atmospheric:trapped_rosewood_chest as it's serializer returned null
[11Mar2025 20:33:00.430] [main/WARN] [quark-zeta/]: Non-existent flag tuff being used
[11Mar2025 20:33:00.433] [main/INFO] [net.minecraft.world.item.crafting.RecipeManager/]: Skipping loading recipe environmental:willow_button_from_willow_logs_sawing as it's serializer returned null
[11Mar2025 20:33:00.434] [main/INFO] [net.minecraft.world.item.crafting.RecipeManager/]: Skipping loading recipe atmospheric:green_aspen_leaves_from_leaf_piles as it's serializer returned null
[11Mar2025 20:33:00.434] [main/INFO] [net.minecraft.world.item.crafting.RecipeManager/]: Skipping loading recipe environmental:blue_wisteria_leaves_from_leaf_piles as it's serializer returned null
[11Mar2025 20:33:00.438] [main/INFO] [net.minecraft.world.item.crafting.RecipeManager/]: Skipping loading recipe productivebees:hives/advanced_regions_unexplored_blackwood_beehive as it's serializer returned null
[11Mar2025 20:33:00.441] [main/INFO] [net.minecraft.world.item.crafting.RecipeManager/]: Skipping loading recipe environmental:wisteria_boards_from_wisteria_logs_sawing as it's serializer returned null
[11Mar2025 20:33:00.441] [main/WARN] [quark-zeta/]: Non-existent flag tuff being used
[11Mar2025 20:33:00.442] [main/INFO] [net.minecraft.world.item.crafting.RecipeManager/]: Skipping loading recipe atmospheric:yucca_beehive as it's serializer returned null
[11Mar2025 20:33:00.443] [main/INFO] [net.minecraft.world.item.crafting.RecipeManager/]: Skipping loading recipe atmospheric:yucca_leaves_from_leaf_piles as it's serializer returned null
[11Mar2025 20:33:00.444] [main/INFO] [net.minecraft.world.item.crafting.RecipeManager/]: Skipping loading recipe productivebees:expansion_boxes/expansion_box_biomesoplenty_redwood as it's serializer returned null
[11Mar2025 20:33:00.445] [main/INFO] [net.minecraft.world.item.crafting.RecipeManager/]: Skipping loading recipe atmospheric:morado_fence_from_morado_planks_sawing as it's serializer returned null
[11Mar2025 20:33:00.445] [main/INFO] [net.minecraft.world.item.crafting.RecipeManager/]: Skipping loading recipe atmospheric:grimwood_button_from_grimwood_planks_sawing as it's serializer returned null
[11Mar2025 20:33:00.446] [main/INFO] [net.minecraft.world.item.crafting.RecipeManager/]: Skipping loading recipe environmental:wisteria_stairs_from_wisteria_planks_sawing as it's serializer returned null
[11Mar2025 20:33:00.446] [main/INFO] [net.minecraft.world.item.crafting.RecipeManager/]: Skipping loading recipe productivebees:hives/advanced_regions_unexplored_willow_beehive_clear as it's serializer returned null
[11Mar2025 20:33:00.447] [main/INFO] [net.minecraft.world.item.crafting.RecipeManager/]: Skipping loading recipe atmospheric:yucca_slab_from_yucca_planks_sawing as it's serializer returned null
[11Mar2025 20:33:00.448] [main/INFO] [net.minecraft.world.item.crafting.RecipeManager/]: Skipping loading recipe environmental:wisteria_ladder_from_wisteria_logs_sawing as it's serializer returned null
[11Mar2025 20:33:00.449] [main/WARN] [quark-zeta/]: Non-existent flag calcite being used
[11Mar2025 20:33:00.449] [main/INFO] [net.minecraft.world.item.crafting.RecipeManager/]: Skipping loading recipe endergetic:poise_ladder as it's serializer returned null
[11Mar2025 20:33:00.450] [main/INFO] [net.minecraft.world.item.crafting.RecipeManager/]: Skipping loading recipe endergetic:poise_door_from_poise_stems_sawing as it's serializer returned null
[11Mar2025 20:33:00.450] [main/INFO] [net.minecraft.world.item.crafting.RecipeManager/]: Skipping loading recipe environmental:wisteria_trapdoor_from_wisteria_logs_sawing as it's serializer returned null
[11Mar2025 20:33:00.451] [main/INFO] [net.minecraft.world.item.crafting.RecipeManager/]: Skipping loading recipe atmospheric:yucca_boards_from_yucca_planks_sawing as it's serializer returned null
[11Mar2025 20:33:00.452] [main/INFO] [net.minecraft.world.item.crafting.RecipeManager/]: Skipping loading recipe environmental:willow_fence_gate_from_willow_logs_sawing as it's serializer returned null
[11Mar2025 20:33:00.453] [main/INFO] [net.minecraft.world.item.crafting.RecipeManager/]: Skipping loading recipe atmospheric:yucca_furnace_boat as it's serializer returned null
[11Mar2025 20:33:00.454] [main/INFO] [net.minecraft.world.item.crafting.RecipeManager/]: Skipping loading recipe productivebees:expansion_boxes/expansion_box_byg_baobab as it's serializer returned null
[11Mar2025 20:33:00.455] [main/INFO] [net.minecraft.world.item.crafting.RecipeManager/]: Skipping loading recipe environmental:plum as it's serializer returned null
[11Mar2025 20:33:00.455] [main/INFO] [net.minecraft.world.item.crafting.RecipeManager/]: Skipping loading recipe environmental:wisteria_chest as it's serializer returned null
[11Mar2025 20:33:00.456] [main/INFO] [net.minecraft.world.item.crafting.RecipeManager/]: Skipping loading recipe environmental:pine_slab_from_pine_logs_sawing as it's serializer returned null
[11Mar2025 20:33:00.456] [main/INFO] [net.minecraft.world.item.crafting.RecipeManager/]: Skipping loading recipe atmospheric:large_kousa_boat as it's serializer returned null
[11Mar2025 20:33:00.457] [main/WARN] [quark-zeta/]: Non-existent flag granite being used
[11Mar2025 20:33:00.457] [main/INFO] [net.minecraft.world.item.crafting.RecipeManager/]: Skipping loading recipe atmospheric:large_rosewood_boat as it's serializer returned null
[11Mar2025 20:33:00.458] [main/INFO] [net.minecraft.world.item.crafting.RecipeManager/]: Skipping loading recipe productivebees:corail/woodcutter/spruce_canvas_hive as it's serializer returned null
[11Mar2025 20:33:00.458] [main/INFO] [net.minecraft.world.item.crafting.RecipeManager/]: Skipping loading recipe productivebees:expansion_boxes/expansion_box_regions_unexplored_socotra as it's serializer returned null
[11Mar2025 20:33:00.459] [main/INFO] [net.minecraft.world.item.crafting.RecipeManager/]: Skipping loading recipe productivebees:hives/advanced_byg_cika_beehive_clear as it's serializer returned null
[11Mar2025 20:33:00.459] [main/INFO] [net.minecraft.world.item.crafting.RecipeManager/]: Skipping loading recipe productivebees:hives/advanced_byg_ebony_beehive as it's serializer returned null
[11Mar2025 20:33:00.460] [main/INFO] [net.minecraft.world.item.crafting.RecipeManager/]: Skipping loading recipe productivebees:expansion_boxes/expansion_box_byg_bulbis as it's serializer returned null
[11Mar2025 20:33:00.461] [main/INFO] [net.minecraft.world.item.crafting.RecipeManager/]: Skipping loading recipe environmental:wisteria_furnace_boat as it's serializer returned null
[11Mar2025 20:33:00.461] [main/INFO] [net.minecraft.world.item.crafting.RecipeManager/]: Skipping loading recipe productivebees:hives/advanced_byg_blue_enchanted_beehive_clear as it's serializer returned null
[11Mar2025 20:33:00.462] [main/INFO] [net.minecraft.world.item.crafting.RecipeManager/]: Skipping loading recipe environmental:large_pine_boat as it's serializer returned null
[11Mar2025 20:33:00.462] [main/INFO] [net.minecraft.world.item.crafting.RecipeManager/]: Skipping loading recipe productivebees:expansion_boxes/expansion_box_regions_unexplored_willow as it's serializer returned null
[11Mar2025 20:33:00.470] [main/INFO] [net.minecraft.world.item.crafting.RecipeManager/]: Skipping loading recipe productivebees:hives/advanced_regions_unexplored_joshua_beehive as it's serializer returned null
[11Mar2025 20:33:00.471] [main/INFO] [net.minecraft.world.item.crafting.RecipeManager/]: Skipping loading recipe productivebees:hives/advanced_biomesoplenty_dead_beehive_clear as it's serializer returned null
[11Mar2025 20:33:00.471] [main/WARN] [quark-zeta/]: Non-existent flag calcite being used
[11Mar2025 20:33:00.477] [main/INFO] [net.minecraft.world.item.crafting.RecipeManager/]: Skipping loading recipe productivebees:hives/advanced_byg_fir_beehive as it's serializer returned null
[11Mar2025 20:33:00.480] [main/INFO] [net.minecraft.world.item.crafting.RecipeManager/]: Skipping loading recipe atmospheric:yucca_ladder_from_yucca_planks_sawing as it's serializer returned null
[11Mar2025 20:33:00.481] [main/INFO] [net.minecraft.world.item.crafting.RecipeManager/]: Skipping loading recipe environmental:plum_ladder_from_plum_planks_sawing as it's serializer returned null
[11Mar2025 20:33:00.481] [main/INFO] [net.minecraft.world.item.crafting.RecipeManager/]: Skipping loading recipe productivebees:hives/advanced_byg_blue_enchanted_beehive as it's serializer returned null
[11Mar2025 20:33:00.481] [main/INFO] [net.minecraft.world.item.crafting.RecipeManager/]: Skipping loading recipe atmospheric:kousa_beehive as it's serializer returned null
[11Mar2025 20:33:00.481] [main/INFO] [net.minecraft.world.item.crafting.RecipeManager/]: Skipping loading recipe atmospheric:kousa_boards_from_kousa_logs_sawing as it's serializer returned null
[11Mar2025 20:33:00.484] [main/INFO] [net.minecraft.world.item.crafting.RecipeManager/]: Skipping loading recipe environmental:pine_leaves_from_leaf_piles as it's serializer returned null
[11Mar2025 20:33:00.484] [main/WARN] [quark-zeta/]: Non-existent flag diorite being used
[11Mar2025 20:33:00.485] [main/INFO] [net.minecraft.world.item.crafting.RecipeManager/]: Skipping loading recipe productivebees:expansion_boxes/expansion_box_regions_unexplored_blue_bioshroom as it's serializer returned null
[11Mar2025 20:33:00.487] [main/INFO] [net.minecraft.world.item.crafting.RecipeManager/]: Skipping loading recipe environmental:purple_wisteria_leaf_pile as it's serializer returned null
[11Mar2025 20:33:00.488] [main/INFO] [net.minecraft.world.item.crafting.RecipeManager/]: Skipping loading recipe productivebees:expansion_boxes/expansion_box_byg_ebony as it's serializer returned null
[11Mar2025 20:33:00.491] [main/INFO] [net.minecraft.world.item.crafting.RecipeManager/]: Skipping loading recipe productivebees:hives/advanced_regions_unexplored_pink_bioshroom_beehive as it's serializer returned null
[11Mar2025 20:33:00.492] [main/INFO] [net.minecraft.world.item.crafting.RecipeManager/]: Skipping loading recipe atmospheric:arid_glass_from_baking as it's serializer returned null
[11Mar2025 20:33:00.492] [main/WARN] [quark-zeta/]: Non-existent flag tuff being used
[11Mar2025 20:33:00.493] [main/WARN] [quark-zeta/]: Non-existent flag diorite being used
[11Mar2025 20:33:00.494] [main/INFO] [net.minecraft.world.item.crafting.RecipeManager/]: Skipping loading recipe environmental:willow_ladder as it's serializer returned null
[11Mar2025 20:33:00.495] [main/INFO] [net.minecraft.world.item.crafting.RecipeManager/]: Skipping loading recipe atmospheric:rosewood_ladder as it's serializer returned null
[11Mar2025 20:33:00.500] [main/INFO] [net.minecraft.world.item.crafting.RecipeManager/]: Skipping loading recipe productivebees:hives/advanced_biomesoplenty_umbran_beehive as it's serializer returned null
[11Mar2025 20:33:00.500] [main/INFO] [net.minecraft.world.item.crafting.RecipeManager/]: Skipping loading recipe productivebees:expansion_boxes/expansion_box_byg_imparius as it's serializer returned null
[11Mar2025 20:33:00.500] [main/WARN] [quark-zeta/]: Non-existent flag dripstone being used
[11Mar2025 20:33:00.501] [main/INFO] [net.minecraft.world.item.crafting.RecipeManager/]: Skipping loading recipe environmental:wisteria_leaves_from_leaf_piles as it's serializer returned null
[11Mar2025 20:33:00.501] [main/INFO] [net.minecraft.world.item.crafting.RecipeManager/]: Skipping loading recipe endergetic:poise_boards_from_poise_planks_sawing as it's serializer returned null
[11Mar2025 20:33:00.501] [main/INFO] [net.minecraft.world.item.crafting.RecipeManager/]: Skipping loading recipe atmospheric:yucca_trapdoor_from_yucca_logs_sawing as it's serializer returned null
[11Mar2025 20:33:00.502] [main/INFO] [net.minecraft.world.item.crafting.RecipeManager/]: Skipping loading recipe productivebees:hives/advanced_regions_unexplored_green_bioshroom_beehive as it's serializer returned null
[11Mar2025 20:33:00.502] [main/INFO] [net.minecraft.world.item.crafting.RecipeManager/]: Skipping loading recipe environmental:willow_pressure_plate_from_willow_logs_sawing as it's serializer returned null
[11Mar2025 20:33:00.502] [main/INFO] [net.minecraft.world.item.crafting.RecipeManager/]: Skipping loading recipe productivebees:expansion_boxes/expansion_box_byg_redwood as it's serializer returned null
[11Mar2025 20:33:00.503] [main/INFO] [net.minecraft.world.item.crafting.RecipeManager/]: Skipping loading recipe productivebees:hives/advanced_regions_unexplored_green_bioshroom_beehive_clear as it's serializer returned null
[11Mar2025 20:33:00.503] [main/INFO] [net.minecraft.world.item.crafting.RecipeManager/]: Skipping loading recipe productivebees:hives/advanced_byg_baobab_beehive as it's serializer returned null
[11Mar2025 20:33:00.508] [main/INFO] [net.minecraft.world.item.crafting.RecipeManager/]: Skipping loading recipe productivebees:hives/advanced_byg_holly_beehive_clear as it's serializer returned null
[11Mar2025 20:33:00.508] [main/INFO] [net.minecraft.world.item.crafting.RecipeManager/]: Skipping loading recipe productivebees:hives/advanced_regions_unexplored_baobab_beehive_clear as it's serializer returned null
[11Mar2025 20:33:00.511] [main/INFO] [net.minecraft.world.item.crafting.RecipeManager/]: Skipping loading recipe environmental:wisteria_stairs_from_wisteria_logs_sawing as it's serializer returned null
[11Mar2025 20:33:00.512] [main/INFO] [net.minecraft.world.item.crafting.RecipeManager/]: Skipping loading recipe productivebees:expansion_boxes/expansion_box_regions_unexplored_yellow_bioshroom as it's serializer returned null
[11Mar2025 20:33:00.513] [main/INFO] [net.minecraft.world.item.crafting.RecipeManager/]: Skipping loading recipe atmospheric:laurel_bookshelf as it's serializer returned null
[11Mar2025 20:33:00.514] [main/INFO] [net.minecraft.world.item.crafting.RecipeManager/]: Skipping loading recipe atmospheric:aspen_furnace_boat as it's serializer returned null
[11Mar2025 20:33:00.514] [main/INFO] [net.minecraft.world.item.crafting.RecipeManager/]: Skipping loading recipe productivebees:expansion_boxes/expansion_box_biomesoplenty_dead as it's serializer returned null
[11Mar2025 20:33:00.515] [main/INFO] [net.minecraft.world.item.crafting.RecipeManager/]: Skipping loading recipe environmental:pine_ladder_from_pine_planks_sawing as it's serializer returned null
[11Mar2025 20:33:00.516] [main/INFO] [net.minecraft.world.item.crafting.RecipeManager/]: Skipping loading recipe environmental:plum_ladder as it's serializer returned null
[11Mar2025 20:33:00.518] [main/INFO] [net.minecraft.world.item.crafting.RecipeManager/]: Skipping loading recipe atmospheric:aspen_ladder as it's serializer returned null
[11Mar2025 20:33:00.518] [main/WARN] [quark-zeta/]: Non-existent flag granite being used
[11Mar2025 20:33:00.518] [main/INFO] [net.minecraft.world.item.crafting.RecipeManager/]: Skipping loading recipe atmospheric:kousa_leaves_from_leaf_piles as it's serializer returned null
[11Mar2025 20:33:00.520] [main/WARN] [quark-zeta/]: Non-existent flag dripstone being used
[11Mar2025 20:33:00.520] [main/INFO] [net.minecraft.world.item.crafting.RecipeManager/]: Skipping loading recipe endergetic:large_poise_boat as it's serializer returned null
[11Mar2025 20:33:00.526] [main/INFO] [net.minecraft.world.item.crafting.RecipeManager/]: Skipping loading recipe atmospheric:yucca_chest as it's serializer returned null
[11Mar2025 20:33:00.527] [main/WARN] [quark-zeta/]: Non-existent flag tuff being used
[11Mar2025 20:33:00.527] [main/INFO] [net.minecraft.world.item.crafting.RecipeManager/]: Skipping loading recipe atmospheric:kousa_stairs_from_kousa_logs_sawing as it's serializer returned null
[11Mar2025 20:33:00.528] [main/INFO] [net.minecraft.world.item.crafting.RecipeManager/]: Skipping loading recipe atmospheric:grimwood_leaves_from_leaf_piles as it's serializer returned null
[11Mar2025 20:33:00.528] [main/ERROR] [net.minecraft.world.item.crafting.RecipeManager/]: Parsing error loading recipe create:cutting/compat/nethers_exoticism/stripped_ramboutan_wood
com.google.gson.JsonSyntaxException: Unknown item 'nethers_exoticism:stripped_ramboutan_wood'
	at net.minecraft.world.item.crafting.ShapedRecipe.m_151280_(ShapedRecipe.java:292) ~[server-1.20.1-20230612.114412-srg.jar%23341!/:?]
	at java.util.Optional.orElseThrow(Optional.java:403) ~[?:?]
	at net.minecraft.world.item.crafting.ShapedRecipe.m_151278_(ShapedRecipe.java:291) ~[server-1.20.1-20230612.114412-srg.jar%23341!/:?]
	at net.minecraft.world.item.crafting.Ingredient.m_43919_(Ingredient.java:219) ~[server-1.20.1-20230612.114412-srg.jar%23341!/:?]
	at net.minecraftforge.common.crafting.VanillaIngredientSerializer.parse(VanillaIngredientSerializer.java:27) ~[forge-1.20.1-47.3.7-universal.jar%23346!/:?]
	at net.minecraftforge.common.crafting.CraftingHelper.getIngredient(CraftingHelper.java:148) ~[forge-1.20.1-47.3.7-universal.jar%23346!/:?]
	at net.minecraft.world.item.crafting.Ingredient.m_288218_(Ingredient.java:194) ~[server-1.20.1-20230612.114412-srg.jar%23341!/:?]
	at net.minecraft.world.item.crafting.Ingredient.m_43917_(Ingredient.java:189) ~[server-1.20.1-20230612.114412-srg.jar%23341!/:?]
	at com.simibubi.create.content.processing.recipe.ProcessingRecipeSerializer.readFromJson(ProcessingRecipeSerializer.java:66) ~[create-1.20.1-0.5.1.j.jar%23246!/:0.5.1.j]
	at com.simibubi.create.content.processing.recipe.ProcessingRecipeSerializer.fromJson(ProcessingRecipeSerializer.java:154) ~[create-1.20.1-0.5.1.j.jar%23246!/:0.5.1.j]
	at com.simibubi.create.content.processing.recipe.ProcessingRecipeSerializer.m_6729_(ProcessingRecipeSerializer.java:21) ~[create-1.20.1-0.5.1.j.jar%23246!/:0.5.1.j]
	at net.minecraftforge.common.extensions.IForgeRecipeSerializer.fromJson(IForgeRecipeSerializer.java:23) ~[forge-1.20.1-47.3.7-universal.jar%23346!/:?]
	at net.minecraft.world.item.crafting.RecipeManager.fromJson(RecipeManager.java:171) ~[server-1.20.1-20230612.114412-srg.jar%23341!/:?]
	at net.minecraft.world.item.crafting.RecipeManager.m_5787_(RecipeManager.java:67) ~[server-1.20.1-20230612.114412-srg.jar%23341!/:?]
	at net.minecraft.world.item.crafting.RecipeManager.m_5787_(RecipeManager.java:34) ~[server-1.20.1-20230612.114412-srg.jar%23341!/:?]
	at net.minecraft.server.packs.resources.SimplePreparableReloadListener.m_10789_(SimplePreparableReloadListener.java:13) ~[server-1.20.1-20230612.114412-srg.jar%23341!/:?]
	at java.util.concurrent.CompletableFuture$UniAccept.tryFire(CompletableFuture.java:718) ~[?:?]
	at java.util.concurrent.CompletableFuture$Completion.run(CompletableFuture.java:482) ~[?:?]
	at net.minecraft.server.packs.resources.SimpleReloadInstance.m_143940_(SimpleReloadInstance.java:69) ~[server-1.20.1-20230612.114412-srg.jar%23341!/:?]
	at net.minecraft.Util.m_214652_(Util.java:783) ~[server-1.20.1-20230612.114412-srg.jar%23341!/:?]
	at net.minecraft.Util.m_214679_(Util.java:772) ~[server-1.20.1-20230612.114412-srg.jar%23341!/:?]
	at net.minecraft.server.Main.main(Main.java:166) ~[server-1.20.1-20230612.114412-srg.jar%23341!/:?]
	at jdk.internal.reflect.NativeMethodAccessorImpl.invoke0(Native Method) ~[?:?]
	at jdk.internal.reflect.NativeMethodAccessorImpl.invoke(NativeMethodAccessorImpl.java:77) ~[?:?]
	at jdk.internal.reflect.DelegatingMethodAccessorImpl.invoke(DelegatingMethodAccessorImpl.java:43) ~[?:?]
	at java.lang.reflect.Method.invoke(Method.java:569) ~[?:?]
	at net.minecraftforge.fml.loading.targets.CommonLaunchHandler.runTarget(CommonLaunchHandler.java:111) ~[fmlloader-1.20.1-47.3.7.jar%2369!/:?]
	at net.minecraftforge.fml.loading.targets.CommonLaunchHandler.serverService(CommonLaunchHandler.java:103) ~[fmlloader-1.20.1-47.3.7.jar%2369!/:?]
	at net.minecraftforge.fml.loading.targets.CommonServerLaunchHandler.lambda$makeService$0(CommonServerLaunchHandler.java:27) ~[fmlloader-1.20.1-47.3.7.jar%2369!/:?]
	at cpw.mods.modlauncher.LaunchServiceHandlerDecorator.launch(LaunchServiceHandlerDecorator.java:30) ~[modlauncher-10.0.9.jar%2355!/:?]
	at cpw.mods.modlauncher.LaunchServiceHandler.launch(LaunchServiceHandler.java:53) ~[modlauncher-10.0.9.jar%2355!/:?]
	at cpw.mods.modlauncher.LaunchServiceHandler.launch(LaunchServiceHandler.java:71) ~[modlauncher-10.0.9.jar%2355!/:?]
	at cpw.mods.modlauncher.Launcher.run(Launcher.java:108) ~[modlauncher-10.0.9.jar%2355!/:?]
	at cpw.mods.modlauncher.Launcher.main(Launcher.java:78) ~[modlauncher-10.0.9.jar%2355!/:?]
	at cpw.mods.modlauncher.BootstrapLaunchConsumer.accept(BootstrapLaunchConsumer.java:26) ~[modlauncher-10.0.9.jar%2355!/:?]
	at cpw.mods.modlauncher.BootstrapLaunchConsumer.accept(BootstrapLaunchConsumer.java:23) ~[modlauncher-10.0.9.jar%2355!/:?]
	at cpw.mods.bootstraplauncher.BootstrapLauncher.main(BootstrapLauncher.java:141) ~[bootstraplauncher-1.1.2.jar:?]
[11Mar2025 20:33:00.533] [main/INFO] [net.minecraft.world.item.crafting.RecipeManager/]: Skipping loading recipe productivebees:expansion_boxes/expansion_box_regions_unexplored_maple as it's serializer returned null
[11Mar2025 20:33:00.533] [main/WARN] [quark-zeta/]: Non-existent flag dripstone being used
[11Mar2025 20:33:00.533] [main/WARN] [quark-zeta/]: Non-existent flag andesite being used
[11Mar2025 20:33:00.534] [main/INFO] [net.minecraft.world.item.crafting.RecipeManager/]: Skipping loading recipe endergetic:poise_ladder_from_poise_planks_sawing as it's serializer returned null
[11Mar2025 20:33:00.534] [main/INFO] [net.minecraft.world.item.crafting.RecipeManager/]: Skipping loading recipe atmospheric:morado_button_from_morado_planks_sawing as it's serializer returned null
[11Mar2025 20:33:00.534] [main/INFO] [net.minecraft.world.item.crafting.RecipeManager/]: Skipping loading recipe productivebees:corail/woodcutter/dead_canvas_expansion_box as it's serializer returned null
[11Mar2025 20:33:00.535] [main/INFO] [net.minecraft.world.item.crafting.RecipeManager/]: Skipping loading recipe environmental:willow_chest as it's serializer returned null
[11Mar2025 20:33:00.535] [main/INFO] [net.minecraft.world.item.crafting.RecipeManager/]: Skipping loading recipe productivebees:hives/advanced_byg_lament_beehive_clear as it's serializer returned null
[11Mar2025 20:33:00.535] [main/INFO] [net.minecraft.world.item.crafting.RecipeManager/]: Skipping loading recipe productivebees:hives/advanced_byg_embur_beehive as it's serializer returned null
[11Mar2025 20:33:00.536] [main/INFO] [net.minecraft.world.item.crafting.RecipeManager/]: Skipping loading recipe endergetic:poise_ladder_from_poise_stems_sawing as it's serializer returned null
[11Mar2025 20:33:00.537] [main/INFO] [net.minecraft.world.item.crafting.RecipeManager/]: Skipping loading recipe endergetic:poise_chest as it's serializer returned null
[11Mar2025 20:33:00.538] [main/INFO] [net.minecraft.world.item.crafting.RecipeManager/]: Skipping loading recipe productivebees:hives/advanced_upgrade_aquatic_river_beehive as it's serializer returned null
[11Mar2025 20:33:00.538] [main/WARN] [quark-zeta/]: Non-existent flag tuff being used
[11Mar2025 20:33:00.539] [main/INFO] [net.minecraft.world.item.crafting.RecipeManager/]: Skipping loading recipe productivebees:hives/advanced_biomesoplenty_jacaranda_beehive_clear as it's serializer returned null
[11Mar2025 20:33:00.539] [main/WARN] [quark-zeta/]: Non-existent flag calcite being used
[11Mar2025 20:33:00.539] [main/INFO] [net.minecraft.world.item.crafting.RecipeManager/]: Skipping loading recipe productivebees:hives/advanced_regions_unexplored_larch_beehive_clear as it's serializer returned null
[11Mar2025 20:33:00.539] [main/INFO] [net.minecraft.world.item.crafting.RecipeManager/]: Skipping loading recipe atmospheric:kousa_fence_from_kousa_logs_sawing as it's serializer returned null
[11Mar2025 20:33:00.544] [main/INFO] [net.minecraft.world.item.crafting.RecipeManager/]: Skipping loading recipe environmental:plum_slab_from_plum_planks_sawing as it's serializer returned null
[11Mar2025 20:33:00.545] [main/INFO] [net.minecraft.world.item.crafting.RecipeManager/]: Skipping loading recipe atmospheric:laurel_button_from_laurel_logs_sawing as it's serializer returned null
[11Mar2025 20:33:00.551] [main/INFO] [net.minecraft.world.item.crafting.RecipeManager/]: Skipping loading recipe productivebees:corail/woodcutter/aspen_canvas_expansion_box as it's serializer returned null
[11Mar2025 20:33:00.552] [main/INFO] [net.minecraft.world.item.crafting.RecipeManager/]: Skipping loading recipe atmospheric:rosewood_leaves_from_leaf_piles as it's serializer returned null
[11Mar2025 20:33:00.552] [main/INFO] [net.minecraft.world.item.crafting.RecipeManager/]: Skipping loading recipe atmospheric:rosewood_planks_from_rosewood_logs_sawing as it's serializer returned null
[11Mar2025 20:33:00.553] [main/INFO] [net.minecraft.world.item.crafting.RecipeManager/]: Skipping loading recipe atmospheric:morado_planks_from_morado_logs_sawing as it's serializer returned null
[11Mar2025 20:33:00.553] [main/WARN] [quark-zeta/]: Non-existent flag diorite being used
[11Mar2025 20:33:00.554] [main/INFO] [net.minecraft.world.item.crafting.RecipeManager/]: Skipping loading recipe productivebees:hives/advanced_byg_cika_beehive as it's serializer returned null
[11Mar2025 20:33:00.554] [main/WARN] [quark-zeta/]: Non-existent flag diorite being used
[11Mar2025 20:33:00.555] [main/INFO] [net.minecraft.world.item.crafting.RecipeManager/]: Skipping loading recipe productivebees:expansion_boxes/expansion_box_byg_pine as it's serializer returned null
[11Mar2025 20:33:00.556] [main/INFO] [net.minecraft.world.item.crafting.RecipeManager/]: Skipping loading recipe atmospheric:kousa_pressure_plate_from_kousa_logs_sawing as it's serializer returned null
[11Mar2025 20:33:00.556] [main/INFO] [net.minecraft.world.item.crafting.RecipeManager/]: Skipping loading recipe atmospheric:morado_slab_from_morado_logs_sawing as it's serializer returned null
[11Mar2025 20:33:00.556] [main/INFO] [net.minecraft.world.item.crafting.RecipeManager/]: Skipping loading recipe environmental:willow_stairs_from_willow_logs_sawing as it's serializer returned null
[11Mar2025 20:33:00.557] [main/INFO] [net.minecraft.world.item.crafting.RecipeManager/]: Skipping loading recipe environmental:plum_fence_gate_from_plum_logs_sawing as it's serializer returned null
[11Mar2025 20:33:00.558] [main/INFO] [net.minecraft.world.item.crafting.RecipeManager/]: Skipping loading recipe productivebees:hives/advanced_regions_unexplored_cypress_beehive as it's serializer returned null
[11Mar2025 20:33:00.559] [main/INFO] [net.minecraft.world.item.crafting.RecipeManager/]: Skipping loading recipe environmental:pine_stairs_from_pine_planks_sawing as it's serializer returned null
[11Mar2025 20:33:00.559] [main/INFO] [net.minecraft.world.item.crafting.RecipeManager/]: Skipping loading recipe atmospheric:flowering_morado_leaf_pile as it's serializer returned null
[11Mar2025 20:33:00.561] [main/INFO] [net.minecraft.world.item.crafting.RecipeManager/]: Skipping loading recipe environmental:pine_beehive as it's serializer returned null
[11Mar2025 20:33:00.563] [main/WARN] [quark-zeta/]: Non-existent flag calcite being used
[11Mar2025 20:33:00.566] [main/INFO] [net.minecraft.world.item.crafting.RecipeManager/]: Skipping loading recipe atmospheric:kousa_bookshelf as it's serializer returned null
[11Mar2025 20:33:00.574] [main/INFO] [net.minecraft.world.item.crafting.RecipeManager/]: Skipping loading recipe endergetic:poise_button_from_poise_stems_sawing as it's serializer returned null
[11Mar2025 20:33:00.581] [main/WARN] [quark-zeta/]: Non-existent flag tuff being used
[11Mar2025 20:33:00.582] [main/INFO] [net.minecraft.world.item.crafting.RecipeManager/]: Skipping loading recipe productivebees:hives/advanced_regions_unexplored_pine_beehive_clear as it's serializer returned null
[11Mar2025 20:33:00.585] [main/INFO] [net.minecraft.world.item.crafting.RecipeManager/]: Skipping loading recipe productivebees:expansion_boxes/expansion_box_byg_fir as it's serializer returned null
[11Mar2025 20:33:00.586] [main/WARN] [quark-zeta/]: Non-existent flag calcite being used
[11Mar2025 20:33:00.587] [main/WARN] [quark-zeta/]: Non-existent flag tuff being used
[11Mar2025 20:33:00.588] [main/INFO] [net.minecraft.world.item.crafting.RecipeManager/]: Skipping loading recipe atmospheric:grimwood_stairs_from_grimwood_logs_sawing as it's serializer returned null
[11Mar2025 20:33:00.590] [main/INFO] [net.minecraft.world.item.crafting.RecipeManager/]: Skipping loading recipe productivebees:hives/advanced_regions_unexplored_joshua_beehive_clear as it's serializer returned null
[11Mar2025 20:33:00.591] [main/INFO] [net.minecraft.world.item.crafting.RecipeManager/]: Skipping loading recipe atmospheric:rosewood_chest as it's serializer returned null
[11Mar2025 20:33:00.593] [main/INFO] [net.minecraft.world.item.crafting.RecipeManager/]: Skipping loading recipe atmospheric:morado_boards_from_morado_logs_sawing as it's serializer returned null
[11Mar2025 20:33:00.594] [main/INFO] [net.minecraft.world.item.crafting.RecipeManager/]: Skipping loading recipe atmospheric:aspen_slab_from_aspen_planks_sawing as it's serializer returned null
[11Mar2025 20:33:00.595] [main/WARN] [quark-zeta/]: Non-existent flag andesite being used
[11Mar2025 20:33:00.595] [main/INFO] [net.minecraft.world.item.crafting.RecipeManager/]: Skipping loading recipe environmental:pine_fence_from_pine_planks_sawing as it's serializer returned null
[11Mar2025 20:33:00.596] [main/WARN] [quark-zeta/]: Non-existent flag dripstone being used
[11Mar2025 20:33:00.599] [main/INFO] [net.minecraft.world.item.crafting.RecipeManager/]: Skipping loading recipe endergetic:poise_trapdoor_from_poise_stems_sawing as it's serializer returned null
[11Mar2025 20:33:00.606] [main/INFO] [net.minecraft.world.item.crafting.RecipeManager/]: Skipping loading recipe productivebees:expansion_boxes/expansion_box_regions_unexplored_redwood as it's serializer returned null
[11Mar2025 20:33:00.606] [main/INFO] [net.minecraft.world.item.crafting.RecipeManager/]: Skipping loading recipe productivebees:expansion_boxes/expansion_box_biomesoplenty_umbran as it's serializer returned null
[11Mar2025 20:33:00.607] [main/WARN] [quark-zeta/]: Non-existent flag dripstone being used
[11Mar2025 20:33:00.614] [main/WARN] [quark-zeta/]: Non-existent flag granite being used
[11Mar2025 20:33:00.617] [main/INFO] [net.minecraft.world.item.crafting.RecipeManager/]: Skipping loading recipe environmental:wisteria_fence_from_wisteria_logs_sawing as it's serializer returned null
[11Mar2025 20:33:00.620] [main/INFO] [net.minecraft.world.item.crafting.RecipeManager/]: Skipping loading recipe environmental:plum_boards_from_plum_planks_sawing as it's serializer returned null
[11Mar2025 20:33:00.621] [main/INFO] [net.minecraft.world.item.crafting.RecipeManager/]: Skipping loading recipe atmospheric:yucca_sign_from_yucca_logs_sawing as it's serializer returned null
[11Mar2025 20:33:00.621] [main/INFO] [net.minecraft.world.item.crafting.RecipeManager/]: Skipping loading recipe environmental:pine_furnace_boat as it's serializer returned null
[11Mar2025 20:33:00.621] [main/INFO] [net.minecraft.world.item.crafting.RecipeManager/]: Skipping loading recipe environmental:plum_stairs_from_plum_logs_sawing as it's serializer returned null
[11Mar2025 20:33:00.622] [main/INFO] [net.minecraft.world.item.crafting.RecipeManager/]: Skipping loading recipe productivebees:corail/woodcutter/rosewood_canvas_hive as it's serializer returned null
[11Mar2025 20:33:00.623] [main/INFO] [net.minecraft.world.item.crafting.RecipeManager/]: Skipping loading recipe productivebees:expansion_boxes/expansion_box_upgrade_aquatic_driftwood as it's serializer returned null
[11Mar2025 20:33:00.623] [main/INFO] [net.minecraft.world.item.crafting.RecipeManager/]: Skipping loading recipe atmospheric:yucca_fence_from_yucca_logs_sawing as it's serializer returned null
[11Mar2025 20:33:00.624] [main/INFO] [net.minecraft.world.item.crafting.RecipeManager/]: Skipping loading recipe environmental:pine_slab_from_pine_planks_sawing as it's serializer returned null
[11Mar2025 20:33:00.626] [main/INFO] [net.minecraft.world.item.crafting.RecipeManager/]: Skipping loading recipe atmospheric:laurel_chest as it's serializer returned null
[11Mar2025 20:33:00.626] [main/INFO] [net.minecraft.world.item.crafting.RecipeManager/]: Skipping loading recipe productivebees:hives/advanced_regions_unexplored_dead_beehive_clear as it's serializer returned null
[11Mar2025 20:33:00.627] [main/WARN] [quark-zeta/]: Non-existent flag diorite being used
[11Mar2025 20:33:00.627] [main/WARN] [quark-zeta/]: Non-existent flag andesite being used
[11Mar2025 20:33:00.628] [main/INFO] [net.minecraft.world.item.crafting.RecipeManager/]: Skipping loading recipe environmental:pine_button_from_pine_logs_sawing as it's serializer returned null
[11Mar2025 20:33:00.628] [main/INFO] [net.minecraft.world.item.crafting.RecipeManager/]: Skipping loading recipe productivebees:corail/woodcutter/comb_canvas_hive as it's serializer returned null
[11Mar2025 20:33:00.628] [main/INFO] [net.minecraft.world.item.crafting.RecipeManager/]: Skipping loading recipe productivebees:hives/advanced_byg_maple_beehive_clear as it's serializer returned null
[11Mar2025 20:33:00.629] [main/WARN] [quark-zeta/]: Non-existent flag tuff being used
[11Mar2025 20:33:00.630] [main/INFO] [net.minecraft.world.item.crafting.RecipeManager/]: Skipping loading recipe atmospheric:grimwood_slab_from_grimwood_logs_sawing as it's serializer returned null
[11Mar2025 20:33:00.630] [main/INFO] [net.minecraft.world.item.crafting.RecipeManager/]: Skipping loading recipe endergetic:poise_planks_from_poise_stems_sawing as it's serializer returned null
[11Mar2025 20:33:00.631] [main/INFO] [net.minecraft.world.item.crafting.RecipeManager/]: Skipping loading recipe productivebees:hives/advanced_byg_nightshade_beehive_clear as it's serializer returned null
[11Mar2025 20:33:00.632] [main/INFO] [net.minecraft.world.item.crafting.RecipeManager/]: Skipping loading recipe productivebees:expansion_boxes/expansion_box_byg_willow as it's serializer returned null
[11Mar2025 20:33:00.633] [main/INFO] [net.minecraft.world.item.crafting.RecipeManager/]: Skipping loading recipe atmospheric:rosewood_button_from_rosewood_logs_sawing as it's serializer returned null
[11Mar2025 20:33:00.633] [main/INFO] [net.minecraft.world.item.crafting.RecipeManager/]: Skipping loading recipe environmental:white_wisteria_leaf_pile as it's serializer returned null
[11Mar2025 20:33:00.634] [main/INFO] [net.minecraft.world.item.crafting.RecipeManager/]: Skipping loading recipe productivebees:corail/woodcutter/jungle_canvas_hive as it's serializer returned null
[11Mar2025 20:33:00.635] [main/INFO] [net.minecraft.world.item.crafting.RecipeManager/]: Skipping loading recipe atmospheric:aspen_ladder_from_aspen_logs_sawing as it's serializer returned null
[11Mar2025 20:33:00.635] [main/INFO] [net.minecraft.world.item.crafting.RecipeManager/]: Skipping loading recipe atmospheric:morado_door_from_morado_logs_sawing as it's serializer returned null
[11Mar2025 20:33:00.636] [main/INFO] [net.minecraft.world.item.crafting.RecipeManager/]: Skipping loading recipe atmospheric:morado_ladder_from_morado_logs_sawing as it's serializer returned null
[11Mar2025 20:33:00.636] [main/INFO] [net.minecraft.world.item.crafting.RecipeManager/]: Skipping loading recipe atmospheric:morado_furnace_boat as it's serializer returned null
[11Mar2025 20:33:00.637] [main/INFO] [net.minecraft.world.item.crafting.RecipeManager/]: Skipping loading recipe atmospheric:morado_leaves_from_leaf_piles as it's serializer returned null
[11Mar2025 20:33:00.637] [main/INFO] [net.minecraft.world.item.crafting.RecipeManager/]: Skipping loading recipe atmospheric:large_aspen_boat as it's serializer returned null
[11Mar2025 20:33:00.638] [main/WARN] [quark-zeta/]: Non-existent flag calcite being used
[11Mar2025 20:33:00.643] [main/INFO] [net.minecraft.world.item.crafting.RecipeManager/]: Skipping loading recipe environmental:wisteria_button_from_wisteria_planks_sawing as it's serializer returned null
[11Mar2025 20:33:00.644] [main/WARN] [quark-zeta/]: Non-existent flag andesite being used
[11Mar2025 20:33:00.644] [main/WARN] [quark-zeta/]: Non-existent flag dripstone being used
[11Mar2025 20:33:00.645] [main/INFO] [net.minecraft.world.item.crafting.RecipeManager/]: Skipping loading recipe productivebees:corail/woodcutter/rosewood_canvas_expansion_box as it's serializer returned null
[11Mar2025 20:33:00.649] [main/INFO] [net.minecraft.world.item.crafting.RecipeManager/]: Skipping loading recipe environmental:purple_wisteria_leaves_from_leaf_piles as it's serializer returned null
[11Mar2025 20:33:00.650] [main/ERROR] [net.minecraft.world.item.crafting.RecipeManager/]: Parsing error loading recipe create:cutting/compat/environmental/cherry_wood
com.google.gson.JsonSyntaxException: Unknown item 'environmental:cherry_wood'
	at net.minecraft.world.item.crafting.ShapedRecipe.m_151280_(ShapedRecipe.java:292) ~[server-1.20.1-20230612.114412-srg.jar%23341!/:?]
	at java.util.Optional.orElseThrow(Optional.java:403) ~[?:?]
	at net.minecraft.world.item.crafting.ShapedRecipe.m_151278_(ShapedRecipe.java:291) ~[server-1.20.1-20230612.114412-srg.jar%23341!/:?]
	at net.minecraft.world.item.crafting.Ingredient.m_43919_(Ingredient.java:219) ~[server-1.20.1-20230612.114412-srg.jar%23341!/:?]
	at net.minecraftforge.common.crafting.VanillaIngredientSerializer.parse(VanillaIngredientSerializer.java:27) ~[forge-1.20.1-47.3.7-universal.jar%23346!/:?]
	at net.minecraftforge.common.crafting.CraftingHelper.getIngredient(CraftingHelper.java:148) ~[forge-1.20.1-47.3.7-universal.jar%23346!/:?]
	at net.minecraft.world.item.crafting.Ingredient.m_288218_(Ingredient.java:194) ~[server-1.20.1-20230612.114412-srg.jar%23341!/:?]
	at net.minecraft.world.item.crafting.Ingredient.m_43917_(Ingredient.java:189) ~[server-1.20.1-20230612.114412-srg.jar%23341!/:?]
	at com.simibubi.create.content.processing.recipe.ProcessingRecipeSerializer.readFromJson(ProcessingRecipeSerializer.java:66) ~[create-1.20.1-0.5.1.j.jar%23246!/:0.5.1.j]
	at com.simibubi.create.content.processing.recipe.ProcessingRecipeSerializer.fromJson(ProcessingRecipeSerializer.java:154) ~[create-1.20.1-0.5.1.j.jar%23246!/:0.5.1.j]
	at com.simibubi.create.content.processing.recipe.ProcessingRecipeSerializer.m_6729_(ProcessingRecipeSerializer.java:21) ~[create-1.20.1-0.5.1.j.jar%23246!/:0.5.1.j]
	at net.minecraftforge.common.extensions.IForgeRecipeSerializer.fromJson(IForgeRecipeSerializer.java:23) ~[forge-1.20.1-47.3.7-universal.jar%23346!/:?]
	at net.minecraft.world.item.crafting.RecipeManager.fromJson(RecipeManager.java:171) ~[server-1.20.1-20230612.114412-srg.jar%23341!/:?]
	at net.minecraft.world.item.crafting.RecipeManager.m_5787_(RecipeManager.java:67) ~[server-1.20.1-20230612.114412-srg.jar%23341!/:?]
	at net.minecraft.world.item.crafting.RecipeManager.m_5787_(RecipeManager.java:34) ~[server-1.20.1-20230612.114412-srg.jar%23341!/:?]
	at net.minecraft.server.packs.resources.SimplePreparableReloadListener.m_10789_(SimplePreparableReloadListener.java:13) ~[server-1.20.1-20230612.114412-srg.jar%23341!/:?]
	at java.util.concurrent.CompletableFuture$UniAccept.tryFire(CompletableFuture.java:718) ~[?:?]
	at java.util.concurrent.CompletableFuture$Completion.run(CompletableFuture.java:482) ~[?:?]
	at net.minecraft.server.packs.resources.SimpleReloadInstance.m_143940_(SimpleReloadInstance.java:69) ~[server-1.20.1-20230612.114412-srg.jar%23341!/:?]
	at net.minecraft.Util.m_214652_(Util.java:783) ~[server-1.20.1-20230612.114412-srg.jar%23341!/:?]
	at net.minecraft.Util.m_214679_(Util.java:772) ~[server-1.20.1-20230612.114412-srg.jar%23341!/:?]
	at net.minecraft.server.Main.main(Main.java:166) ~[server-1.20.1-20230612.114412-srg.jar%23341!/:?]
	at jdk.internal.reflect.NativeMethodAccessorImpl.invoke0(Native Method) ~[?:?]
	at jdk.internal.reflect.NativeMethodAccessorImpl.invoke(NativeMethodAccessorImpl.java:77) ~[?:?]
	at jdk.internal.reflect.DelegatingMethodAccessorImpl.invoke(DelegatingMethodAccessorImpl.java:43) ~[?:?]
	at java.lang.reflect.Method.invoke(Method.java:569) ~[?:?]
	at net.minecraftforge.fml.loading.targets.CommonLaunchHandler.runTarget(CommonLaunchHandler.java:111) ~[fmlloader-1.20.1-47.3.7.jar%2369!/:?]
	at net.minecraftforge.fml.loading.targets.CommonLaunchHandler.serverService(CommonLaunchHandler.java:103) ~[fmlloader-1.20.1-47.3.7.jar%2369!/:?]
	at net.minecraftforge.fml.loading.targets.CommonServerLaunchHandler.lambda$makeService$0(CommonServerLaunchHandler.java:27) ~[fmlloader-1.20.1-47.3.7.jar%2369!/:?]
	at cpw.mods.modlauncher.LaunchServiceHandlerDecorator.launch(LaunchServiceHandlerDecorator.java:30) ~[modlauncher-10.0.9.jar%2355!/:?]
	at cpw.mods.modlauncher.LaunchServiceHandler.launch(LaunchServiceHandler.java:53) ~[modlauncher-10.0.9.jar%2355!/:?]
	at cpw.mods.modlauncher.LaunchServiceHandler.launch(LaunchServiceHandler.java:71) ~[modlauncher-10.0.9.jar%2355!/:?]
	at cpw.mods.modlauncher.Launcher.run(Launcher.java:108) ~[modlauncher-10.0.9.jar%2355!/:?]
	at cpw.mods.modlauncher.Launcher.main(Launcher.java:78) ~[modlauncher-10.0.9.jar%2355!/:?]
	at cpw.mods.modlauncher.BootstrapLaunchConsumer.accept(BootstrapLaunchConsumer.java:26) ~[modlauncher-10.0.9.jar%2355!/:?]
	at cpw.mods.modlauncher.BootstrapLaunchConsumer.accept(BootstrapLaunchConsumer.java:23) ~[modlauncher-10.0.9.jar%2355!/:?]
	at cpw.mods.bootstraplauncher.BootstrapLauncher.main(BootstrapLauncher.java:141) ~[bootstraplauncher-1.1.2.jar:?]
[11Mar2025 20:33:00.655] [main/INFO] [net.minecraft.world.item.crafting.RecipeManager/]: Skipping loading recipe productivebees:corail/woodcutter/maple_canvas_hive as it's serializer returned null
[11Mar2025 20:33:00.656] [main/INFO] [net.minecraft.world.item.crafting.RecipeManager/]: Skipping loading recipe environmental:plum_button_from_plum_planks_sawing as it's serializer returned null
[11Mar2025 20:33:00.656] [main/INFO] [net.minecraft.world.item.crafting.RecipeManager/]: Skipping loading recipe productivebees:hives/advanced_byg_willow_beehive_clear as it's serializer returned null
[11Mar2025 20:33:00.656] [main/WARN] [quark-zeta/]: Non-existent flag granite being used
[11Mar2025 20:33:00.657] [main/INFO] [net.minecraft.world.item.crafting.RecipeManager/]: Skipping loading recipe environmental:wisteria_pressure_plate_from_wisteria_logs_sawing as it's serializer returned null
[11Mar2025 20:33:00.660] [main/INFO] [net.minecraft.world.item.crafting.RecipeManager/]: Skipping loading recipe productivebees:expansion_boxes/expansion_box_byg_green_enchanted as it's serializer returned null
[11Mar2025 20:33:00.661] [main/INFO] [net.minecraft.world.item.crafting.RecipeManager/]: Skipping loading recipe productivebees:hives/advanced_biomesoplenty_umbran_beehive_clear as it's serializer returned null
[11Mar2025 20:33:00.662] [main/INFO] [net.minecraft.world.item.crafting.RecipeManager/]: Skipping loading recipe productivebees:hives/advanced_regions_unexplored_blackwood_beehive_clear as it's serializer returned null
[11Mar2025 20:33:00.662] [main/INFO] [net.minecraft.world.item.crafting.RecipeManager/]: Skipping loading recipe atmospheric:morado_button_from_morado_logs_sawing as it's serializer returned null
[11Mar2025 20:33:00.662] [main/WARN] [quark-zeta/]: Non-existent flag dripstone being used
[11Mar2025 20:33:00.673] [main/INFO] [net.minecraft.world.item.crafting.RecipeManager/]: Skipping loading recipe atmospheric:laurel_leaves_from_leaf_piles as it's serializer returned null
[11Mar2025 20:33:00.674] [main/INFO] [net.minecraft.world.item.crafting.RecipeManager/]: Skipping loading recipe atmospheric:rosewood_slab_from_rosewood_planks_sawing as it's serializer returned null
[11Mar2025 20:33:00.675] [main/INFO] [net.minecraft.world.item.crafting.RecipeManager/]: Skipping loading recipe productivebees:corail/woodcutter/jacaranda_canvas_expansion_box as it's serializer returned null
[11Mar2025 20:33:00.679] [main/INFO] [net.minecraft.world.item.crafting.RecipeManager/]: Skipping loading recipe productivebees:expansion_boxes/expansion_box_regions_unexplored_mauve as it's serializer returned null
[11Mar2025 20:33:00.679] [main/INFO] [net.minecraft.world.item.crafting.RecipeManager/]: Skipping loading recipe atmospheric:yucca_stairs_from_yucca_planks_sawing as it's serializer returned null
[11Mar2025 20:33:00.680] [main/INFO] [net.minecraft.world.item.crafting.RecipeManager/]: Skipping loading recipe atmospheric:kousa_boards as it's serializer returned null
[11Mar2025 20:33:00.680] [main/INFO] [net.minecraft.world.item.crafting.RecipeManager/]: Skipping loading recipe atmospheric:aspen_boards_from_aspen_logs_sawing as it's serializer returned null
[11Mar2025 20:33:00.681] [main/INFO] [net.minecraft.world.item.crafting.RecipeManager/]: Skipping loading recipe atmospheric:kousa_sign_from_kousa_logs_sawing as it's serializer returned null
[11Mar2025 20:33:00.681] [main/INFO] [net.minecraft.world.item.crafting.RecipeManager/]: Skipping loading recipe productivebees:hives/advanced_byg_skyris_beehive as it's serializer returned null
[11Mar2025 20:33:00.682] [main/INFO] [net.minecraft.world.item.crafting.RecipeManager/]: Skipping loading recipe productivebees:corail/woodcutter/acacia_canvas_expansion_box as it's serializer returned null
[11Mar2025 20:33:00.682] [main/WARN] [quark-zeta/]: Non-existent flag andesite being used
[11Mar2025 20:33:00.683] [main/INFO] [net.minecraft.world.item.crafting.RecipeManager/]: Skipping loading recipe productivebees:expansion_boxes/expansion_box_byg_witch_hazel as it's serializer returned null
[11Mar2025 20:33:00.683] [main/INFO] [net.minecraft.world.item.crafting.RecipeManager/]: Skipping loading recipe environmental:hibiscus_leaves_from_leaf_piles as it's serializer returned null
[11Mar2025 20:33:00.683] [main/INFO] [net.minecraft.world.item.crafting.RecipeManager/]: Skipping loading recipe atmospheric:flowering_morado_leaves_from_leaf_piles as it's serializer returned null
[11Mar2025 20:33:00.684] [main/WARN] [quark-zeta/]: Non-existent flag granite being used
[11Mar2025 20:33:00.684] [main/INFO] [net.minecraft.world.item.crafting.RecipeManager/]: Skipping loading recipe atmospheric:aspen_beehive as it's serializer returned null
[11Mar2025 20:33:00.684] [main/WARN] [quark-zeta/]: Non-existent flag granite being used
[11Mar2025 20:33:00.685] [main/INFO] [net.minecraft.world.item.crafting.RecipeManager/]: Skipping loading recipe productivebees:hives/advanced_regions_unexplored_kapok_beehive as it's serializer returned null
[11Mar2025 20:33:00.685] [main/INFO] [net.minecraft.world.item.crafting.RecipeManager/]: Skipping loading recipe environmental:trapped_plum_chest as it's serializer returned null
[11Mar2025 20:33:00.686] [main/INFO] [net.minecraft.world.item.crafting.RecipeManager/]: Skipping loading recipe productivebees:corail/woodcutter/grimwood_canvas_expansion_box as it's serializer returned null
[11Mar2025 20:33:00.686] [main/INFO] [net.minecraft.world.item.crafting.RecipeManager/]: Skipping loading recipe environmental:pink_wisteria_leaf_pile as it's serializer returned null
[11Mar2025 20:33:00.689] [main/INFO] [net.minecraft.world.item.crafting.RecipeManager/]: Skipping loading recipe environmental:trapped_willow_chest as it's serializer returned null
[11Mar2025 20:33:00.689] [main/INFO] [net.minecraft.world.item.crafting.RecipeManager/]: Skipping loading recipe productivebees:hives/advanced_byg_imparius_beehive_clear as it's serializer returned null
[11Mar2025 20:33:00.689] [main/INFO] [net.minecraft.world.item.crafting.RecipeManager/]: Skipping loading recipe supplementaries:inspirations/flag_clear as it's serializer returned null
[11Mar2025 20:33:00.689] [main/INFO] [net.minecraft.world.item.crafting.RecipeManager/]: Skipping loading recipe productivebees:hives/advanced_byg_imparius_beehive as it's serializer returned null
[11Mar2025 20:33:00.690] [main/INFO] [net.minecraft.world.item.crafting.RecipeManager/]: Skipping loading recipe atmospheric:laurel_planks_from_laurel_logs_sawing as it's serializer returned null
[11Mar2025 20:33:00.690] [main/INFO] [net.minecraft.world.item.crafting.RecipeManager/]: Skipping loading recipe environmental:plum_button_from_plum_logs_sawing as it's serializer returned null
[11Mar2025 20:33:00.690] [main/INFO] [net.minecraft.world.item.crafting.RecipeManager/]: Skipping loading recipe environmental:pine_pressure_plate_from_pine_logs_sawing as it's serializer returned null
[11Mar2025 20:33:00.691] [main/WARN] [quark-zeta/]: Non-existent flag calcite being used
[11Mar2025 20:33:00.692] [main/INFO] [net.minecraft.world.item.crafting.RecipeManager/]: Skipping loading recipe productivebees:hives/advanced_biomesoplenty_willow_beehive_clear as it's serializer returned null
[11Mar2025 20:33:00.692] [main/INFO] [net.minecraft.world.item.crafting.RecipeManager/]: Skipping loading recipe productivebees:hives/advanced_byg_embur_beehive_clear as it's serializer returned null
[11Mar2025 20:33:00.692] [main/INFO] [net.minecraft.world.item.crafting.RecipeManager/]: Skipping loading recipe productivebees:corail/woodcutter/dark_oak_canvas_expansion_box as it's serializer returned null
[11Mar2025 20:33:00.692] [main/INFO] [net.minecraft.world.item.crafting.RecipeManager/]: Skipping loading recipe atmospheric:aspen_leaves_from_leaf_piles as it's serializer returned null
[11Mar2025 20:33:00.693] [main/INFO] [net.minecraft.world.item.crafting.RecipeManager/]: Skipping loading recipe atmospheric:grimwood_fence_from_grimwood_logs_sawing as it's serializer returned null
[11Mar2025 20:33:00.693] [main/WARN] [quark-zeta/]: Non-existent flag dripstone being used
[11Mar2025 20:33:00.700] [main/INFO] [net.minecraft.world.item.crafting.RecipeManager/]: Skipping loading recipe atmospheric:laurel_button_from_laurel_planks_sawing as it's serializer returned null
[11Mar2025 20:33:00.701] [main/INFO] [net.minecraft.world.item.crafting.RecipeManager/]: Skipping loading recipe productivebees:expansion_boxes/expansion_box_regions_unexplored_baobab as it's serializer returned null
[11Mar2025 20:33:00.702] [main/INFO] [net.minecraft.world.item.crafting.RecipeManager/]: Skipping loading recipe productivebees:corail/woodcutter/mahogany_canvas_hive as it's serializer returned null
[11Mar2025 20:33:00.702] [main/INFO] [net.minecraft.world.item.crafting.RecipeManager/]: Skipping loading recipe atmospheric:morado_leaf_pile as it's serializer returned null
[11Mar2025 20:33:00.704] [main/INFO] [net.minecraft.world.item.crafting.RecipeManager/]: Skipping loading recipe productivebees:hives/advanced_byg_palm_beehive_clear as it's serializer returned null
[11Mar2025 20:33:00.704] [main/INFO] [net.minecraft.world.item.crafting.RecipeManager/]: Skipping loading recipe endergetic:poise_boards_from_poise_stems_sawing as it's serializer returned null
[11Mar2025 20:33:00.704] [main/INFO] [net.minecraft.world.item.crafting.RecipeManager/]: Skipping loading recipe productivebees:corail/woodcutter/yucca_canvas_expansion_box as it's serializer returned null
[11Mar2025 20:33:00.708] [main/INFO] [net.minecraft.world.item.crafting.RecipeManager/]: Skipping loading recipe productivebees:hives/advanced_regions_unexplored_baobab_beehive as it's serializer returned null
[11Mar2025 20:33:00.708] [main/INFO] [net.minecraft.world.item.crafting.RecipeManager/]: Skipping loading recipe atmospheric:laurel_boards_from_laurel_logs_sawing as it's serializer returned null
[11Mar2025 20:33:00.709] [main/INFO] [net.minecraft.world.item.crafting.RecipeManager/]: Skipping loading recipe productivebees:hives/advanced_regions_unexplored_eucalyptus_beehive_clear as it's serializer returned null
[11Mar2025 20:33:00.709] [main/INFO] [net.minecraft.world.item.crafting.RecipeManager/]: Skipping loading recipe productivebees:corail/woodcutter/kousa_canvas_expansion_box as it's serializer returned null
[11Mar2025 20:33:00.710] [main/INFO] [net.minecraft.world.item.crafting.RecipeManager/]: Skipping loading recipe atmospheric:rosewood_stairs_from_rosewood_planks_sawing as it's serializer returned null
[11Mar2025 20:33:00.710] [main/INFO] [net.minecraft.world.item.crafting.RecipeManager/]: Skipping loading recipe productivebees:hives/advanced_biomesoplenty_mahogany_beehive as it's serializer returned null
[11Mar2025 20:33:00.716] [main/INFO] [net.minecraft.world.item.crafting.RecipeManager/]: Skipping loading recipe productivebees:hives/advanced_biomesoplenty_redwood_beehive as it's serializer returned null
[11Mar2025 20:33:00.716] [main/INFO] [net.minecraft.world.item.crafting.RecipeManager/]: Skipping loading recipe environmental:wisteria_door_from_wisteria_logs_sawing as it's serializer returned null
[11Mar2025 20:33:00.717] [main/INFO] [net.minecraft.world.item.crafting.RecipeManager/]: Skipping loading recipe atmospheric:chiseled_yucca_bookshelf as it's serializer returned null
[11Mar2025 20:33:00.717] [main/INFO] [net.minecraft.world.item.crafting.RecipeManager/]: Skipping loading recipe productivebees:corail/woodcutter/driftwood_canvas_hive as it's serializer returned null
[11Mar2025 20:33:00.717] [main/INFO] [net.minecraft.world.item.crafting.RecipeManager/]: Skipping loading recipe atmospheric:morado_chest as it's serializer returned null
[11Mar2025 20:33:00.718] [main/INFO] [net.minecraft.world.item.crafting.RecipeManager/]: Skipping loading recipe environmental:wisteria_boards_from_wisteria_planks_sawing as it's serializer returned null
[11Mar2025 20:33:00.718] [main/INFO] [net.minecraft.world.item.crafting.RecipeManager/]: Skipping loading recipe atmospheric:yucca_ladder_from_yucca_logs_sawing as it's serializer returned null
[11Mar2025 20:33:00.719] [main/INFO] [net.minecraft.world.item.crafting.RecipeManager/]: Skipping loading recipe productivebees:hives/advanced_regions_unexplored_pine_beehive as it's serializer returned null
[11Mar2025 20:33:00.719] [main/INFO] [net.minecraft.world.item.crafting.RecipeManager/]: Skipping loading recipe productivebees:corail/woodcutter/oak_canvas_expansion_box as it's serializer returned null
[11Mar2025 20:33:00.720] [main/INFO] [net.minecraft.world.item.crafting.RecipeManager/]: Skipping loading recipe environmental:willow_button_from_willow_planks_sawing as it's serializer returned null
[11Mar2025 20:33:00.720] [main/WARN] [quark-zeta/]: Non-existent flag tuff being used
[11Mar2025 20:33:00.721] [main/INFO] [net.minecraft.world.item.crafting.RecipeManager/]: Skipping loading recipe productivebees:corail/woodcutter/birch_canvas_expansion_box as it's serializer returned null
[11Mar2025 20:33:00.721] [main/INFO] [net.minecraft.world.item.crafting.RecipeManager/]: Skipping loading recipe productivebees:hives/advanced_biomesoplenty_mahogany_beehive_clear as it's serializer returned null
[11Mar2025 20:33:00.721] [main/INFO] [net.minecraft.world.item.crafting.RecipeManager/]: Skipping loading recipe productivebees:expansion_boxes/expansion_box_byg_ether as it's serializer returned null
[11Mar2025 20:33:00.721] [main/INFO] [net.minecraft.world.item.crafting.RecipeManager/]: Skipping loading recipe environmental:plum_chest as it's serializer returned null
[11Mar2025 20:33:00.721] [main/INFO] [net.minecraft.world.item.crafting.RecipeManager/]: Skipping loading recipe productivebees:corail/woodcutter/oak_canvas_hive as it's serializer returned null
[11Mar2025 20:33:00.722] [main/INFO] [net.minecraft.world.item.crafting.RecipeManager/]: Skipping loading recipe atmospheric:morado_stairs_from_morado_planks_sawing as it's serializer returned null
[11Mar2025 20:33:00.725] [main/INFO] [net.minecraft.world.item.crafting.RecipeManager/]: Skipping loading recipe environmental:pine_stairs_from_pine_logs_sawing as it's serializer returned null
[11Mar2025 20:33:00.730] [main/INFO] [net.minecraft.world.item.crafting.RecipeManager/]: Skipping loading recipe environmental:trapped_wisteria_chest as it's serializer returned null
[11Mar2025 20:33:00.730] [main/WARN] [quark-zeta/]: Non-existent flag dripstone being used
[11Mar2025 20:33:00.731] [main/INFO] [net.minecraft.world.item.crafting.RecipeManager/]: Skipping loading recipe atmospheric:yucca_boards_from_yucca_logs_sawing as it's serializer returned null
[11Mar2025 20:33:00.732] [main/WARN] [quark-zeta/]: Non-existent flag dripstone being used
[11Mar2025 20:33:00.733] [main/INFO] [net.minecraft.world.item.crafting.RecipeManager/]: Skipping loading recipe environmental:wisteria_beehive as it's serializer returned null
[11Mar2025 20:33:00.733] [main/INFO] [net.minecraft.world.item.crafting.RecipeManager/]: Skipping loading recipe environmental:willow_fence_from_willow_logs_sawing as it's serializer returned null
[11Mar2025 20:33:00.733] [main/INFO] [net.minecraft.world.item.crafting.RecipeManager/]: Skipping loading recipe atmospheric:laurel_slab_from_laurel_planks_sawing as it's serializer returned null
[11Mar2025 20:33:00.734] [main/INFO] [net.minecraft.world.item.crafting.RecipeManager/]: Skipping loading recipe endergetic:poise_fence_from_poise_stems_sawing as it's serializer returned null
[11Mar2025 20:33:00.734] [main/INFO] [net.minecraft.world.item.crafting.RecipeManager/]: Skipping loading recipe atmospheric:currant_leaf_pile as it's serializer returned null
[11Mar2025 20:33:00.735] [main/INFO] [net.minecraft.world.item.crafting.RecipeManager/]: Skipping loading recipe atmospheric:grimwood_ladder_from_grimwood_logs_sawing as it's serializer returned null
[11Mar2025 20:33:00.735] [main/INFO] [net.minecraft.world.item.crafting.RecipeManager/]: Skipping loading recipe atmospheric:yucca_fence_from_yucca_planks_sawing as it's serializer returned null
[11Mar2025 20:33:00.736] [main/WARN] [quark-zeta/]: Non-existent flag calcite being used
[11Mar2025 20:33:00.741] [main/INFO] [net.minecraft.world.item.crafting.RecipeManager/]: Skipping loading recipe endergetic:poise_stairs_from_poise_planks_sawing as it's serializer returned null
[11Mar2025 20:33:00.741] [main/ERROR] [net.minecraft.world.item.crafting.RecipeManager/]: Parsing error loading recipe create:cutting/compat/environmental/stripped_cherry_log
com.google.gson.JsonSyntaxException: Unknown item 'environmental:stripped_cherry_log'
	at net.minecraft.world.item.crafting.ShapedRecipe.m_151280_(ShapedRecipe.java:292) ~[server-1.20.1-20230612.114412-srg.jar%23341!/:?]
	at java.util.Optional.orElseThrow(Optional.java:403) ~[?:?]
	at net.minecraft.world.item.crafting.ShapedRecipe.m_151278_(ShapedRecipe.java:291) ~[server-1.20.1-20230612.114412-srg.jar%23341!/:?]
	at net.minecraft.world.item.crafting.Ingredient.m_43919_(Ingredient.java:219) ~[server-1.20.1-20230612.114412-srg.jar%23341!/:?]
	at net.minecraftforge.common.crafting.VanillaIngredientSerializer.parse(VanillaIngredientSerializer.java:27) ~[forge-1.20.1-47.3.7-universal.jar%23346!/:?]
	at net.minecraftforge.common.crafting.CraftingHelper.getIngredient(CraftingHelper.java:148) ~[forge-1.20.1-47.3.7-universal.jar%23346!/:?]
	at net.minecraft.world.item.crafting.Ingredient.m_288218_(Ingredient.java:194) ~[server-1.20.1-20230612.114412-srg.jar%23341!/:?]
	at net.minecraft.world.item.crafting.Ingredient.m_43917_(Ingredient.java:189) ~[server-1.20.1-20230612.114412-srg.jar%23341!/:?]
	at com.simibubi.create.content.processing.recipe.ProcessingRecipeSerializer.readFromJson(ProcessingRecipeSerializer.java:66) ~[create-1.20.1-0.5.1.j.jar%23246!/:0.5.1.j]
	at com.simibubi.create.content.processing.recipe.ProcessingRecipeSerializer.fromJson(ProcessingRecipeSerializer.java:154) ~[create-1.20.1-0.5.1.j.jar%23246!/:0.5.1.j]
	at com.simibubi.create.content.processing.recipe.ProcessingRecipeSerializer.m_6729_(ProcessingRecipeSerializer.java:21) ~[create-1.20.1-0.5.1.j.jar%23246!/:0.5.1.j]
	at net.minecraftforge.common.extensions.IForgeRecipeSerializer.fromJson(IForgeRecipeSerializer.java:23) ~[forge-1.20.1-47.3.7-universal.jar%23346!/:?]
	at net.minecraft.world.item.crafting.RecipeManager.fromJson(RecipeManager.java:171) ~[server-1.20.1-20230612.114412-srg.jar%23341!/:?]
	at net.minecraft.world.item.crafting.RecipeManager.m_5787_(RecipeManager.java:67) ~[server-1.20.1-20230612.114412-srg.jar%23341!/:?]
	at net.minecraft.world.item.crafting.RecipeManager.m_5787_(RecipeManager.java:34) ~[server-1.20.1-20230612.114412-srg.jar%23341!/:?]
	at net.minecraft.server.packs.resources.SimplePreparableReloadListener.m_10789_(SimplePreparableReloadListener.java:13) ~[server-1.20.1-20230612.114412-srg.jar%23341!/:?]
	at java.util.concurrent.CompletableFuture$UniAccept.tryFire(CompletableFuture.java:718) ~[?:?]
	at java.util.concurrent.CompletableFuture$Completion.run(CompletableFuture.java:482) ~[?:?]
	at net.minecraft.server.packs.resources.SimpleReloadInstance.m_143940_(SimpleReloadInstance.java:69) ~[server-1.20.1-20230612.114412-srg.jar%23341!/:?]
	at net.minecraft.Util.m_214652_(Util.java:783) ~[server-1.20.1-20230612.114412-srg.jar%23341!/:?]
	at net.minecraft.Util.m_214679_(Util.java:772) ~[server-1.20.1-20230612.114412-srg.jar%23341!/:?]
	at net.minecraft.server.Main.main(Main.java:166) ~[server-1.20.1-20230612.114412-srg.jar%23341!/:?]
	at jdk.internal.reflect.NativeMethodAccessorImpl.invoke0(Native Method) ~[?:?]
	at jdk.internal.reflect.NativeMethodAccessorImpl.invoke(NativeMethodAccessorImpl.java:77) ~[?:?]
	at jdk.internal.reflect.DelegatingMethodAccessorImpl.invoke(DelegatingMethodAccessorImpl.java:43) ~[?:?]
	at java.lang.reflect.Method.invoke(Method.java:569) ~[?:?]
	at net.minecraftforge.fml.loading.targets.CommonLaunchHandler.runTarget(CommonLaunchHandler.java:111) ~[fmlloader-1.20.1-47.3.7.jar%2369!/:?]
	at net.minecraftforge.fml.loading.targets.CommonLaunchHandler.serverService(CommonLaunchHandler.java:103) ~[fmlloader-1.20.1-47.3.7.jar%2369!/:?]
	at net.minecraftforge.fml.loading.targets.CommonServerLaunchHandler.lambda$makeService$0(CommonServerLaunchHandler.java:27) ~[fmlloader-1.20.1-47.3.7.jar%2369!/:?]
	at cpw.mods.modlauncher.LaunchServiceHandlerDecorator.launch(LaunchServiceHandlerDecorator.java:30) ~[modlauncher-10.0.9.jar%2355!/:?]
	at cpw.mods.modlauncher.LaunchServiceHandler.launch(LaunchServiceHandler.java:53) ~[modlauncher-10.0.9.jar%2355!/:?]
	at cpw.mods.modlauncher.LaunchServiceHandler.launch(LaunchServiceHandler.java:71) ~[modlauncher-10.0.9.jar%2355!/:?]
	at cpw.mods.modlauncher.Launcher.run(Launcher.java:108) ~[modlauncher-10.0.9.jar%2355!/:?]
	at cpw.mods.modlauncher.Launcher.main(Launcher.java:78) ~[modlauncher-10.0.9.jar%2355!/:?]
	at cpw.mods.modlauncher.BootstrapLaunchConsumer.accept(BootstrapLaunchConsumer.java:26) ~[modlauncher-10.0.9.jar%2355!/:?]
	at cpw.mods.modlauncher.BootstrapLaunchConsumer.accept(BootstrapLaunchConsumer.java:23) ~[modlauncher-10.0.9.jar%2355!/:?]
	at cpw.mods.bootstraplauncher.BootstrapLauncher.main(BootstrapLauncher.java:141) ~[bootstraplauncher-1.1.2.jar:?]
[11Mar2025 20:33:00.743] [main/INFO] [net.minecraft.world.item.crafting.RecipeManager/]: Skipping loading recipe endergetic:cracked_end_stone_bricks_from_baking as it's serializer returned null
[11Mar2025 20:33:00.744] [main/INFO] [net.minecraft.world.item.crafting.RecipeManager/]: Skipping loading recipe productivebees:corail/woodcutter/fir_canvas_expansion_box as it's serializer returned null
[11Mar2025 20:33:00.744] [main/WARN] [quark-zeta/]: Non-existent flag diorite being used
[11Mar2025 20:33:00.744] [main/INFO] [net.minecraft.world.item.crafting.RecipeManager/]: Skipping loading recipe productivebees:expansion_boxes/expansion_box_biomesoplenty_magic as it's serializer returned null
[11Mar2025 20:33:00.748] [main/INFO] [net.minecraft.world.item.crafting.RecipeManager/]: Skipping loading recipe atmospheric:yucca_leaf_pile as it's serializer returned null
[11Mar2025 20:33:00.748] [main/INFO] [net.minecraft.world.item.crafting.RecipeManager/]: Skipping loading recipe productivebees:corail/woodcutter/warped_canvas_hive as it's serializer returned null
[11Mar2025 20:33:00.749] [main/INFO] [net.minecraft.world.item.crafting.RecipeManager/]: Skipping loading recipe productivebees:expansion_boxes/expansion_box_regions_unexplored_joshua as it's serializer returned null
[11Mar2025 20:33:00.754] [main/INFO] [net.minecraft.world.item.crafting.RecipeManager/]: Skipping loading recipe environmental:willow_boards_from_willow_logs_sawing as it's serializer returned null
[11Mar2025 20:33:00.754] [main/WARN] [quark-zeta/]: Non-existent flag granite being used
[11Mar2025 20:33:00.755] [main/WARN] [quark-zeta/]: Non-existent flag tuff being used
[11Mar2025 20:33:00.758] [main/WARN] [quark-zeta/]: Non-existent flag calcite being used
[11Mar2025 20:33:00.759] [main/INFO] [net.minecraft.world.item.crafting.RecipeManager/]: Skipping loading recipe environmental:willow_trapdoor_from_willow_logs_sawing as it's serializer returned null
[11Mar2025 20:33:00.759] [main/INFO] [net.minecraft.world.item.crafting.RecipeManager/]: Skipping loading recipe atmospheric:morado_stairs_from_morado_logs_sawing as it's serializer returned null
[11Mar2025 20:33:00.760] [main/INFO] [net.minecraft.world.item.crafting.RecipeManager/]: Skipping loading recipe productivebees:hives/advanced_byg_willow_beehive as it's serializer returned null
[11Mar2025 20:33:00.761] [main/INFO] [net.minecraft.world.item.crafting.RecipeManager/]: Skipping loading recipe environmental:plum_ladder_from_plum_logs_sawing as it's serializer returned null
[11Mar2025 20:33:00.761] [main/INFO] [net.minecraft.world.item.crafting.RecipeManager/]: Skipping loading recipe atmospheric:aspen_planks_from_aspen_logs_sawing as it's serializer returned null
[11Mar2025 20:33:00.762] [main/INFO] [net.minecraft.world.item.crafting.RecipeManager/]: Skipping loading recipe productivebees:expansion_boxes/expansion_box_regions_unexplored_cypress as it's serializer returned null
[11Mar2025 20:33:00.763] [main/INFO] [net.minecraft.world.item.crafting.RecipeManager/]: Skipping loading recipe atmospheric:grimwood_fence_from_grimwood_planks_sawing as it's serializer returned null
[11Mar2025 20:33:00.763] [main/WARN] [quark-zeta/]: Non-existent flag dripstone being used
[11Mar2025 20:33:00.764] [main/INFO] [net.minecraft.world.item.crafting.RecipeManager/]: Skipping loading recipe environmental:chiseled_willow_bookshelf as it's serializer returned null
[11Mar2025 20:33:00.764] [main/INFO] [net.minecraft.world.item.crafting.RecipeManager/]: Skipping loading recipe productivebees:expansion_boxes/expansion_box_byg_mahogany as it's serializer returned null
[11Mar2025 20:33:00.764] [main/INFO] [net.minecraft.world.item.crafting.RecipeManager/]: Skipping loading recipe atmospheric:aspen_stairs_from_aspen_planks_sawing as it's serializer returned null
[11Mar2025 20:33:00.766] [main/INFO] [net.minecraft.world.item.crafting.RecipeManager/]: Skipping loading recipe environmental:plum_fence_from_plum_logs_sawing as it's serializer returned null
[11Mar2025 20:33:00.767] [main/INFO] [net.minecraft.world.item.crafting.RecipeManager/]: Skipping loading recipe environmental:hibiscus_leaf_pile as it's serializer returned null
[11Mar2025 20:33:00.767] [main/INFO] [net.minecraft.world.item.crafting.RecipeManager/]: Skipping loading recipe productivebees:hives/advanced_regions_unexplored_yellow_bioshroom_beehive_clear as it's serializer returned null
[11Mar2025 20:33:00.767] [main/INFO] [net.minecraft.world.item.crafting.RecipeManager/]: Skipping loading recipe environmental:plum_beehive as it's serializer returned null
[11Mar2025 20:33:00.768] [main/WARN] [quark-zeta/]: Non-existent flag dripstone being used
[11Mar2025 20:33:00.772] [main/INFO] [net.minecraft.world.item.crafting.RecipeManager/]: Skipping loading recipe atmospheric:morado_ladder_from_morado_planks_sawing as it's serializer returned null
[11Mar2025 20:33:00.772] [main/INFO] [net.minecraft.world.item.crafting.RecipeManager/]: Skipping loading recipe atmospheric:large_morado_boat as it's serializer returned null
[11Mar2025 20:33:00.773] [main/WARN] [quark-zeta/]: Non-existent flag andesite being used
[11Mar2025 20:33:00.773] [main/WARN] [quark-zeta/]: Non-existent flag diorite being used
[11Mar2025 20:33:00.774] [main/INFO] [net.minecraft.world.item.crafting.RecipeManager/]: Skipping loading recipe atmospheric:grimwood_pressure_plate_from_grimwood_logs_sawing as it's serializer returned null
[11Mar2025 20:33:00.775] [main/INFO] [net.minecraft.world.item.crafting.RecipeManager/]: Skipping loading recipe supplementaries:inspirations/blackboard_clear as it's serializer returned null
[11Mar2025 20:33:00.776] [main/INFO] [net.minecraft.world.item.crafting.RecipeManager/]: Skipping loading recipe productivebees:corail/woodcutter/snake_block_canvas_hive as it's serializer returned null
[11Mar2025 20:33:00.776] [main/INFO] [net.minecraft.world.item.crafting.RecipeManager/]: Skipping loading recipe atmospheric:dry_laurel_leaf_pile as it's serializer returned null
[11Mar2025 20:33:00.777] [main/INFO] [net.minecraft.world.item.crafting.RecipeManager/]: Skipping loading recipe environmental:pine_boards_from_pine_logs_sawing as it's serializer returned null
[11Mar2025 20:33:00.785] [main/INFO] [net.minecraft.world.item.crafting.RecipeManager/]: Skipping loading recipe environmental:wisteria_boards as it's serializer returned null
[11Mar2025 20:33:00.785] [main/INFO] [net.minecraft.world.item.crafting.RecipeManager/]: Skipping loading recipe atmospheric:rosewood_slab_from_rosewood_logs_sawing as it's serializer returned null
[11Mar2025 20:33:00.785] [main/INFO] [net.minecraft.world.item.crafting.RecipeManager/]: Skipping loading recipe productivebees:hives/advanced_regions_unexplored_palm_beehive as it's serializer returned null
[11Mar2025 20:33:00.787] [main/INFO] [net.minecraft.world.item.crafting.RecipeManager/]: Skipping loading recipe productivebees:corail/woodcutter/willow_canvas_hive as it's serializer returned null
[11Mar2025 20:33:00.787] [main/INFO] [net.minecraft.world.item.crafting.RecipeManager/]: Skipping loading recipe atmospheric:smooth_red_arid_sandstone_from_baking as it's serializer returned null
[11Mar2025 20:33:00.792] [main/ERROR] [net.minecraft.world.item.crafting.RecipeManager/]: Parsing error loading recipe irons_spellbooks:curios/concentration_amulet
com.google.gson.JsonSyntaxException: Unknown item 'irons_spellbooks:mithril_ingot'
	at net.minecraft.world.item.crafting.ShapedRecipe.m_151280_(ShapedRecipe.java:292) ~[server-1.20.1-20230612.114412-srg.jar%23341!/:?]
	at java.util.Optional.orElseThrow(Optional.java:403) ~[?:?]
	at net.minecraft.world.item.crafting.ShapedRecipe.m_151278_(ShapedRecipe.java:291) ~[server-1.20.1-20230612.114412-srg.jar%23341!/:?]
	at net.minecraft.world.item.crafting.Ingredient.m_43919_(Ingredient.java:219) ~[server-1.20.1-20230612.114412-srg.jar%23341!/:?]
	at net.minecraftforge.common.crafting.VanillaIngredientSerializer.parse(VanillaIngredientSerializer.java:27) ~[forge-1.20.1-47.3.7-universal.jar%23346!/:?]
	at net.minecraftforge.common.crafting.CraftingHelper.getIngredient(CraftingHelper.java:148) ~[forge-1.20.1-47.3.7-universal.jar%23346!/:?]
	at net.minecraft.world.item.crafting.Ingredient.m_288218_(Ingredient.java:194) ~[server-1.20.1-20230612.114412-srg.jar%23341!/:?]
	at net.minecraft.world.item.crafting.ShapedRecipe.m_44210_(ShapedRecipe.java:278) ~[server-1.20.1-20230612.114412-srg.jar%23341!/:?]
	at net.minecraft.world.item.crafting.ShapedRecipe$Serializer.m_6729_(ShapedRecipe.java:306) ~[server-1.20.1-20230612.114412-srg.jar%23341!/:?]
	at net.minecraft.world.item.crafting.ShapedRecipe$Serializer.m_6729_(ShapedRecipe.java:301) ~[server-1.20.1-20230612.114412-srg.jar%23341!/:?]
	at net.minecraftforge.common.extensions.IForgeRecipeSerializer.fromJson(IForgeRecipeSerializer.java:23) ~[forge-1.20.1-47.3.7-universal.jar%23346!/:?]
	at net.minecraft.world.item.crafting.RecipeManager.fromJson(RecipeManager.java:171) ~[server-1.20.1-20230612.114412-srg.jar%23341!/:?]
	at net.minecraft.world.item.crafting.RecipeManager.m_5787_(RecipeManager.java:67) ~[server-1.20.1-20230612.114412-srg.jar%23341!/:?]
	at net.minecraft.world.item.crafting.RecipeManager.m_5787_(RecipeManager.java:34) ~[server-1.20.1-20230612.114412-srg.jar%23341!/:?]
	at net.minecraft.server.packs.resources.SimplePreparableReloadListener.m_10789_(SimplePreparableReloadListener.java:13) ~[server-1.20.1-20230612.114412-srg.jar%23341!/:?]
	at java.util.concurrent.CompletableFuture$UniAccept.tryFire(CompletableFuture.java:718) ~[?:?]
	at java.util.concurrent.CompletableFuture$Completion.run(CompletableFuture.java:482) ~[?:?]
	at net.minecraft.server.packs.resources.SimpleReloadInstance.m_143940_(SimpleReloadInstance.java:69) ~[server-1.20.1-20230612.114412-srg.jar%23341!/:?]
	at net.minecraft.Util.m_214652_(Util.java:783) ~[server-1.20.1-20230612.114412-srg.jar%23341!/:?]
	at net.minecraft.Util.m_214679_(Util.java:772) ~[server-1.20.1-20230612.114412-srg.jar%23341!/:?]
	at net.minecraft.server.Main.main(Main.java:166) ~[server-1.20.1-20230612.114412-srg.jar%23341!/:?]
	at jdk.internal.reflect.NativeMethodAccessorImpl.invoke0(Native Method) ~[?:?]
	at jdk.internal.reflect.NativeMethodAccessorImpl.invoke(NativeMethodAccessorImpl.java:77) ~[?:?]
	at jdk.internal.reflect.DelegatingMethodAccessorImpl.invoke(DelegatingMethodAccessorImpl.java:43) ~[?:?]
	at java.lang.reflect.Method.invoke(Method.java:569) ~[?:?]
	at net.minecraftforge.fml.loading.targets.CommonLaunchHandler.runTarget(CommonLaunchHandler.java:111) ~[fmlloader-1.20.1-47.3.7.jar%2369!/:?]
	at net.minecraftforge.fml.loading.targets.CommonLaunchHandler.serverService(CommonLaunchHandler.java:103) ~[fmlloader-1.20.1-47.3.7.jar%2369!/:?]
	at net.minecraftforge.fml.loading.targets.CommonServerLaunchHandler.lambda$makeService$0(CommonServerLaunchHandler.java:27) ~[fmlloader-1.20.1-47.3.7.jar%2369!/:?]
	at cpw.mods.modlauncher.LaunchServiceHandlerDecorator.launch(LaunchServiceHandlerDecorator.java:30) ~[modlauncher-10.0.9.jar%2355!/:?]
	at cpw.mods.modlauncher.LaunchServiceHandler.launch(LaunchServiceHandler.java:53) ~[modlauncher-10.0.9.jar%2355!/:?]
	at cpw.mods.modlauncher.LaunchServiceHandler.launch(LaunchServiceHandler.java:71) ~[modlauncher-10.0.9.jar%2355!/:?]
	at cpw.mods.modlauncher.Launcher.run(Launcher.java:108) ~[modlauncher-10.0.9.jar%2355!/:?]
	at cpw.mods.modlauncher.Launcher.main(Launcher.java:78) ~[modlauncher-10.0.9.jar%2355!/:?]
	at cpw.mods.modlauncher.BootstrapLaunchConsumer.accept(BootstrapLaunchConsumer.java:26) ~[modlauncher-10.0.9.jar%2355!/:?]
	at cpw.mods.modlauncher.BootstrapLaunchConsumer.accept(BootstrapLaunchConsumer.java:23) ~[modlauncher-10.0.9.jar%2355!/:?]
	at cpw.mods.bootstraplauncher.BootstrapLauncher.main(BootstrapLauncher.java:141) ~[bootstraplauncher-1.1.2.jar:?]
[11Mar2025 20:33:00.800] [main/INFO] [net.minecraft.world.item.crafting.RecipeManager/]: Skipping loading recipe productivebees:corail/woodcutter/birch_canvas_hive as it's serializer returned null
[11Mar2025 20:33:00.801] [main/WARN] [quark-zeta/]: Non-existent flag tuff being used
[11Mar2025 20:33:00.809] [main/INFO] [net.minecraft.world.item.crafting.RecipeManager/]: Skipping loading recipe productivebees:hives/advanced_regions_unexplored_socotra_beehive_clear as it's serializer returned null
[11Mar2025 20:33:00.810] [main/INFO] [net.minecraft.world.item.crafting.RecipeManager/]: Skipping loading recipe productivebees:hives/advanced_biomesoplenty_fir_beehive as it's serializer returned null
[11Mar2025 20:33:00.811] [main/WARN] [quark-zeta/]: Non-existent flag calcite being used
[11Mar2025 20:33:00.812] [main/WARN] [quark-zeta/]: Non-existent flag granite being used
[11Mar2025 20:33:00.819] [main/INFO] [net.minecraft.world.item.crafting.RecipeManager/]: Skipping loading recipe productivebees:hives/advanced_regions_unexplored_mauve_beehive as it's serializer returned null
[11Mar2025 20:33:00.820] [main/INFO] [net.minecraft.world.item.crafting.RecipeManager/]: Skipping loading recipe environmental:willow_leaf_pile as it's serializer returned null
[11Mar2025 20:33:00.820] [main/INFO] [net.minecraft.world.item.crafting.RecipeManager/]: Skipping loading recipe environmental:plum_door_from_plum_logs_sawing as it's serializer returned null
[11Mar2025 20:33:00.821] [main/INFO] [net.minecraft.world.item.crafting.RecipeManager/]: Skipping loading recipe environmental:plum_furnace_boat as it's serializer returned null
[11Mar2025 20:33:00.821] [main/INFO] [net.minecraft.world.item.crafting.RecipeManager/]: Skipping loading recipe productivebees:expansion_boxes/expansion_box_byg_sythian as it's serializer returned null
[11Mar2025 20:33:00.825] [main/INFO] [net.minecraft.world.item.crafting.RecipeManager/]: Skipping loading recipe environmental:plum_crate as it's serializer returned null
[11Mar2025 20:33:00.828] [main/INFO] [net.minecraft.world.item.crafting.RecipeManager/]: Skipping loading recipe environmental:willow_planks_from_willow_logs_sawing as it's serializer returned null
[11Mar2025 20:33:00.829] [main/INFO] [net.minecraft.world.item.crafting.RecipeManager/]: Skipping loading recipe productivebees:corail/woodcutter/umbran_canvas_hive as it's serializer returned null
[11Mar2025 20:33:00.829] [main/INFO] [net.minecraft.world.item.crafting.RecipeManager/]: Skipping loading recipe environmental:trapped_pine_chest as it's serializer returned null
[11Mar2025 20:33:00.830] [main/INFO] [net.minecraft.world.item.crafting.RecipeManager/]: Skipping loading recipe atmospheric:grimwood_door_from_grimwood_logs_sawing as it's serializer returned null
[11Mar2025 20:33:00.831] [main/INFO] [net.minecraft.world.item.crafting.RecipeManager/]: Skipping loading recipe atmospheric:grimwood_sign_from_grimwood_logs_sawing as it's serializer returned null
[11Mar2025 20:33:00.831] [main/INFO] [net.minecraft.world.item.crafting.RecipeManager/]: Skipping loading recipe environmental:wisteria_slab_from_wisteria_logs_sawing as it's serializer returned null
[11Mar2025 20:33:00.832] [main/WARN] [quark-zeta/]: Non-existent flag tuff being used
[11Mar2025 20:33:00.832] [main/INFO] [net.minecraft.world.item.crafting.RecipeManager/]: Skipping loading recipe productivebees:hives/advanced_regions_unexplored_maple_beehive as it's serializer returned null
[11Mar2025 20:33:00.832] [main/INFO] [net.minecraft.world.item.crafting.RecipeManager/]: Skipping loading recipe atmospheric:morado_fence_gate_from_morado_logs_sawing as it's serializer returned null
[11Mar2025 20:33:00.833] [main/WARN] [quark-zeta/]: Non-existent flag calcite being used
[11Mar2025 20:33:00.833] [main/INFO] [net.minecraft.world.item.crafting.RecipeManager/]: Skipping loading recipe atmospheric:trapped_laurel_chest as it's serializer returned null
[11Mar2025 20:33:00.834] [main/INFO] [net.minecraft.world.item.crafting.RecipeManager/]: Skipping loading recipe environmental:plum_bookshelf as it's serializer returned null
[11Mar2025 20:33:00.835] [main/INFO] [net.minecraft.world.item.crafting.RecipeManager/]: Skipping loading recipe endergetic:poise_furnace_boat as it's serializer returned null
[11Mar2025 20:33:00.835] [main/WARN] [quark-zeta/]: Non-existent flag granite being used
[11Mar2025 20:33:00.835] [main/INFO] [net.minecraft.world.item.crafting.RecipeManager/]: Skipping loading recipe productivebees:corail/woodcutter/redwood_canvas_hive as it's serializer returned null
[11Mar2025 20:33:00.836] [main/WARN] [quark-zeta/]: Non-existent flag andesite being used
[11Mar2025 20:33:00.837] [main/INFO] [net.minecraft.world.item.crafting.RecipeManager/]: Skipping loading recipe atmospheric:dry_laurel_leaves_from_leaf_piles as it's serializer returned null
[11Mar2025 20:33:00.837] [main/WARN] [quark-zeta/]: Non-existent flag tuff being used
[11Mar2025 20:33:00.840] [main/INFO] [net.minecraft.world.item.crafting.RecipeManager/]: Skipping loading recipe supplementaries:inspirations/flag_dye as it's serializer returned null
[11Mar2025 20:33:00.841] [main/INFO] [net.minecraft.world.item.crafting.RecipeManager/]: Skipping loading recipe endergetic:poise_slab_from_poise_planks_sawing as it's serializer returned null
[11Mar2025 20:33:00.842] [main/INFO] [net.minecraft.world.item.crafting.RecipeManager/]: Skipping loading recipe productivebees:hives/advanced_byg_redwood_beehive_clear as it's serializer returned null
[11Mar2025 20:33:00.842] [main/INFO] [net.minecraft.world.item.crafting.RecipeManager/]: Skipping loading recipe productivebees:expansion_boxes/expansion_box_byg_cika as it's serializer returned null
[11Mar2025 20:33:00.846] [main/INFO] [net.minecraft.world.item.crafting.RecipeManager/]: Skipping loading recipe productivebees:expansion_boxes/expansion_box_byg_holly as it's serializer returned null
[11Mar2025 20:33:00.846] [main/INFO] [net.minecraft.world.item.crafting.RecipeManager/]: Skipping loading recipe productivebees:corail/woodcutter/concrete_canvas_hive as it's serializer returned null
[11Mar2025 20:33:00.847] [main/INFO] [net.minecraft.world.item.crafting.RecipeManager/]: Skipping loading recipe productivebees:hives/advanced_byg_pine_beehive as it's serializer returned null
[11Mar2025 20:33:00.847] [main/INFO] [net.minecraft.world.item.crafting.RecipeManager/]: Skipping loading recipe atmospheric:large_yucca_boat as it's serializer returned null
[11Mar2025 20:33:00.848] [main/INFO] [net.minecraft.world.item.crafting.RecipeManager/]: Skipping loading recipe productivebees:expansion_boxes/expansion_box_biomesoplenty_hellbark as it's serializer returned null
[11Mar2025 20:33:00.849] [main/INFO] [net.minecraft.world.item.crafting.RecipeManager/]: Skipping loading recipe atmospheric:grimwood_chest as it's serializer returned null
[11Mar2025 20:33:00.850] [main/INFO] [net.minecraft.world.item.crafting.RecipeManager/]: Skipping loading recipe environmental:wisteria_slab_from_wisteria_planks_sawing as it's serializer returned null
[11Mar2025 20:33:00.850] [main/WARN] [quark-zeta/]: Non-existent flag dripstone being used
[11Mar2025 20:33:00.851] [main/INFO] [net.minecraft.world.item.crafting.RecipeManager/]: Skipping loading recipe atmospheric:morado_fence_from_morado_logs_sawing as it's serializer returned null
[11Mar2025 20:33:00.852] [main/WARN] [quark-zeta/]: Non-existent flag dripstone being used
[11Mar2025 20:33:00.853] [main/INFO] [net.minecraft.world.item.crafting.RecipeManager/]: Skipping loading recipe atmospheric:kousa_button_from_kousa_planks_sawing as it's serializer returned null
[11Mar2025 20:33:00.854] [main/INFO] [net.minecraft.world.item.crafting.RecipeManager/]: Skipping loading recipe atmospheric:aspen_bookshelf as it's serializer returned null
[11Mar2025 20:33:00.854] [main/INFO] [net.minecraft.world.item.crafting.RecipeManager/]: Skipping loading recipe environmental:willow_ladder_from_willow_logs_sawing as it's serializer returned null
[11Mar2025 20:33:00.861] [main/INFO] [net.minecraft.world.item.crafting.RecipeManager/]: Skipping loading recipe productivebees:hives/advanced_regions_unexplored_kapok_beehive_clear as it's serializer returned null
[11Mar2025 20:33:00.861] [main/INFO] [net.minecraft.world.item.crafting.RecipeManager/]: Skipping loading recipe atmospheric:kousa_slab_from_kousa_logs_sawing as it's serializer returned null
[11Mar2025 20:33:00.862] [main/INFO] [net.minecraft.world.item.crafting.RecipeManager/]: Skipping loading recipe productivebees:hives/advanced_regions_unexplored_cypress_beehive_clear as it's serializer returned null
[11Mar2025 20:33:00.863] [main/WARN] [quark-zeta/]: Non-existent flag andesite being used
[11Mar2025 20:33:00.864] [main/INFO] [net.minecraft.world.item.crafting.RecipeManager/]: Skipping loading recipe productivebees:expansion_boxes/expansion_box_regions_unexplored_kapok as it's serializer returned null
[11Mar2025 20:33:00.864] [main/INFO] [net.minecraft.world.item.crafting.RecipeManager/]: Skipping loading recipe atmospheric:grimwood_boards_from_grimwood_planks_sawing as it's serializer returned null
[11Mar2025 20:33:00.865] [main/WARN] [quark-zeta/]: Non-existent flag tuff being used
[11Mar2025 20:33:00.866] [main/WARN] [quark-zeta/]: Non-existent flag tuff being used
[11Mar2025 20:33:00.866] [main/WARN] [quark-zeta/]: Non-existent flag andesite being used
[11Mar2025 20:33:00.867] [main/INFO] [net.minecraft.world.item.crafting.RecipeManager/]: Skipping loading recipe productivebees:hives/advanced_byg_baobab_beehive_clear as it's serializer returned null
[11Mar2025 20:33:00.868] [main/INFO] [net.minecraft.world.item.crafting.RecipeManager/]: Skipping loading recipe productivebees:hives/advanced_byg_lament_beehive as it's serializer returned null
[11Mar2025 20:33:00.869] [main/INFO] [net.minecraft.world.item.crafting.RecipeManager/]: Skipping loading recipe productivebees:corail/woodcutter/driftwood_canvas_expansion_box as it's serializer returned null
[11Mar2025 20:33:00.869] [main/INFO] [net.minecraft.world.item.crafting.RecipeManager/]: Skipping loading recipe environmental:plum_fence_from_plum_planks_sawing as it's serializer returned null
[11Mar2025 20:33:00.870] [main/INFO] [net.minecraft.world.item.crafting.RecipeManager/]: Skipping loading recipe environmental:willow_door_from_willow_logs_sawing as it's serializer returned null
[11Mar2025 20:33:00.876] [main/WARN] [quark-zeta/]: Non-existent flag tuff being used
[11Mar2025 20:33:00.877] [main/INFO] [net.minecraft.world.item.crafting.RecipeManager/]: Skipping loading recipe atmospheric:laurel_fence_from_laurel_logs_sawing as it's serializer returned null
[11Mar2025 20:33:00.883] [main/WARN] [quark-zeta/]: Non-existent flag dripstone being used
[11Mar2025 20:33:00.884] [main/WARN] [quark-zeta/]: Non-existent flag tuff being used
[11Mar2025 20:33:00.888] [main/INFO] [net.minecraft.world.item.crafting.RecipeManager/]: Skipping loading recipe atmospheric:laurel_beehive as it's serializer returned null
[11Mar2025 20:33:00.889] [main/WARN] [quark-zeta/]: Non-existent flag dripstone being used
[11Mar2025 20:33:00.890] [main/INFO] [net.minecraft.world.item.crafting.RecipeManager/]: Skipping loading recipe atmospheric:aspen_button_from_aspen_planks_sawing as it's serializer returned null
[11Mar2025 20:33:00.890] [main/INFO] [net.minecraft.world.item.crafting.RecipeManager/]: Skipping loading recipe atmospheric:grimwood_slab_from_grimwood_planks_sawing as it's serializer returned null
[11Mar2025 20:33:00.890] [main/INFO] [net.minecraft.world.item.crafting.RecipeManager/]: Skipping loading recipe atmospheric:cyan_dye_from_baking as it's serializer returned null
[11Mar2025 20:33:00.893] [main/WARN] [quark-zeta/]: Non-existent flag andesite being used
[11Mar2025 20:33:00.893] [main/INFO] [net.minecraft.world.item.crafting.RecipeManager/]: Skipping loading recipe atmospheric:chiseled_grimwood_bookshelf as it's serializer returned null
[11Mar2025 20:33:00.895] [main/INFO] [net.minecraft.world.item.crafting.RecipeManager/]: Skipping loading recipe atmospheric:yucca_button_from_yucca_planks_sawing as it's serializer returned null
[11Mar2025 20:33:00.895] [main/WARN] [quark-zeta/]: Non-existent flag tuff being used
[11Mar2025 20:33:00.896] [main/WARN] [quark-zeta/]: Non-existent flag tuff being used
[11Mar2025 20:33:00.896] [main/INFO] [net.minecraft.world.item.crafting.RecipeManager/]: Skipping loading recipe atmospheric:aspen_chest as it's serializer returned null
[11Mar2025 20:33:00.896] [main/WARN] [quark-zeta/]: Non-existent flag dripstone being used
[11Mar2025 20:33:00.899] [main/INFO] [net.minecraft.world.item.crafting.RecipeManager/]: Skipping loading recipe atmospheric:aspen_fence_gate_from_aspen_logs_sawing as it's serializer returned null
[11Mar2025 20:33:00.899] [main/WARN] [quark-zeta/]: Non-existent flag tuff being used
[11Mar2025 20:33:00.900] [main/INFO] [net.minecraft.world.item.crafting.RecipeManager/]: Skipping loading recipe environmental:pine_bookshelf as it's serializer returned null
[11Mar2025 20:33:00.900] [main/WARN] [quark-zeta/]: Non-existent flag tuff being used
[11Mar2025 20:33:00.901] [main/INFO] [net.minecraft.world.item.crafting.RecipeManager/]: Skipping loading recipe productivebees:hives/advanced_byg_witch_hazel_beehive as it's serializer returned null
[11Mar2025 20:33:00.902] [main/INFO] [net.minecraft.world.item.crafting.RecipeManager/]: Skipping loading recipe productivebees:hives/advanced_regions_unexplored_blue_bioshroom_beehive_clear as it's serializer returned null
[11Mar2025 20:33:00.903] [main/INFO] [net.minecraft.world.item.crafting.RecipeManager/]: Skipping loading recipe productivebees:corail/woodcutter/comb_canvas_expansion_box as it's serializer returned null
[11Mar2025 20:33:00.904] [main/INFO] [net.minecraft.world.item.crafting.RecipeManager/]: Skipping loading recipe atmospheric:laurel_stairs_from_laurel_planks_sawing as it's serializer returned null
[11Mar2025 20:33:00.905] [main/INFO] [net.minecraft.world.item.crafting.RecipeManager/]: Skipping loading recipe productivebees:corail/woodcutter/mangrove_canvas_hive as it's serializer returned null
[11Mar2025 20:33:00.905] [main/INFO] [net.minecraft.world.item.crafting.RecipeManager/]: Skipping loading recipe productivebees:hives/advanced_byg_sythian_beehive as it's serializer returned null
[11Mar2025 20:33:00.906] [main/WARN] [quark-zeta/]: Non-existent flag granite being used
[11Mar2025 20:33:00.913] [main/INFO] [net.minecraft.world.item.crafting.RecipeManager/]: Skipping loading recipe environmental:pine_planks_from_pine_logs_sawing as it's serializer returned null
[11Mar2025 20:33:00.920] [main/INFO] [net.minecraft.world.item.crafting.RecipeManager/]: Skipping loading recipe productivebees:expansion_boxes/expansion_box_regions_unexplored_pink_bioshroom as it's serializer returned null
[11Mar2025 20:33:00.920] [main/INFO] [net.minecraft.world.item.crafting.RecipeManager/]: Skipping loading recipe endergetic:trapped_poise_chest as it's serializer returned null
[11Mar2025 20:33:00.925] [main/INFO] [net.minecraft.world.item.crafting.RecipeManager/]: Skipping loading recipe productivebees:hives/advanced_biomesoplenty_willow_beehive as it's serializer returned null
[11Mar2025 20:33:00.926] [main/INFO] [net.minecraft.world.item.crafting.RecipeManager/]: Skipping loading recipe productivebees:expansion_boxes/expansion_box_biomesoplenty_willow as it's serializer returned null
[11Mar2025 20:33:00.926] [main/INFO] [net.minecraft.world.item.crafting.RecipeManager/]: Skipping loading recipe atmospheric:rosewood_beehive as it's serializer returned null
[11Mar2025 20:33:00.928] [main/INFO] [net.minecraft.world.item.crafting.RecipeManager/]: Skipping loading recipe atmospheric:trapped_kousa_chest as it's serializer returned null
[11Mar2025 20:33:00.929] [main/INFO] [net.minecraft.world.item.crafting.RecipeManager/]: Skipping loading recipe productivebees:hives/advanced_autumnity_maple_beehive as it's serializer returned null
[11Mar2025 20:33:00.930] [main/INFO] [net.minecraft.world.item.crafting.RecipeManager/]: Skipping loading recipe productivebees:corail/woodcutter/fir_canvas_hive as it's serializer returned null
[11Mar2025 20:33:00.931] [main/INFO] [net.minecraft.world.item.crafting.RecipeManager/]: Skipping loading recipe atmospheric:rosewood_bookshelf as it's serializer returned null
[11Mar2025 20:33:00.933] [main/INFO] [net.minecraft.world.item.crafting.RecipeManager/]: Skipping loading recipe productivebees:hives/advanced_autumnity_maple_beehive_clear as it's serializer returned null
[11Mar2025 20:33:00.933] [main/INFO] [net.minecraft.world.item.crafting.RecipeManager/]: Skipping loading recipe productivebees:hives/advanced_byg_nightshade_beehive as it's serializer returned null
[11Mar2025 20:33:00.934] [main/INFO] [net.minecraft.world.item.crafting.RecipeManager/]: Skipping loading recipe endergetic:cracked_eumus_bricks_from_baking as it's serializer returned null
[11Mar2025 20:33:00.934] [main/INFO] [net.minecraft.world.item.crafting.RecipeManager/]: Skipping loading recipe environmental:willow_stairs_from_willow_planks_sawing as it's serializer returned null
[11Mar2025 20:33:00.935] [main/INFO] [net.minecraft.world.item.crafting.RecipeManager/]: Skipping loading recipe atmospheric:yucca_door_from_yucca_logs_sawing as it's serializer returned null
[11Mar2025 20:33:00.936] [main/WARN] [quark-zeta/]: Non-existent flag granite being used
[11Mar2025 20:33:00.937] [main/INFO] [net.minecraft.world.item.crafting.RecipeManager/]: Skipping loading recipe environmental:wisteria_planks_from_wisteria_logs_sawing as it's serializer returned null
[11Mar2025 20:33:00.938] [main/INFO] [net.minecraft.world.item.crafting.RecipeManager/]: Skipping loading recipe atmospheric:smooth_arid_sandstone_from_baking as it's serializer returned null
[11Mar2025 20:33:00.944] [main/INFO] [net.minecraft.world.item.crafting.RecipeManager/]: Skipping loading recipe atmospheric:trapped_yucca_chest as it's serializer returned null
[11Mar2025 20:33:00.945] [main/WARN] [quark-zeta/]: Non-existent flag calcite being used
[11Mar2025 20:33:00.946] [main/INFO] [net.minecraft.world.item.crafting.RecipeManager/]: Skipping loading recipe productivebees:hives/advanced_regions_unexplored_redwood_beehive as it's serializer returned null
[11Mar2025 20:33:00.947] [main/INFO] [net.minecraft.world.item.crafting.RecipeManager/]: Skipping loading recipe atmospheric:grimwood_boards as it's serializer returned null
[11Mar2025 20:33:00.947] [main/INFO] [net.minecraft.world.item.crafting.RecipeManager/]: Skipping loading recipe atmospheric:rosewood_sign_from_rosewood_logs_sawing as it's serializer returned null
[11Mar2025 20:33:00.955] [main/INFO] [net.minecraft.world.item.crafting.RecipeManager/]: Skipping loading recipe atmospheric:rosewood_pressure_plate_from_rosewood_logs_sawing as it's serializer returned null
[11Mar2025 20:33:00.955] [main/INFO] [net.minecraft.world.item.crafting.RecipeManager/]: Skipping loading recipe productivebees:hives/advanced_upgrade_aquatic_driftwood_beehive as it's serializer returned null
[11Mar2025 20:33:00.956] [main/INFO] [net.minecraft.world.item.crafting.RecipeManager/]: Skipping loading recipe atmospheric:kousa_slab_from_kousa_planks_sawing as it's serializer returned null
[11Mar2025 20:33:00.957] [main/INFO] [net.minecraft.world.item.crafting.RecipeManager/]: Skipping loading recipe productivebees:hives/advanced_regions_unexplored_willow_beehive as it's serializer returned null
[11Mar2025 20:33:00.958] [main/WARN] [quark-zeta/]: Non-existent flag calcite being used
[11Mar2025 20:33:00.959] [main/INFO] [net.minecraft.world.item.crafting.RecipeManager/]: Skipping loading recipe endergetic:poise_button_from_poise_planks_sawing as it's serializer returned null
[11Mar2025 20:33:00.961] [main/INFO] [net.minecraft.world.item.crafting.RecipeManager/]: Skipping loading recipe productivebees:corail/woodcutter/spruce_canvas_expansion_box as it's serializer returned null
[11Mar2025 20:33:00.961] [main/INFO] [net.minecraft.world.item.crafting.RecipeManager/]: Skipping loading recipe atmospheric:kousa_door_from_kousa_logs_sawing as it's serializer returned null
[11Mar2025 20:33:00.963] [main/INFO] [net.minecraft.world.item.crafting.RecipeManager/]: Skipping loading recipe atmospheric:kousa_fence_from_kousa_planks_sawing as it's serializer returned null
[11Mar2025 20:33:00.964] [main/WARN] [quark-zeta/]: Non-existent flag tuff being used
[11Mar2025 20:33:00.964] [main/INFO] [net.minecraft.world.item.crafting.RecipeManager/]: Skipping loading recipe atmospheric:morado_boards as it's serializer returned null
[11Mar2025 20:33:00.964] [main/INFO] [net.minecraft.world.item.crafting.RecipeManager/]: Skipping loading recipe productivebees:hives/advanced_byg_aspen_beehive as it's serializer returned null
[11Mar2025 20:33:00.965] [main/WARN] [quark-zeta/]: Non-existent flag calcite being used
[11Mar2025 20:33:00.966] [main/INFO] [net.minecraft.world.item.crafting.RecipeManager/]: Skipping loading recipe productivebees:corail/woodcutter/yucca_canvas_hive as it's serializer returned null
[11Mar2025 20:33:00.966] [main/WARN] [quark-zeta/]: Non-existent flag andesite being used
[11Mar2025 20:33:00.970] [main/INFO] [net.minecraft.world.item.crafting.RecipeManager/]: Skipping loading recipe atmospheric:yucca_slab_from_yucca_logs_sawing as it's serializer returned null
[11Mar2025 20:33:00.974] [main/WARN] [quark-zeta/]: Non-existent flag diorite being used
[11Mar2025 20:33:00.975] [main/INFO] [net.minecraft.world.item.crafting.RecipeManager/]: Skipping loading recipe environmental:white_wisteria_leaves_from_leaf_piles as it's serializer returned null
[11Mar2025 20:33:00.975] [main/WARN] [quark-zeta/]: Non-existent flag granite being used
[11Mar2025 20:33:00.975] [main/INFO] [net.minecraft.world.item.crafting.RecipeManager/]: Skipping loading recipe atmospheric:chiseled_rosewood_bookshelf as it's serializer returned null
[11Mar2025 20:33:00.976] [main/INFO] [net.minecraft.world.item.crafting.RecipeManager/]: Skipping loading recipe productivebees:corail/woodcutter/kousa_canvas_hive as it's serializer returned null
[11Mar2025 20:33:00.976] [main/INFO] [net.minecraft.world.item.crafting.RecipeManager/]: Skipping loading recipe productivebees:hives/advanced_byg_mahogany_beehive_clear as it's serializer returned null
[11Mar2025 20:33:00.976] [main/INFO] [net.minecraft.world.item.crafting.RecipeManager/]: Skipping loading recipe productivebees:hives/advanced_byg_pine_beehive_clear as it's serializer returned null
[11Mar2025 20:33:00.977] [main/INFO] [net.minecraft.world.item.crafting.RecipeManager/]: Skipping loading recipe atmospheric:grimwood_beehive as it's serializer returned null
[11Mar2025 20:33:00.977] [main/INFO] [net.minecraft.world.item.crafting.RecipeManager/]: Skipping loading recipe atmospheric:rosewood_boards_from_rosewood_planks_sawing as it's serializer returned null
[11Mar2025 20:33:00.977] [main/INFO] [net.minecraft.world.item.crafting.RecipeManager/]: Skipping loading recipe productivebees:hives/advanced_byg_cypress_beehive as it's serializer returned null
[11Mar2025 20:33:00.978] [main/INFO] [net.minecraft.world.item.crafting.RecipeManager/]: Skipping loading recipe productivebees:corail/woodcutter/dead_canvas_hive as it's serializer returned null
[11Mar2025 20:33:00.978] [main/INFO] [net.minecraft.world.item.crafting.RecipeManager/]: Skipping loading recipe environmental:willow_ladder_from_willow_planks_sawing as it's serializer returned null
[11Mar2025 20:33:00.978] [main/INFO] [net.minecraft.world.item.crafting.RecipeManager/]: Skipping loading recipe productivebees:hives/advanced_byg_green_enchanted_beehive_clear as it's serializer returned null
[11Mar2025 20:33:00.979] [main/INFO] [net.minecraft.world.item.crafting.RecipeManager/]: Skipping loading recipe endergetic:poise_pressure_plate_from_poise_stems_sawing as it's serializer returned null
[11Mar2025 20:33:00.979] [main/INFO] [net.minecraft.world.item.crafting.RecipeManager/]: Skipping loading recipe environmental:pine_leaf_pile as it's serializer returned null
[11Mar2025 20:33:00.979] [main/INFO] [net.minecraft.world.item.crafting.RecipeManager/]: Skipping loading recipe atmospheric:laurel_door_from_laurel_logs_sawing as it's serializer returned null
[11Mar2025 20:33:00.979] [main/INFO] [net.minecraft.world.item.crafting.RecipeManager/]: Skipping loading recipe atmospheric:chiseled_laurel_bookshelf as it's serializer returned null
[11Mar2025 20:33:00.980] [main/INFO] [net.minecraft.world.item.crafting.RecipeManager/]: Skipping loading recipe environmental:pine_door_from_pine_logs_sawing as it's serializer returned null
[11Mar2025 20:33:00.980] [main/INFO] [net.minecraft.world.item.crafting.RecipeManager/]: Skipping loading recipe environmental:wisteria_leaf_pile as it's serializer returned null
[11Mar2025 20:33:00.981] [main/INFO] [net.minecraft.world.item.crafting.RecipeManager/]: Skipping loading recipe productivebees:hives/advanced_regions_unexplored_cobalt_beehive as it's serializer returned null
[11Mar2025 20:33:00.981] [main/INFO] [net.minecraft.world.item.crafting.RecipeManager/]: Skipping loading recipe productivebees:hives/advanced_byg_white_mangrove_beehive as it's serializer returned null
[11Mar2025 20:33:00.982] [main/INFO] [net.minecraft.world.item.crafting.RecipeManager/]: Skipping loading recipe environmental:pine_chest as it's serializer returned null
[11Mar2025 20:33:00.982] [main/INFO] [net.minecraft.world.item.crafting.RecipeManager/]: Skipping loading recipe productivebees:hives/advanced_regions_unexplored_mauve_beehive_clear as it's serializer returned null
[11Mar2025 20:33:00.985] [main/INFO] [net.minecraft.world.item.crafting.RecipeManager/]: Skipping loading recipe productivebees:corail/woodcutter/cherry_canvas_hive as it's serializer returned null
[11Mar2025 20:33:00.985] [main/INFO] [net.minecraft.world.item.crafting.RecipeManager/]: Skipping loading recipe atmospheric:morado_beehive as it's serializer returned null
[11Mar2025 20:33:00.985] [main/INFO] [net.minecraft.world.item.crafting.RecipeManager/]: Skipping loading recipe productivebees:hives/advanced_byg_redwood_beehive as it's serializer returned null
[11Mar2025 20:33:00.986] [main/INFO] [net.minecraft.world.item.crafting.RecipeManager/]: Skipping loading recipe atmospheric:kousa_ladder as it's serializer returned null
[11Mar2025 20:33:00.986] [main/INFO] [net.minecraft.world.item.crafting.RecipeManager/]: Skipping loading recipe environmental:large_willow_boat as it's serializer returned null
[11Mar2025 20:33:00.988] [main/INFO] [net.minecraft.world.item.crafting.RecipeManager/]: Skipping loading recipe productivebees:expansion_boxes/expansion_box_biomesoplenty_mahogany as it's serializer returned null
[11Mar2025 20:33:00.988] [main/INFO] [net.minecraft.world.item.crafting.RecipeManager/]: Skipping loading recipe productivebees:hives/advanced_byg_palm_beehive as it's serializer returned null
[11Mar2025 20:33:00.989] [main/INFO] [net.minecraft.world.item.crafting.RecipeManager/]: Skipping loading recipe productivebees:hives/advanced_byg_bulbis_beehive as it's serializer returned null
[11Mar2025 20:33:00.993] [main/WARN] [quark-zeta/]: Non-existent flag dripstone being used
[11Mar2025 20:33:00.994] [main/INFO] [net.minecraft.world.item.crafting.RecipeManager/]: Skipping loading recipe environmental:pine_fence_from_pine_logs_sawing as it's serializer returned null
[11Mar2025 20:33:00.994] [main/WARN] [quark-zeta/]: Non-existent flag diorite being used
[11Mar2025 20:33:00.994] [main/INFO] [net.minecraft.world.item.crafting.RecipeManager/]: Skipping loading recipe atmospheric:aspen_trapdoor_from_aspen_logs_sawing as it's serializer returned null
[11Mar2025 20:33:00.994] [main/INFO] [net.minecraft.world.item.crafting.RecipeManager/]: Skipping loading recipe productivebees:hives/advanced_regions_unexplored_dead_beehive as it's serializer returned null
[11Mar2025 20:33:00.995] [main/INFO] [net.minecraft.world.item.crafting.RecipeManager/]: Skipping loading recipe atmospheric:laurel_fence_from_laurel_planks_sawing as it's serializer returned null
[11Mar2025 20:33:00.995] [main/INFO] [net.minecraft.world.item.crafting.RecipeManager/]: Skipping loading recipe productivebees:hives/advanced_byg_ebony_beehive_clear as it's serializer returned null
[11Mar2025 20:33:00.996] [main/INFO] [net.minecraft.world.item.crafting.RecipeManager/]: Skipping loading recipe atmospheric:kousa_ladder_from_kousa_logs_sawing as it's serializer returned null
[11Mar2025 20:33:00.996] [main/INFO] [net.minecraft.world.item.crafting.RecipeManager/]: Skipping loading recipe productivebees:hives/advanced_regions_unexplored_yellow_bioshroom_beehive as it's serializer returned null
[11Mar2025 20:33:00.996] [main/WARN] [quark-zeta/]: Non-existent flag tuff being used
[11Mar2025 20:33:00.996] [main/INFO] [net.minecraft.world.item.crafting.RecipeManager/]: Skipping loading recipe environmental:plum_slab_from_plum_logs_sawing as it's serializer returned null
[11Mar2025 20:33:00.996] [main/INFO] [net.minecraft.world.item.crafting.RecipeManager/]: Skipping loading recipe atmospheric:rosewood_boards_from_rosewood_logs_sawing as it's serializer returned null
[11Mar2025 20:33:00.997] [main/INFO] [net.minecraft.world.item.crafting.RecipeManager/]: Skipping loading recipe atmospheric:laurel_ladder_from_laurel_logs_sawing as it's serializer returned null
[11Mar2025 20:33:00.997] [main/WARN] [quark-zeta/]: Non-existent flag tuff being used
[11Mar2025 20:33:00.997] [main/INFO] [net.minecraft.world.item.crafting.RecipeManager/]: Skipping loading recipe atmospheric:trapped_aspen_chest as it's serializer returned null
[11Mar2025 20:33:00.997] [main/INFO] [net.minecraft.world.item.crafting.RecipeManager/]: Skipping loading recipe productivebees:corail/woodcutter/jacaranda_canvas_hive as it's serializer returned null
[11Mar2025 20:33:00.997] [main/INFO] [net.minecraft.world.item.crafting.RecipeManager/]: Skipping loading recipe productivebees:corail/woodcutter/wisteria_canvas_hive as it's serializer returned null
[11Mar2025 20:33:00.998] [main/INFO] [net.minecraft.world.item.crafting.RecipeManager/]: Skipping loading recipe atmospheric:rosewood_ladder_from_rosewood_planks_sawing as it's serializer returned null
[11Mar2025 20:33:00.998] [main/INFO] [net.minecraft.world.item.crafting.RecipeManager/]: Skipping loading recipe productivebees:hives/advanced_regions_unexplored_cobalt_beehive_clear as it's serializer returned null
[11Mar2025 20:33:00.998] [main/WARN] [quark-zeta/]: Non-existent flag tuff being used
[11Mar2025 20:33:00.999] [main/WARN] [quark-zeta/]: Non-existent flag dripstone being used
[11Mar2025 20:33:00.999] [main/INFO] [net.minecraft.world.item.crafting.RecipeManager/]: Skipping loading recipe atmospheric:kousa_chest as it's serializer returned null
[11Mar2025 20:33:00.999] [main/INFO] [net.minecraft.world.item.crafting.RecipeManager/]: Skipping loading recipe environmental:large_plum_boat as it's serializer returned null
[11Mar2025 20:33:00.999] [main/INFO] [net.minecraft.world.item.crafting.RecipeManager/]: Skipping loading recipe atmospheric:rosewood_fence_from_rosewood_planks_sawing as it's serializer returned null
[11Mar2025 20:33:00.999] [main/INFO] [net.minecraft.world.item.crafting.RecipeManager/]: Skipping loading recipe environmental:pine_sign_from_pine_logs_sawing as it's serializer returned null
[11Mar2025 20:33:00.999] [main/INFO] [net.minecraft.world.item.crafting.RecipeManager/]: Skipping loading recipe atmospheric:laurel_boards as it's serializer returned null
[11Mar2025 20:33:00.999] [main/INFO] [net.minecraft.world.item.crafting.RecipeManager/]: Skipping loading recipe productivebees:expansion_boxes/expansion_box_regions_unexplored_cobalt as it's serializer returned null
[11Mar2025 20:33:01.000] [main/INFO] [net.minecraft.world.item.crafting.RecipeManager/]: Skipping loading recipe endergetic:poise_slab_from_poise_stems_sawing as it's serializer returned null
[11Mar2025 20:33:01.000] [main/INFO] [net.minecraft.world.item.crafting.RecipeManager/]: Skipping loading recipe atmospheric:grimwood_bookshelf as it's serializer returned null
[11Mar2025 20:33:01.001] [main/INFO] [net.minecraft.world.item.crafting.RecipeManager/]: Skipping loading recipe atmospheric:aspen_fence_from_aspen_planks_sawing as it's serializer returned null
[11Mar2025 20:33:01.002] [main/INFO] [net.minecraft.world.item.crafting.RecipeManager/]: Skipping loading recipe atmospheric:glass_from_baking as it's serializer returned null
[11Mar2025 20:33:01.002] [main/INFO] [net.minecraft.world.item.crafting.RecipeManager/]: Skipping loading recipe environmental:plum_pressure_plate_from_plum_logs_sawing as it's serializer returned null
[11Mar2025 20:33:01.003] [main/WARN] [quark-zeta/]: Non-existent flag calcite being used
[11Mar2025 20:33:01.003] [main/INFO] [net.minecraft.world.item.crafting.RecipeManager/]: Skipping loading recipe productivebees:hives/advanced_byg_holly_beehive as it's serializer returned null
[11Mar2025 20:33:01.003] [main/INFO] [net.minecraft.world.item.crafting.RecipeManager/]: Skipping loading recipe productivebees:expansion_boxes/expansion_box_byg_maple as it's serializer returned null
[11Mar2025 20:33:01.003] [main/INFO] [net.minecraft.world.item.crafting.RecipeManager/]: Skipping loading recipe productivebees:expansion_boxes/expansion_box_biomesoplenty_jacaranda as it's serializer returned null
[11Mar2025 20:33:01.004] [main/INFO] [net.minecraft.world.item.crafting.RecipeManager/]: Skipping loading recipe atmospheric:kousa_fence_gate_from_kousa_logs_sawing as it's serializer returned null
[11Mar2025 20:33:01.004] [main/INFO] [net.minecraft.world.item.crafting.RecipeManager/]: Skipping loading recipe environmental:cherry_crate as it's serializer returned null
[11Mar2025 20:33:01.005] [main/INFO] [net.minecraft.world.item.crafting.RecipeManager/]: Skipping loading recipe atmospheric:trapped_grimwood_chest as it's serializer returned null
[11Mar2025 20:33:01.005] [main/INFO] [net.minecraft.world.item.crafting.RecipeManager/]: Skipping loading recipe productivebees:corail/woodcutter/cherry_canvas_expansion_box as it's serializer returned null
[11Mar2025 20:33:01.005] [main/INFO] [net.minecraft.world.item.crafting.RecipeManager/]: Skipping loading recipe atmospheric:grimwood_button_from_grimwood_logs_sawing as it's serializer returned null
[11Mar2025 20:33:01.006] [main/INFO] [net.minecraft.world.item.crafting.RecipeManager/]: Skipping loading recipe productivebees:corail/woodcutter/concrete_canvas_expansion_box as it's serializer returned null
[11Mar2025 20:33:01.006] [main/WARN] [quark-zeta/]: Non-existent flag diorite being used
[11Mar2025 20:33:01.006] [main/INFO] [net.minecraft.world.item.crafting.RecipeManager/]: Skipping loading recipe productivebees:expansion_boxes/expansion_box_byg_zelkova as it's serializer returned null
[11Mar2025 20:33:01.007] [main/INFO] [net.minecraft.world.item.crafting.RecipeManager/]: Skipping loading recipe environmental:willow_leaves_from_leaf_piles as it's serializer returned null
[11Mar2025 20:33:01.007] [main/WARN] [quark-zeta/]: Non-existent flag tuff being used
[11Mar2025 20:33:01.007] [main/INFO] [net.minecraft.world.item.crafting.RecipeManager/]: Skipping loading recipe environmental:willow_boards as it's serializer returned null
[11Mar2025 20:33:01.007] [main/INFO] [net.minecraft.world.item.crafting.RecipeManager/]: Skipping loading recipe endergetic:poise_beehive as it's serializer returned null
[11Mar2025 20:33:01.007] [main/INFO] [net.minecraft.world.item.crafting.RecipeManager/]: Skipping loading recipe atmospheric:laurel_sign_from_laurel_logs_sawing as it's serializer returned null
[11Mar2025 20:33:01.007] [main/INFO] [net.minecraft.world.item.crafting.RecipeManager/]: Skipping loading recipe productivebees:corail/woodcutter/magic_canvas_expansion_box as it's serializer returned null
[11Mar2025 20:33:01.010] [main/INFO] [net.minecraft.world.item.crafting.RecipeManager/]: Skipping loading recipe atmospheric:morado_pressure_plate_from_morado_logs_sawing as it's serializer returned null
[11Mar2025 20:33:01.011] [main/INFO] [net.minecraft.world.item.crafting.RecipeManager/]: Skipping loading recipe productivebees:hives/advanced_byg_maple_beehive as it's serializer returned null
[11Mar2025 20:33:01.011] [main/ERROR] [net.minecraft.world.item.crafting.RecipeManager/]: Parsing error loading recipe createbb:misc/smelt_zinc_dust
com.google.gson.JsonSyntaxException: Unknown item 'createbb:zinc_dust'
	at net.minecraft.world.item.crafting.ShapedRecipe.m_151280_(ShapedRecipe.java:292) ~[server-1.20.1-20230612.114412-srg.jar%23341!/:?]
	at java.util.Optional.orElseThrow(Optional.java:403) ~[?:?]
	at net.minecraft.world.item.crafting.ShapedRecipe.m_151278_(ShapedRecipe.java:291) ~[server-1.20.1-20230612.114412-srg.jar%23341!/:?]
	at net.minecraft.world.item.crafting.Ingredient.m_43919_(Ingredient.java:219) ~[server-1.20.1-20230612.114412-srg.jar%23341!/:?]
	at net.minecraftforge.common.crafting.VanillaIngredientSerializer.parse(VanillaIngredientSerializer.java:27) ~[forge-1.20.1-47.3.7-universal.jar%23346!/:?]
	at net.minecraftforge.common.crafting.CraftingHelper.getIngredient(CraftingHelper.java:148) ~[forge-1.20.1-47.3.7-universal.jar%23346!/:?]
	at net.minecraft.world.item.crafting.Ingredient.m_288218_(Ingredient.java:194) ~[server-1.20.1-20230612.114412-srg.jar%23341!/:?]
	at net.minecraft.world.item.crafting.SimpleCookingSerializer.m_6729_(SimpleCookingSerializer.java:24) ~[server-1.20.1-20230612.114412-srg.jar%23341!/:?]
	at net.minecraft.world.item.crafting.SimpleCookingSerializer.m_6729_(SimpleCookingSerializer.java:11) ~[server-1.20.1-20230612.114412-srg.jar%23341!/:?]
	at net.minecraftforge.common.extensions.IForgeRecipeSerializer.fromJson(IForgeRecipeSerializer.java:23) ~[forge-1.20.1-47.3.7-universal.jar%23346!/:?]
	at net.minecraft.world.item.crafting.RecipeManager.fromJson(RecipeManager.java:171) ~[server-1.20.1-20230612.114412-srg.jar%23341!/:?]
	at net.minecraft.world.item.crafting.RecipeManager.m_5787_(RecipeManager.java:67) ~[server-1.20.1-20230612.114412-srg.jar%23341!/:?]
	at net.minecraft.world.item.crafting.RecipeManager.m_5787_(RecipeManager.java:34) ~[server-1.20.1-20230612.114412-srg.jar%23341!/:?]
	at net.minecraft.server.packs.resources.SimplePreparableReloadListener.m_10789_(SimplePreparableReloadListener.java:13) ~[server-1.20.1-20230612.114412-srg.jar%23341!/:?]
	at java.util.concurrent.CompletableFuture$UniAccept.tryFire(CompletableFuture.java:718) ~[?:?]
	at java.util.concurrent.CompletableFuture$Completion.run(CompletableFuture.java:482) ~[?:?]
	at net.minecraft.server.packs.resources.SimpleReloadInstance.m_143940_(SimpleReloadInstance.java:69) ~[server-1.20.1-20230612.114412-srg.jar%23341!/:?]
	at net.minecraft.Util.m_214652_(Util.java:783) ~[server-1.20.1-20230612.114412-srg.jar%23341!/:?]
	at net.minecraft.Util.m_214679_(Util.java:772) ~[server-1.20.1-20230612.114412-srg.jar%23341!/:?]
	at net.minecraft.server.Main.main(Main.java:166) ~[server-1.20.1-20230612.114412-srg.jar%23341!/:?]
	at jdk.internal.reflect.NativeMethodAccessorImpl.invoke0(Native Method) ~[?:?]
	at jdk.internal.reflect.NativeMethodAccessorImpl.invoke(NativeMethodAccessorImpl.java:77) ~[?:?]
	at jdk.internal.reflect.DelegatingMethodAccessorImpl.invoke(DelegatingMethodAccessorImpl.java:43) ~[?:?]
	at java.lang.reflect.Method.invoke(Method.java:569) ~[?:?]
	at net.minecraftforge.fml.loading.targets.CommonLaunchHandler.runTarget(CommonLaunchHandler.java:111) ~[fmlloader-1.20.1-47.3.7.jar%2369!/:?]
	at net.minecraftforge.fml.loading.targets.CommonLaunchHandler.serverService(CommonLaunchHandler.java:103) ~[fmlloader-1.20.1-47.3.7.jar%2369!/:?]
	at net.minecraftforge.fml.loading.targets.CommonServerLaunchHandler.lambda$makeService$0(CommonServerLaunchHandler.java:27) ~[fmlloader-1.20.1-47.3.7.jar%2369!/:?]
	at cpw.mods.modlauncher.LaunchServiceHandlerDecorator.launch(LaunchServiceHandlerDecorator.java:30) ~[modlauncher-10.0.9.jar%2355!/:?]
	at cpw.mods.modlauncher.LaunchServiceHandler.launch(LaunchServiceHandler.java:53) ~[modlauncher-10.0.9.jar%2355!/:?]
	at cpw.mods.modlauncher.LaunchServiceHandler.launch(LaunchServiceHandler.java:71) ~[modlauncher-10.0.9.jar%2355!/:?]
	at cpw.mods.modlauncher.Launcher.run(Launcher.java:108) ~[modlauncher-10.0.9.jar%2355!/:?]
	at cpw.mods.modlauncher.Launcher.main(Launcher.java:78) ~[modlauncher-10.0.9.jar%2355!/:?]
	at cpw.mods.modlauncher.BootstrapLaunchConsumer.accept(BootstrapLaunchConsumer.java:26) ~[modlauncher-10.0.9.jar%2355!/:?]
	at cpw.mods.modlauncher.BootstrapLaunchConsumer.accept(BootstrapLaunchConsumer.java:23) ~[modlauncher-10.0.9.jar%2355!/:?]
	at cpw.mods.bootstraplauncher.BootstrapLauncher.main(BootstrapLauncher.java:141) ~[bootstraplauncher-1.1.2.jar:?]
[11Mar2025 20:33:01.012] [main/INFO] [net.minecraft.world.item.crafting.RecipeManager/]: Skipping loading recipe atmospheric:laurel_leaf_pile as it's serializer returned null
[11Mar2025 20:33:01.012] [main/INFO] [net.minecraft.world.item.crafting.RecipeManager/]: Skipping loading recipe productivebees:corail/woodcutter/crimson_canvas_hive as it's serializer returned null
[11Mar2025 20:33:01.012] [main/INFO] [net.minecraft.world.item.crafting.RecipeManager/]: Skipping loading recipe productivebees:corail/woodcutter/maple_canvas_expansion_box as it's serializer returned null
[11Mar2025 20:33:01.013] [main/WARN] [quark-zeta/]: Non-existent flag calcite being used
[11Mar2025 20:33:01.013] [main/INFO] [net.minecraft.world.item.crafting.RecipeManager/]: Skipping loading recipe atmospheric:laurel_pressure_plate_from_laurel_logs_sawing as it's serializer returned null
[11Mar2025 20:33:01.016] [main/INFO] [net.minecraft.world.item.crafting.RecipeManager/]: Skipping loading recipe atmospheric:laurel_furnace_boat as it's serializer returned null
[11Mar2025 20:33:01.016] [main/INFO] [net.minecraft.world.item.crafting.RecipeManager/]: Skipping loading recipe atmospheric:rosewood_ladder_from_rosewood_logs_sawing as it's serializer returned null
[11Mar2025 20:33:01.016] [main/INFO] [net.minecraft.world.item.crafting.RecipeManager/]: Skipping loading recipe atmospheric:kousa_planks_from_kousa_logs_sawing as it's serializer returned null
[11Mar2025 20:33:01.016] [main/INFO] [net.minecraft.world.item.crafting.RecipeManager/]: Skipping loading recipe productivebees:hives/advanced_byg_fir_beehive_clear as it's serializer returned null
[11Mar2025 20:33:01.017] [main/INFO] [net.minecraft.world.item.crafting.RecipeManager/]: Skipping loading recipe productivebees:hives/advanced_biomesoplenty_redwood_beehive_clear as it's serializer returned null
[11Mar2025 20:33:01.017] [main/INFO] [net.minecraft.world.item.crafting.RecipeManager/]: Skipping loading recipe productivebees:hives/advanced_byg_skyris_beehive_clear as it's serializer returned null
[11Mar2025 20:33:01.017] [main/INFO] [net.minecraft.world.item.crafting.RecipeManager/]: Skipping loading recipe environmental:pine_fence_gate_from_pine_logs_sawing as it's serializer returned null
[11Mar2025 20:33:01.017] [main/INFO] [net.minecraft.world.item.crafting.RecipeManager/]: Skipping loading recipe productivebees:corail/woodcutter/hellbark_canvas_hive as it's serializer returned null
[11Mar2025 20:33:01.017] [main/INFO] [net.minecraft.world.item.crafting.RecipeManager/]: Skipping loading recipe environmental:wisteria_sign_from_wisteria_logs_sawing as it's serializer returned null
[11Mar2025 20:33:01.017] [main/INFO] [net.minecraft.world.item.crafting.RecipeManager/]: Skipping loading recipe environmental:pine_ladder as it's serializer returned null
[11Mar2025 20:33:01.018] [main/INFO] [net.minecraft.world.item.crafting.RecipeManager/]: Skipping loading recipe productivebees:expansion_boxes/expansion_box_upgrade_aquatic_river as it's serializer returned null
[11Mar2025 20:33:01.021] [main/INFO] [net.minecraft.world.item.crafting.RecipeManager/]: Skipping loading recipe atmospheric:laurel_slab_from_laurel_logs_sawing as it's serializer returned null
[11Mar2025 20:33:01.021] [main/INFO] [net.minecraft.world.item.crafting.RecipeManager/]: Skipping loading recipe environmental:willow_furnace_boat as it's serializer returned null
[11Mar2025 20:33:01.022] [main/WARN] [quark-zeta/]: Non-existent flag calcite being used
[11Mar2025 20:33:01.023] [main/INFO] [net.minecraft.world.item.crafting.RecipeManager/]: Skipping loading recipe atmospheric:aspen_ladder_from_aspen_planks_sawing as it's serializer returned null
[11Mar2025 20:33:01.023] [main/INFO] [net.minecraft.world.item.crafting.RecipeManager/]: Skipping loading recipe productivebees:hives/advanced_byg_jacaranda_beehive_clear as it's serializer returned null
[11Mar2025 20:33:01.023] [main/INFO] [net.minecraft.world.item.crafting.RecipeManager/]: Skipping loading recipe atmospheric:trapped_morado_chest as it's serializer returned null
[11Mar2025 20:33:01.023] [main/INFO] [net.minecraft.world.item.crafting.RecipeManager/]: Skipping loading recipe atmospheric:kousa_furnace_boat as it's serializer returned null
[11Mar2025 20:33:01.024] [main/WARN] [quark-zeta/]: Non-existent flag tuff being used
[11Mar2025 20:33:01.024] [main/WARN] [quark-zeta/]: Non-existent flag dripstone being used
[11Mar2025 20:33:01.024] [main/INFO] [net.minecraft.world.item.crafting.RecipeManager/]: Skipping loading recipe atmospheric:chiseled_aspen_bookshelf as it's serializer returned null
[11Mar2025 20:33:01.024] [main/WARN] [quark-zeta/]: Non-existent flag calcite being used
[11Mar2025 20:33:01.024] [main/WARN] [quark-zeta/]: Non-existent flag tuff being used
[11Mar2025 20:33:01.025] [main/WARN] [quark-zeta/]: Non-existent flag tuff being used
[11Mar2025 20:33:01.025] [main/INFO] [net.minecraft.world.item.crafting.RecipeManager/]: Skipping loading recipe atmospheric:grimwood_ladder_from_grimwood_planks_sawing as it's serializer returned null
[11Mar2025 20:33:01.025] [main/INFO] [net.minecraft.world.item.crafting.RecipeManager/]: Skipping loading recipe atmospheric:kousa_button_from_kousa_logs_sawing as it's serializer returned null
[11Mar2025 20:33:01.026] [main/INFO] [net.minecraft.world.item.crafting.RecipeManager/]: Skipping loading recipe atmospheric:laurel_ladder_from_laurel_planks_sawing as it's serializer returned null
[11Mar2025 20:33:01.026] [main/WARN] [quark-zeta/]: Non-existent flag dripstone being used
[11Mar2025 20:33:01.026] [main/INFO] [net.minecraft.world.item.crafting.RecipeManager/]: Skipping loading recipe atmospheric:rosewood_button_from_rosewood_planks_sawing as it's serializer returned null
[11Mar2025 20:33:01.027] [main/WARN] [quark-zeta/]: Non-existent flag diorite being used
[11Mar2025 20:33:01.027] [main/INFO] [net.minecraft.world.item.crafting.RecipeManager/]: Skipping loading recipe productivebees:hives/advanced_regions_unexplored_magnolia_beehive as it's serializer returned null
[11Mar2025 20:33:01.027] [main/INFO] [net.minecraft.world.item.crafting.RecipeManager/]: Skipping loading recipe productivebees:corail/woodcutter/palm_canvas_expansion_box as it's serializer returned null
[11Mar2025 20:33:01.030] [main/INFO] [net.minecraft.world.item.crafting.RecipeManager/]: Skipping loading recipe atmospheric:morado_boards_from_morado_planks_sawing as it's serializer returned null
[11Mar2025 20:33:01.031] [main/WARN] [quark-zeta/]: Non-existent flag andesite being used
[11Mar2025 20:33:01.031] [main/INFO] [net.minecraft.world.item.crafting.RecipeManager/]: Skipping loading recipe productivebees:corail/woodcutter/redwood_canvas_expansion_box as it's serializer returned null
[11Mar2025 20:33:01.031] [main/WARN] [quark-zeta/]: Non-existent flag calcite being used
[11Mar2025 20:33:01.031] [main/INFO] [net.minecraft.world.item.crafting.RecipeManager/]: Skipping loading recipe atmospheric:morado_sign_from_morado_logs_sawing as it's serializer returned null
[11Mar2025 20:33:01.031] [main/INFO] [net.minecraft.world.item.crafting.RecipeManager/]: Skipping loading recipe environmental:willow_fence_from_willow_planks_sawing as it's serializer returned null
[11Mar2025 20:33:01.031] [main/INFO] [net.minecraft.world.item.crafting.RecipeManager/]: Skipping loading recipe productivebees:expansion_boxes/expansion_box_byg_skyris as it's serializer returned null
[11Mar2025 20:33:01.031] [main/INFO] [net.minecraft.world.item.crafting.RecipeManager/]: Skipping loading recipe environmental:pine_boards as it's serializer returned null
[11Mar2025 20:33:01.031] [main/WARN] [quark-zeta/]: Non-existent flag diorite being used
[11Mar2025 20:33:01.032] [main/INFO] [net.minecraft.world.item.crafting.RecipeManager/]: Skipping loading recipe atmospheric:rosewood_fence_gate_from_rosewood_logs_sawing as it's serializer returned null
[11Mar2025 20:33:01.032] [main/WARN] [quark-zeta/]: Non-existent flag granite being used
[11Mar2025 20:33:01.032] [main/INFO] [net.minecraft.world.item.crafting.RecipeManager/]: Skipping loading recipe productivebees:hives/advanced_biomesoplenty_fir_beehive_clear as it's serializer returned null
[11Mar2025 20:33:01.033] [main/INFO] [net.minecraft.world.item.crafting.RecipeManager/]: Skipping loading recipe atmospheric:rosewood_door_from_rosewood_logs_sawing as it's serializer returned null
[11Mar2025 20:33:01.033] [main/INFO] [net.minecraft.world.item.crafting.RecipeManager/]: Skipping loading recipe atmospheric:grimwood_furnace_boat as it's serializer returned null
[11Mar2025 20:33:01.035] [main/WARN] [quark-zeta/]: Non-existent flag calcite being used
[11Mar2025 20:33:01.035] [main/INFO] [net.minecraft.world.item.crafting.RecipeManager/]: Skipping loading recipe productivebees:corail/woodcutter/river_canvas_expansion_box as it's serializer returned null
[11Mar2025 20:33:01.035] [main/INFO] [net.minecraft.world.item.crafting.RecipeManager/]: Skipping loading recipe productivebees:corail/woodcutter/wisteria_canvas_expansion_box as it's serializer returned null
[11Mar2025 20:33:01.036] [main/INFO] [net.minecraft.world.item.crafting.RecipeManager/]: Skipping loading recipe atmospheric:currant_leaves_from_leaf_piles as it's serializer returned null
[11Mar2025 20:33:01.036] [main/WARN] [quark-zeta/]: Non-existent flag diorite being used
[11Mar2025 20:33:01.036] [main/INFO] [net.minecraft.world.item.crafting.RecipeManager/]: Skipping loading recipe productivebees:expansion_boxes/expansion_box_regions_unexplored_palm as it's serializer returned null
[11Mar2025 20:33:01.037] [main/INFO] [net.minecraft.world.item.crafting.RecipeManager/]: Skipping loading recipe environmental:wisteria_fence_from_wisteria_planks_sawing as it's serializer returned null
[11Mar2025 20:33:01.037] [main/WARN] [quark-zeta/]: Non-existent flag dripstone being used
[11Mar2025 20:33:01.037] [main/WARN] [quark-zeta/]: Non-existent flag calcite being used
[11Mar2025 20:33:01.037] [main/INFO] [net.minecraft.world.item.crafting.RecipeManager/]: Skipping loading recipe productivebees:corail/woodcutter/river_canvas_hive as it's serializer returned null
[11Mar2025 20:33:01.038] [main/INFO] [net.minecraft.world.item.crafting.RecipeManager/]: Skipping loading recipe environmental:pine_button_from_pine_planks_sawing as it's serializer returned null
[11Mar2025 20:33:01.039] [main/INFO] [net.minecraft.world.item.crafting.RecipeManager/]: Skipping loading recipe productivebees:corail/woodcutter/hellbark_canvas_expansion_box as it's serializer returned null
[11Mar2025 20:33:01.040] [main/INFO] [net.minecraft.world.item.crafting.RecipeManager/]: Skipping loading recipe environmental:willow_sign_from_willow_logs_sawing as it's serializer returned null
[11Mar2025 20:33:01.040] [main/INFO] [net.minecraft.world.item.crafting.RecipeManager/]: Skipping loading recipe environmental:cherries as it's serializer returned null
[11Mar2025 20:33:01.040] [main/INFO] [net.minecraft.world.item.crafting.RecipeManager/]: Skipping loading recipe atmospheric:rosewood_stairs_from_rosewood_logs_sawing as it's serializer returned null
[11Mar2025 20:33:01.040] [main/INFO] [net.minecraft.world.item.crafting.RecipeManager/]: Skipping loading recipe atmospheric:rosewood_furnace_boat as it's serializer returned null
[11Mar2025 20:33:01.041] [main/INFO] [net.minecraft.world.item.crafting.RecipeManager/]: Skipping loading recipe atmospheric:laurel_ladder as it's serializer returned null
[11Mar2025 20:33:01.041] [main/INFO] [net.minecraft.world.item.crafting.RecipeManager/]: Skipping loading recipe productivebees:expansion_boxes/expansion_box_byg_white_mangrove as it's serializer returned null
[11Mar2025 20:33:01.041] [main/INFO] [net.minecraft.world.item.crafting.RecipeManager/]: Skipping loading recipe productivebees:expansion_boxes/expansion_box_regions_unexplored_larch as it's serializer returned null
[11Mar2025 20:33:01.044] [main/INFO] [net.minecraft.world.item.crafting.RecipeManager/]: Skipping loading recipe atmospheric:yucca_ladder as it's serializer returned null
[11Mar2025 20:33:01.044] [main/WARN] [quark-zeta/]: Non-existent flag diorite being used
[11Mar2025 20:33:01.044] [main/WARN] [quark-zeta/]: Non-existent flag calcite being used
[11Mar2025 20:33:01.044] [main/WARN] [quark-zeta/]: Non-existent flag calcite being used
[11Mar2025 20:33:01.047] [main/INFO] [net.minecraft.world.item.crafting.RecipeManager/]: Skipping loading recipe atmospheric:kousa_ladder_from_kousa_planks_sawing as it's serializer returned null
[11Mar2025 20:33:01.048] [main/INFO] [net.minecraft.world.item.crafting.RecipeManager/]: Skipping loading recipe atmospheric:yucca_fence_gate_from_yucca_logs_sawing as it's serializer returned null
[11Mar2025 20:33:01.048] [main/INFO] [net.minecraft.world.item.crafting.RecipeManager/]: Skipping loading recipe productivebees:corail/woodcutter/magic_canvas_hive as it's serializer returned null
[11Mar2025 20:33:01.048] [main/WARN] [quark-zeta/]: Non-existent flag dripstone being used
[11Mar2025 20:33:01.048] [main/INFO] [net.minecraft.world.item.crafting.RecipeManager/]: Skipping loading recipe productivebees:hives/advanced_byg_zelkova_beehive_clear as it's serializer returned null
[11Mar2025 20:33:01.049] [main/INFO] [net.minecraft.world.item.crafting.RecipeManager/]: Skipping loading recipe productivebees:corail/woodcutter/bamboo_canvas_expansion_box as it's serializer returned null
[11Mar2025 20:33:01.049] [main/INFO] [net.minecraft.world.item.crafting.RecipeManager/]: Skipping loading recipe environmental:willow_slab_from_willow_planks_sawing as it's serializer returned null
[11Mar2025 20:33:01.049] [main/INFO] [net.minecraft.world.item.crafting.RecipeManager/]: Skipping loading recipe atmospheric:aspen_leaf_pile as it's serializer returned null
[11Mar2025 20:33:01.049] [main/INFO] [net.minecraft.world.item.crafting.RecipeManager/]: Skipping loading recipe productivebees:expansion_boxes/expansion_box_regions_unexplored_green_bioshroom as it's serializer returned null
[11Mar2025 20:33:01.049] [main/INFO] [net.minecraft.world.item.crafting.RecipeManager/]: Skipping loading recipe endergetic:poise_fence_gate_from_poise_stems_sawing as it's serializer returned null
[11Mar2025 20:33:01.049] [main/INFO] [net.minecraft.world.item.crafting.RecipeManager/]: Skipping loading recipe productivebees:hives/advanced_biomesoplenty_jacaranda_beehive as it's serializer returned null
[11Mar2025 20:33:01.050] [main/INFO] [net.minecraft.world.item.crafting.RecipeManager/]: Skipping loading recipe productivebees:expansion_boxes/expansion_box_byg_nightshade as it's serializer returned null
[11Mar2025 20:33:01.050] [main/INFO] [net.minecraft.world.item.crafting.RecipeManager/]: Skipping loading recipe environmental:wisteria_fence_gate_from_wisteria_logs_sawing as it's serializer returned null
[11Mar2025 20:33:01.050] [main/INFO] [net.minecraft.world.item.crafting.RecipeManager/]: Skipping loading recipe environmental:pine_ladder_from_pine_logs_sawing as it's serializer returned null
[11Mar2025 20:33:01.050] [main/INFO] [net.minecraft.world.item.crafting.RecipeManager/]: Skipping loading recipe environmental:willow_bookshelf as it's serializer returned null
[11Mar2025 20:33:01.050] [main/INFO] [net.minecraft.world.item.crafting.RecipeManager/]: Skipping loading recipe productivebees:hives/advanced_byg_ether_beehive as it's serializer returned null
[11Mar2025 20:33:01.051] [main/INFO] [net.minecraft.world.item.crafting.RecipeManager/]: Skipping loading recipe atmospheric:rosewood_trapdoor_from_rosewood_logs_sawing as it's serializer returned null
[11Mar2025 20:33:01.053] [main/INFO] [net.minecraft.world.item.crafting.RecipeManager/]: Skipping loading recipe productivebees:expansion_boxes/expansion_box_biomesoplenty_palm as it's serializer returned null
[11Mar2025 20:33:01.053] [main/INFO] [net.minecraft.world.item.crafting.RecipeManager/]: Skipping loading recipe atmospheric:chiseled_kousa_bookshelf as it's serializer returned null
[11Mar2025 20:33:01.053] [main/INFO] [net.minecraft.world.item.crafting.RecipeManager/]: Skipping loading recipe atmospheric:yucca_boards as it's serializer returned null
[11Mar2025 20:33:01.053] [main/WARN] [quark-zeta/]: Non-existent flag andesite being used
[11Mar2025 20:33:01.054] [main/INFO] [net.minecraft.world.item.crafting.RecipeManager/]: Skipping loading recipe atmospheric:kousa_stairs_from_kousa_planks_sawing as it's serializer returned null
[11Mar2025 20:33:01.054] [main/INFO] [net.minecraft.world.item.crafting.RecipeManager/]: Skipping loading recipe atmospheric:morado_ladder as it's serializer returned null
[11Mar2025 20:33:01.056] [main/INFO] [net.minecraft.world.item.crafting.RecipeManager/]: Skipping loading recipe productivebees:hives/advanced_byg_ether_beehive_clear as it's serializer returned null
[11Mar2025 20:33:01.056] [main/INFO] [net.minecraft.world.item.crafting.RecipeManager/]: Skipping loading recipe productivebees:corail/woodcutter/mangrove_canvas_expansion_box as it's serializer returned null
[11Mar2025 20:33:01.056] [main/INFO] [net.minecraft.world.item.crafting.RecipeManager/]: Skipping loading recipe atmospheric:rosewood_boards as it's serializer returned null
[11Mar2025 20:33:01.057] [main/INFO] [net.minecraft.world.item.crafting.RecipeManager/]: Skipping loading recipe atmospheric:glass_pane_from_baking as it's serializer returned null
[11Mar2025 20:33:01.057] [main/INFO] [net.minecraft.world.item.crafting.RecipeManager/]: Skipping loading recipe productivebees:corail/woodcutter/palm_canvas_hive as it's serializer returned null
[11Mar2025 20:33:01.057] [main/INFO] [net.minecraft.world.item.crafting.RecipeManager/]: Skipping loading recipe productivebees:hives/advanced_byg_zelkova_beehive as it's serializer returned null
[11Mar2025 20:33:01.058] [main/INFO] [net.minecraft.world.item.crafting.RecipeManager/]: Skipping loading recipe atmospheric:aspen_stairs_from_aspen_logs_sawing as it's serializer returned null
[11Mar2025 20:33:01.058] [main/INFO] [net.minecraft.world.item.crafting.RecipeManager/]: Skipping loading recipe productivebees:hives/advanced_byg_sythian_beehive_clear as it's serializer returned null
[11Mar2025 20:33:01.058] [main/INFO] [net.minecraft.world.item.crafting.RecipeManager/]: Skipping loading recipe atmospheric:aspen_sign_from_aspen_logs_sawing as it's serializer returned null
[11Mar2025 20:33:01.059] [main/WARN] [quark-zeta/]: Non-existent flag tuff being used
[11Mar2025 20:33:01.059] [main/WARN] [quark-zeta/]: Non-existent flag dripstone being used
[11Mar2025 20:33:01.060] [main/INFO] [net.minecraft.world.item.crafting.RecipeManager/]: Skipping loading recipe endergetic:poise_boards as it's serializer returned null
[11Mar2025 20:33:01.060] [main/INFO] [net.minecraft.world.item.crafting.RecipeManager/]: Skipping loading recipe environmental:wisteria_button_from_wisteria_logs_sawing as it's serializer returned null
[11Mar2025 20:33:01.061] [main/INFO] [net.minecraft.world.item.crafting.RecipeManager/]: Skipping loading recipe atmospheric:laurel_stairs_from_laurel_logs_sawing as it's serializer returned null
[11Mar2025 20:33:01.062] [main/INFO] [net.minecraft.world.item.crafting.RecipeManager/]: Skipping loading recipe productivebees:expansion_boxes/expansion_box_byg_aspen as it's serializer returned null
[11Mar2025 20:33:01.062] [main/WARN] [quark-zeta/]: Non-existent flag calcite being used
[11Mar2025 20:33:01.063] [main/INFO] [net.minecraft.world.item.crafting.RecipeManager/]: Skipping loading recipe endergetic:poise_sign_from_poise_stems_sawing as it's serializer returned null
[11Mar2025 20:33:01.064] [main/INFO] [net.minecraft.world.item.crafting.RecipeManager/]: Skipping loading recipe productivebees:expansion_boxes/expansion_box_regions_unexplored_blackwood as it's serializer returned null
[11Mar2025 20:33:01.064] [main/WARN] [quark-zeta/]: Non-existent flag dripstone being used
[11Mar2025 20:33:01.065] [main/INFO] [net.minecraft.world.item.crafting.RecipeManager/]: Skipping loading recipe atmospheric:grimwood_fence_gate_from_grimwood_logs_sawing as it's serializer returned null
[11Mar2025 20:33:01.065] [main/INFO] [net.minecraft.world.item.crafting.RecipeManager/]: Skipping loading recipe endergetic:poise_stairs_from_poise_stems_sawing as it's serializer returned null
[11Mar2025 20:33:01.066] [main/INFO] [net.minecraft.world.item.crafting.RecipeManager/]: Skipping loading recipe productivebees:hives/advanced_regions_unexplored_eucalyptus_beehive as it's serializer returned null
[11Mar2025 20:33:01.066] [main/INFO] [net.minecraft.world.item.crafting.RecipeManager/]: Skipping loading recipe productivebees:corail/woodcutter/dark_oak_canvas_hive as it's serializer returned null
[11Mar2025 20:33:01.067] [main/INFO] [net.minecraft.world.item.crafting.RecipeManager/]: Skipping loading recipe environmental:large_wisteria_boat as it's serializer returned null
[11Mar2025 20:33:01.067] [main/WARN] [quark-zeta/]: Non-existent flag granite being used
[11Mar2025 20:33:01.068] [main/INFO] [net.minecraft.world.item.crafting.RecipeManager/]: Skipping loading recipe endergetic:poise_bookshelf as it's serializer returned null
[11Mar2025 20:33:01.068] [main/INFO] [net.minecraft.world.item.crafting.RecipeManager/]: Skipping loading recipe environmental:willow_boards_from_willow_planks_sawing as it's serializer returned null
[11Mar2025 20:33:01.068] [main/INFO] [net.minecraft.world.item.crafting.RecipeManager/]: Skipping loading recipe environmental:duck_egg_crate as it's serializer returned null
[11Mar2025 20:33:01.069] [main/INFO] [net.minecraft.world.item.crafting.RecipeManager/]: Skipping loading recipe productivebees:expansion_boxes/expansion_box_byg_embur as it's serializer returned null
[11Mar2025 20:33:01.069] [main/INFO] [net.minecraft.world.item.crafting.RecipeManager/]: Skipping loading recipe atmospheric:rosewood_fence_from_rosewood_logs_sawing as it's serializer returned null
[11Mar2025 20:33:01.070] [main/ERROR] [net.minecraft.world.item.crafting.RecipeManager/]: Parsing error loading recipe create:cutting/compat/environmental/stripped_cherry_wood
com.google.gson.JsonSyntaxException: Unknown item 'environmental:stripped_cherry_wood'
	at net.minecraft.world.item.crafting.ShapedRecipe.m_151280_(ShapedRecipe.java:292) ~[server-1.20.1-20230612.114412-srg.jar%23341!/:?]
	at java.util.Optional.orElseThrow(Optional.java:403) ~[?:?]
	at net.minecraft.world.item.crafting.ShapedRecipe.m_151278_(ShapedRecipe.java:291) ~[server-1.20.1-20230612.114412-srg.jar%23341!/:?]
	at net.minecraft.world.item.crafting.Ingredient.m_43919_(Ingredient.java:219) ~[server-1.20.1-20230612.114412-srg.jar%23341!/:?]
	at net.minecraftforge.common.crafting.VanillaIngredientSerializer.parse(VanillaIngredientSerializer.java:27) ~[forge-1.20.1-47.3.7-universal.jar%23346!/:?]
	at net.minecraftforge.common.crafting.CraftingHelper.getIngredient(CraftingHelper.java:148) ~[forge-1.20.1-47.3.7-universal.jar%23346!/:?]
	at net.minecraft.world.item.crafting.Ingredient.m_288218_(Ingredient.java:194) ~[server-1.20.1-20230612.114412-srg.jar%23341!/:?]
	at net.minecraft.world.item.crafting.Ingredient.m_43917_(Ingredient.java:189) ~[server-1.20.1-20230612.114412-srg.jar%23341!/:?]
	at com.simibubi.create.content.processing.recipe.ProcessingRecipeSerializer.readFromJson(ProcessingRecipeSerializer.java:66) ~[create-1.20.1-0.5.1.j.jar%23246!/:0.5.1.j]
	at com.simibubi.create.content.processing.recipe.ProcessingRecipeSerializer.fromJson(ProcessingRecipeSerializer.java:154) ~[create-1.20.1-0.5.1.j.jar%23246!/:0.5.1.j]
	at com.simibubi.create.content.processing.recipe.ProcessingRecipeSerializer.m_6729_(ProcessingRecipeSerializer.java:21) ~[create-1.20.1-0.5.1.j.jar%23246!/:0.5.1.j]
	at net.minecraftforge.common.extensions.IForgeRecipeSerializer.fromJson(IForgeRecipeSerializer.java:23) ~[forge-1.20.1-47.3.7-universal.jar%23346!/:?]
	at net.minecraft.world.item.crafting.RecipeManager.fromJson(RecipeManager.java:171) ~[server-1.20.1-20230612.114412-srg.jar%23341!/:?]
	at net.minecraft.world.item.crafting.RecipeManager.m_5787_(RecipeManager.java:67) ~[server-1.20.1-20230612.114412-srg.jar%23341!/:?]
	at net.minecraft.world.item.crafting.RecipeManager.m_5787_(RecipeManager.java:34) ~[server-1.20.1-20230612.114412-srg.jar%23341!/:?]
	at net.minecraft.server.packs.resources.SimplePreparableReloadListener.m_10789_(SimplePreparableReloadListener.java:13) ~[server-1.20.1-20230612.114412-srg.jar%23341!/:?]
	at java.util.concurrent.CompletableFuture$UniAccept.tryFire(CompletableFuture.java:718) ~[?:?]
	at java.util.concurrent.CompletableFuture$Completion.run(CompletableFuture.java:482) ~[?:?]
	at net.minecraft.server.packs.resources.SimpleReloadInstance.m_143940_(SimpleReloadInstance.java:69) ~[server-1.20.1-20230612.114412-srg.jar%23341!/:?]
	at net.minecraft.Util.m_214652_(Util.java:783) ~[server-1.20.1-20230612.114412-srg.jar%23341!/:?]
	at net.minecraft.Util.m_214679_(Util.java:772) ~[server-1.20.1-20230612.114412-srg.jar%23341!/:?]
	at net.minecraft.server.Main.main(Main.java:166) ~[server-1.20.1-20230612.114412-srg.jar%23341!/:?]
	at jdk.internal.reflect.NativeMethodAccessorImpl.invoke0(Native Method) ~[?:?]
	at jdk.internal.reflect.NativeMethodAccessorImpl.invoke(NativeMethodAccessorImpl.java:77) ~[?:?]
	at jdk.internal.reflect.DelegatingMethodAccessorImpl.invoke(DelegatingMethodAccessorImpl.java:43) ~[?:?]
	at java.lang.reflect.Method.invoke(Method.java:569) ~[?:?]
	at net.minecraftforge.fml.loading.targets.CommonLaunchHandler.runTarget(CommonLaunchHandler.java:111) ~[fmlloader-1.20.1-47.3.7.jar%2369!/:?]
	at net.minecraftforge.fml.loading.targets.CommonLaunchHandler.serverService(CommonLaunchHandler.java:103) ~[fmlloader-1.20.1-47.3.7.jar%2369!/:?]
	at net.minecraftforge.fml.loading.targets.CommonServerLaunchHandler.lambda$makeService$0(CommonServerLaunchHandler.java:27) ~[fmlloader-1.20.1-47.3.7.jar%2369!/:?]
	at cpw.mods.modlauncher.LaunchServiceHandlerDecorator.launch(LaunchServiceHandlerDecorator.java:30) ~[modlauncher-10.0.9.jar%2355!/:?]
	at cpw.mods.modlauncher.LaunchServiceHandler.launch(LaunchServiceHandler.java:53) ~[modlauncher-10.0.9.jar%2355!/:?]
	at cpw.mods.modlauncher.LaunchServiceHandler.launch(LaunchServiceHandler.java:71) ~[modlauncher-10.0.9.jar%2355!/:?]
	at cpw.mods.modlauncher.Launcher.run(Launcher.java:108) ~[modlauncher-10.0.9.jar%2355!/:?]
	at cpw.mods.modlauncher.Launcher.main(Launcher.java:78) ~[modlauncher-10.0.9.jar%2355!/:?]
	at cpw.mods.modlauncher.BootstrapLaunchConsumer.accept(BootstrapLaunchConsumer.java:26) ~[modlauncher-10.0.9.jar%2355!/:?]
	at cpw.mods.modlauncher.BootstrapLaunchConsumer.accept(BootstrapLaunchConsumer.java:23) ~[modlauncher-10.0.9.jar%2355!/:?]
	at cpw.mods.bootstraplauncher.BootstrapLauncher.main(BootstrapLauncher.java:141) ~[bootstraplauncher-1.1.2.jar:?]
[11Mar2025 20:33:01.071] [main/WARN] [quark-zeta/]: Non-existent flag dripstone being used
[11Mar2025 20:33:01.071] [main/INFO] [net.minecraft.world.item.crafting.RecipeManager/]: Skipping loading recipe productivebees:hives/advanced_regions_unexplored_larch_beehive as it's serializer returned null
[11Mar2025 20:33:01.072] [main/INFO] [net.minecraft.world.item.crafting.RecipeManager/]: Skipping loading recipe atmospheric:aspen_button_from_aspen_logs_sawing as it's serializer returned null
[11Mar2025 20:33:01.072] [main/INFO] [net.minecraft.world.item.crafting.RecipeManager/]: Skipping loading recipe productivebees:expansion_boxes/expansion_box_byg_blue_enchanted as it's serializer returned null
[11Mar2025 20:33:01.072] [main/INFO] [net.minecraft.world.item.crafting.RecipeManager/]: Skipping loading recipe productivebees:hives/advanced_byg_aspen_beehive_clear as it's serializer returned null
[11Mar2025 20:33:01.073] [main/WARN] [quark-zeta/]: Non-existent flag dripstone being used
[11Mar2025 20:33:01.073] [main/INFO] [net.minecraft.world.item.crafting.RecipeManager/]: Skipping loading recipe atmospheric:yucca_bookshelf as it's serializer returned null
[11Mar2025 20:33:01.073] [main/WARN] [quark-zeta/]: Non-existent flag calcite being used
[11Mar2025 20:33:01.073] [main/INFO] [net.minecraft.world.item.crafting.RecipeManager/]: Skipping loading recipe productivebees:corail/woodcutter/aspen_canvas_hive as it's serializer returned null
[11Mar2025 20:33:01.074] [main/INFO] [net.minecraft.world.item.crafting.RecipeManager/]: Skipping loading recipe environmental:plum_boards_from_plum_logs_sawing as it's serializer returned null
[11Mar2025 20:33:01.074] [main/WARN] [quark-zeta/]: Non-existent flag dripstone being used
[11Mar2025 20:33:01.074] [main/ERROR] [net.minecraft.world.item.crafting.RecipeManager/]: Parsing error loading recipe create:cutting/compat/nethers_exoticism/stripped_ramboutan_log
com.google.gson.JsonSyntaxException: Unknown item 'nethers_exoticism:stripped_ramboutan_log'
	at net.minecraft.world.item.crafting.ShapedRecipe.m_151280_(ShapedRecipe.java:292) ~[server-1.20.1-20230612.114412-srg.jar%23341!/:?]
	at java.util.Optional.orElseThrow(Optional.java:403) ~[?:?]
	at net.minecraft.world.item.crafting.ShapedRecipe.m_151278_(ShapedRecipe.java:291) ~[server-1.20.1-20230612.114412-srg.jar%23341!/:?]
	at net.minecraft.world.item.crafting.Ingredient.m_43919_(Ingredient.java:219) ~[server-1.20.1-20230612.114412-srg.jar%23341!/:?]
	at net.minecraftforge.common.crafting.VanillaIngredientSerializer.parse(VanillaIngredientSerializer.java:27) ~[forge-1.20.1-47.3.7-universal.jar%23346!/:?]
	at net.minecraftforge.common.crafting.CraftingHelper.getIngredient(CraftingHelper.java:148) ~[forge-1.20.1-47.3.7-universal.jar%23346!/:?]
	at net.minecraft.world.item.crafting.Ingredient.m_288218_(Ingredient.java:194) ~[server-1.20.1-20230612.114412-srg.jar%23341!/:?]
	at net.minecraft.world.item.crafting.Ingredient.m_43917_(Ingredient.java:189) ~[server-1.20.1-20230612.114412-srg.jar%23341!/:?]
	at com.simibubi.create.content.processing.recipe.ProcessingRecipeSerializer.readFromJson(ProcessingRecipeSerializer.java:66) ~[create-1.20.1-0.5.1.j.jar%23246!/:0.5.1.j]
	at com.simibubi.create.content.processing.recipe.ProcessingRecipeSerializer.fromJson(ProcessingRecipeSerializer.java:154) ~[create-1.20.1-0.5.1.j.jar%23246!/:0.5.1.j]
	at com.simibubi.create.content.processing.recipe.ProcessingRecipeSerializer.m_6729_(ProcessingRecipeSerializer.java:21) ~[create-1.20.1-0.5.1.j.jar%23246!/:0.5.1.j]
	at net.minecraftforge.common.extensions.IForgeRecipeSerializer.fromJson(IForgeRecipeSerializer.java:23) ~[forge-1.20.1-47.3.7-universal.jar%23346!/:?]
	at net.minecraft.world.item.crafting.RecipeManager.fromJson(RecipeManager.java:171) ~[server-1.20.1-20230612.114412-srg.jar%23341!/:?]
	at net.minecraft.world.item.crafting.RecipeManager.m_5787_(RecipeManager.java:67) ~[server-1.20.1-20230612.114412-srg.jar%23341!/:?]
	at net.minecraft.world.item.crafting.RecipeManager.m_5787_(RecipeManager.java:34) ~[server-1.20.1-20230612.114412-srg.jar%23341!/:?]
	at net.minecraft.server.packs.resources.SimplePreparableReloadListener.m_10789_(SimplePreparableReloadListener.java:13) ~[server-1.20.1-20230612.114412-srg.jar%23341!/:?]
	at java.util.concurrent.CompletableFuture$UniAccept.tryFire(CompletableFuture.java:718) ~[?:?]
	at java.util.concurrent.CompletableFuture$Completion.run(CompletableFuture.java:482) ~[?:?]
	at net.minecraft.server.packs.resources.SimpleReloadInstance.m_143940_(SimpleReloadInstance.java:69) ~[server-1.20.1-20230612.114412-srg.jar%23341!/:?]
	at net.minecraft.Util.m_214652_(Util.java:783) ~[server-1.20.1-20230612.114412-srg.jar%23341!/:?]
	at net.minecraft.Util.m_214679_(Util.java:772) ~[server-1.20.1-20230612.114412-srg.jar%23341!/:?]
	at net.minecraft.server.Main.main(Main.java:166) ~[server-1.20.1-20230612.114412-srg.jar%23341!/:?]
	at jdk.internal.reflect.NativeMethodAccessorImpl.invoke0(Native Method) ~[?:?]
	at jdk.internal.reflect.NativeMethodAccessorImpl.invoke(NativeMethodAccessorImpl.java:77) ~[?:?]
	at jdk.internal.reflect.DelegatingMethodAccessorImpl.invoke(DelegatingMethodAccessorImpl.java:43) ~[?:?]
	at java.lang.reflect.Method.invoke(Method.java:569) ~[?:?]
	at net.minecraftforge.fml.loading.targets.CommonLaunchHandler.runTarget(CommonLaunchHandler.java:111) ~[fmlloader-1.20.1-47.3.7.jar%2369!/:?]
	at net.minecraftforge.fml.loading.targets.CommonLaunchHandler.serverService(CommonLaunchHandler.java:103) ~[fmlloader-1.20.1-47.3.7.jar%2369!/:?]
	at net.minecraftforge.fml.loading.targets.CommonServerLaunchHandler.lambda$makeService$0(CommonServerLaunchHandler.java:27) ~[fmlloader-1.20.1-47.3.7.jar%2369!/:?]
	at cpw.mods.modlauncher.LaunchServiceHandlerDecorator.launch(LaunchServiceHandlerDecorator.java:30) ~[modlauncher-10.0.9.jar%2355!/:?]
	at cpw.mods.modlauncher.LaunchServiceHandler.launch(LaunchServiceHandler.java:53) ~[modlauncher-10.0.9.jar%2355!/:?]
	at cpw.mods.modlauncher.LaunchServiceHandler.launch(LaunchServiceHandler.java:71) ~[modlauncher-10.0.9.jar%2355!/:?]
	at cpw.mods.modlauncher.Launcher.run(Launcher.java:108) ~[modlauncher-10.0.9.jar%2355!/:?]
	at cpw.mods.modlauncher.Launcher.main(Launcher.java:78) ~[modlauncher-10.0.9.jar%2355!/:?]
	at cpw.mods.modlauncher.BootstrapLaunchConsumer.accept(BootstrapLaunchConsumer.java:26) ~[modlauncher-10.0.9.jar%2355!/:?]
	at cpw.mods.modlauncher.BootstrapLaunchConsumer.accept(BootstrapLaunchConsumer.java:23) ~[modlauncher-10.0.9.jar%2355!/:?]
	at cpw.mods.bootstraplauncher.BootstrapLauncher.main(BootstrapLauncher.java:141) ~[bootstraplauncher-1.1.2.jar:?]
[11Mar2025 20:33:01.075] [main/INFO] [net.minecraft.world.item.crafting.RecipeManager/]: Skipping loading recipe atmospheric:grimwood_planks_from_grimwood_logs_sawing as it's serializer returned null
[11Mar2025 20:33:01.076] [main/INFO] [net.minecraft.world.item.crafting.RecipeManager/]: Skipping loading recipe productivebees:hives/advanced_regions_unexplored_socotra_beehive as it's serializer returned null
[11Mar2025 20:33:01.076] [main/WARN] [quark-zeta/]: Non-existent flag tuff being used
[11Mar2025 20:33:01.076] [main/INFO] [net.minecraft.world.item.crafting.RecipeManager/]: Skipping loading recipe productivebees:expansion_boxes/expansion_box_biomesoplenty_fir as it's serializer returned null
[11Mar2025 20:33:01.079] [main/INFO] [net.minecraft.world.item.crafting.RecipeManager/]: Skipping loading recipe atmospheric:large_grimwood_boat as it's serializer returned null
[11Mar2025 20:33:01.080] [main/INFO] [net.minecraft.world.item.crafting.RecipeManager/]: Skipping loading recipe environmental:willow_slab_from_willow_logs_sawing as it's serializer returned null
[11Mar2025 20:33:01.080] [main/INFO] [net.minecraft.world.item.crafting.RecipeManager/]: Skipping loading recipe environmental:pine_trapdoor_from_pine_logs_sawing as it's serializer returned null
[11Mar2025 20:33:01.080] [main/INFO] [net.minecraft.world.item.crafting.RecipeManager/]: Skipping loading recipe atmospheric:aspen_boards as it's serializer returned null
[11Mar2025 20:33:01.081] [main/INFO] [net.minecraft.world.item.crafting.RecipeManager/]: Skipping loading recipe productivebees:corail/woodcutter/grimwood_canvas_hive as it's serializer returned null
[11Mar2025 20:33:01.081] [main/INFO] [net.minecraft.world.item.crafting.RecipeManager/]: Skipping loading recipe atmospheric:yucca_stairs_from_yucca_logs_sawing as it's serializer returned null
[11Mar2025 20:33:01.081] [main/WARN] [quark-zeta/]: Non-existent flag calcite being used
[11Mar2025 20:33:01.082] [main/ERROR] [net.minecraft.world.item.crafting.RecipeManager/]: Parsing error loading recipe createbb:misc/smelt_copper_dust
com.google.gson.JsonSyntaxException: Unknown item 'createbb:copper_dust'
	at net.minecraft.world.item.crafting.ShapedRecipe.m_151280_(ShapedRecipe.java:292) ~[server-1.20.1-20230612.114412-srg.jar%23341!/:?]
	at java.util.Optional.orElseThrow(Optional.java:403) ~[?:?]
	at net.minecraft.world.item.crafting.ShapedRecipe.m_151278_(ShapedRecipe.java:291) ~[server-1.20.1-20230612.114412-srg.jar%23341!/:?]
	at net.minecraft.world.item.crafting.Ingredient.m_43919_(Ingredient.java:219) ~[server-1.20.1-20230612.114412-srg.jar%23341!/:?]
	at net.minecraftforge.common.crafting.VanillaIngredientSerializer.parse(VanillaIngredientSerializer.java:27) ~[forge-1.20.1-47.3.7-universal.jar%23346!/:?]
	at net.minecraftforge.common.crafting.CraftingHelper.getIngredient(CraftingHelper.java:148) ~[forge-1.20.1-47.3.7-universal.jar%23346!/:?]
	at net.minecraft.world.item.crafting.Ingredient.m_288218_(Ingredient.java:194) ~[server-1.20.1-20230612.114412-srg.jar%23341!/:?]
	at net.minecraft.world.item.crafting.SimpleCookingSerializer.m_6729_(SimpleCookingSerializer.java:24) ~[server-1.20.1-20230612.114412-srg.jar%23341!/:?]
	at net.minecraft.world.item.crafting.SimpleCookingSerializer.m_6729_(SimpleCookingSerializer.java:11) ~[server-1.20.1-20230612.114412-srg.jar%23341!/:?]
	at net.minecraftforge.common.extensions.IForgeRecipeSerializer.fromJson(IForgeRecipeSerializer.java:23) ~[forge-1.20.1-47.3.7-universal.jar%23346!/:?]
	at net.minecraft.world.item.crafting.RecipeManager.fromJson(RecipeManager.java:171) ~[server-1.20.1-20230612.114412-srg.jar%23341!/:?]
	at net.minecraft.world.item.crafting.RecipeManager.m_5787_(RecipeManager.java:67) ~[server-1.20.1-20230612.114412-srg.jar%23341!/:?]
	at net.minecraft.world.item.crafting.RecipeManager.m_5787_(RecipeManager.java:34) ~[server-1.20.1-20230612.114412-srg.jar%23341!/:?]
	at net.minecraft.server.packs.resources.SimplePreparableReloadListener.m_10789_(SimplePreparableReloadListener.java:13) ~[server-1.20.1-20230612.114412-srg.jar%23341!/:?]
	at java.util.concurrent.CompletableFuture$UniAccept.tryFire(CompletableFuture.java:718) ~[?:?]
	at java.util.concurrent.CompletableFuture$Completion.run(CompletableFuture.java:482) ~[?:?]
	at net.minecraft.server.packs.resources.SimpleReloadInstance.m_143940_(SimpleReloadInstance.java:69) ~[server-1.20.1-20230612.114412-srg.jar%23341!/:?]
	at net.minecraft.Util.m_214652_(Util.java:783) ~[server-1.20.1-20230612.114412-srg.jar%23341!/:?]
	at net.minecraft.Util.m_214679_(Util.java:772) ~[server-1.20.1-20230612.114412-srg.jar%23341!/:?]
	at net.minecraft.server.Main.main(Main.java:166) ~[server-1.20.1-20230612.114412-srg.jar%23341!/:?]
	at jdk.internal.reflect.NativeMethodAccessorImpl.invoke0(Native Method) ~[?:?]
	at jdk.internal.reflect.NativeMethodAccessorImpl.invoke(NativeMethodAccessorImpl.java:77) ~[?:?]
	at jdk.internal.reflect.DelegatingMethodAccessorImpl.invoke(DelegatingMethodAccessorImpl.java:43) ~[?:?]
	at java.lang.reflect.Method.invoke(Method.java:569) ~[?:?]
	at net.minecraftforge.fml.loading.targets.CommonLaunchHandler.runTarget(CommonLaunchHandler.java:111) ~[fmlloader-1.20.1-47.3.7.jar%2369!/:?]
	at net.minecraftforge.fml.loading.targets.CommonLaunchHandler.serverService(CommonLaunchHandler.java:103) ~[fmlloader-1.20.1-47.3.7.jar%2369!/:?]
	at net.minecraftforge.fml.loading.targets.CommonServerLaunchHandler.lambda$makeService$0(CommonServerLaunchHandler.java:27) ~[fmlloader-1.20.1-47.3.7.jar%2369!/:?]
	at cpw.mods.modlauncher.LaunchServiceHandlerDecorator.launch(LaunchServiceHandlerDecorator.java:30) ~[modlauncher-10.0.9.jar%2355!/:?]
	at cpw.mods.modlauncher.LaunchServiceHandler.launch(LaunchServiceHandler.java:53) ~[modlauncher-10.0.9.jar%2355!/:?]
	at cpw.mods.modlauncher.LaunchServiceHandler.launch(LaunchServiceHandler.java:71) ~[modlauncher-10.0.9.jar%2355!/:?]
	at cpw.mods.modlauncher.Launcher.run(Launcher.java:108) ~[modlauncher-10.0.9.jar%2355!/:?]
	at cpw.mods.modlauncher.Launcher.main(Launcher.java:78) ~[modlauncher-10.0.9.jar%2355!/:?]
	at cpw.mods.modlauncher.BootstrapLaunchConsumer.accept(BootstrapLaunchConsumer.java:26) ~[modlauncher-10.0.9.jar%2355!/:?]
	at cpw.mods.modlauncher.BootstrapLaunchConsumer.accept(BootstrapLaunchConsumer.java:23) ~[modlauncher-10.0.9.jar%2355!/:?]
	at cpw.mods.bootstraplauncher.BootstrapLauncher.main(BootstrapLauncher.java:141) ~[bootstraplauncher-1.1.2.jar:?]
[11Mar2025 20:33:01.082] [main/INFO] [net.minecraft.world.item.crafting.RecipeManager/]: Skipping loading recipe atmospheric:green_aspen_leaf_pile as it's serializer returned null
[11Mar2025 20:33:01.083] [main/INFO] [net.minecraft.world.item.crafting.RecipeManager/]: Skipping loading recipe atmospheric:yucca_planks_from_yucca_logs_sawing as it's serializer returned null
[11Mar2025 20:33:01.083] [main/INFO] [net.minecraft.world.item.crafting.RecipeManager/]: Skipping loading recipe environmental:plum_trapdoor_from_plum_logs_sawing as it's serializer returned null
[11Mar2025 20:33:01.083] [main/INFO] [net.minecraft.world.item.crafting.RecipeManager/]: Skipping loading recipe productivebees:hives/advanced_byg_green_enchanted_beehive as it's serializer returned null
[11Mar2025 20:33:01.086] [main/INFO] [net.minecraft.world.item.crafting.RecipeManager/]: Skipping loading recipe environmental:plum_boards as it's serializer returned null
[11Mar2025 20:33:01.087] [main/WARN] [quark-zeta/]: Non-existent flag diorite being used
[11Mar2025 20:33:01.087] [main/INFO] [net.minecraft.world.item.crafting.RecipeManager/]: Skipping loading recipe atmospheric:chiseled_morado_bookshelf as it's serializer returned null
[11Mar2025 20:33:01.088] [main/INFO] [net.minecraft.world.item.crafting.RecipeManager/]: Skipping loading recipe environmental:wisteria_ladder_from_wisteria_planks_sawing as it's serializer returned null
[11Mar2025 20:33:01.088] [main/INFO] [net.minecraft.world.item.crafting.RecipeManager/]: Skipping loading recipe atmospheric:morado_slab_from_morado_planks_sawing as it's serializer returned null
[11Mar2025 20:33:01.089] [main/WARN] [quark-zeta/]: Non-existent flag dripstone being used
[11Mar2025 20:33:01.089] [main/INFO] [net.minecraft.world.item.crafting.RecipeManager/]: Skipping loading recipe atmospheric:morado_bookshelf as it's serializer returned null
[11Mar2025 20:33:01.090] [main/INFO] [net.minecraft.world.item.crafting.RecipeManager/]: Skipping loading recipe atmospheric:grimwood_trapdoor_from_grimwood_logs_sawing as it's serializer returned null
[11Mar2025 20:33:01.090] [main/INFO] [net.minecraft.world.item.crafting.RecipeManager/]: Skipping loading recipe productivebees:corail/woodcutter/umbran_canvas_expansion_box as it's serializer returned null
[11Mar2025 20:33:01.093] [main/INFO] [net.minecraft.world.item.crafting.RecipeManager/]: Loaded 57 recipes
[11Mar2025 20:33:01.098] [main/INFO] [com.teamabnormals.blueprint.core.Blueprint/]: Skipped modifier group named 'environmental:husbandry/tame_all_slabfish_autumnity' as its conditions were not met
[11Mar2025 20:33:01.104] [main/INFO] [com.teamabnormals.blueprint.core.Blueprint/]: Advancement Modification Manager has loaded 22 modifier groups
[11Mar2025 20:33:01.402] [main/INFO] [quark/]: [Automatic Recipe Unlock] Removed 6913 recipe advancements
[11Mar2025 20:33:01.415] [main/INFO] [net.minecraft.advancements.AdvancementList/]: Loaded 1054 advancements
[11Mar2025 20:33:01.425] [main/INFO] [placebo/]: Registered 0 additional recipes.
[11Mar2025 20:33:01.450] [main/INFO] [top.theillusivec4.curios.Curios/]: Loaded 14 curio slots
[11Mar2025 20:33:01.460] [main/ERROR] [top.theillusivec4.curios.Curios/]: talisman is not a registered slot type!
[11Mar2025 20:33:01.461] [main/INFO] [top.theillusivec4.curios.Curios/]: Loaded 11 curio entities
[11Mar2025 20:33:01.470] [main/INFO] [com.aqutheseal.celestisynth.api.misc.CodecJsonDataManager/]: Beginning loading of data for data loader: tiered_item_stats
[11Mar2025 20:33:01.470] [main/INFO] [com.aqutheseal.celestisynth.api.misc.CodecJsonDataManager/]: Data loader for tiered_item_stats loaded 0 jsons
[11Mar2025 20:33:01.529] [main/ERROR] [com.craisinlord.integrated_api.IntegratedAPI/]: Integrated API Error: Couldn't parse spawner mob list idas:dread_citadel
java.lang.Exception: Error: iceandfire:dread_lich is not a valid entity ID!
	at com.craisinlord.integrated_api.misc.mobspawners.MobSpawnerObj.setEntityType(MobSpawnerObj.java:37) ~[integrated_api-1.5.2+1.20.1-forge.jar%23285!/:?]
	at com.craisinlord.integrated_api.misc.mobspawners.MobSpawnerManager.lambda$apply$0(MobSpawnerManager.java:41) ~[integrated_api-1.5.2+1.20.1-forge.jar%23285!/:?]
	at java.util.HashMap.forEach(HashMap.java:1421) ~[?:?]
	at com.craisinlord.integrated_api.misc.mobspawners.MobSpawnerManager.apply(MobSpawnerManager.java:36) ~[integrated_api-1.5.2+1.20.1-forge.jar%23285!/:?]
	at com.craisinlord.integrated_api.misc.mobspawners.MobSpawnerManager.m_5787_(MobSpawnerManager.java:23) ~[integrated_api-1.5.2+1.20.1-forge.jar%23285!/:?]
	at net.minecraft.server.packs.resources.SimplePreparableReloadListener.m_10789_(SimplePreparableReloadListener.java:13) ~[server-1.20.1-20230612.114412-srg.jar%23341!/:?]
	at java.util.concurrent.CompletableFuture$UniAccept.tryFire(CompletableFuture.java:718) ~[?:?]
	at java.util.concurrent.CompletableFuture$Completion.run(CompletableFuture.java:482) ~[?:?]
	at net.minecraft.server.packs.resources.SimpleReloadInstance.m_143940_(SimpleReloadInstance.java:69) ~[server-1.20.1-20230612.114412-srg.jar%23341!/:?]
	at net.minecraft.Util.m_214652_(Util.java:783) ~[server-1.20.1-20230612.114412-srg.jar%23341!/:?]
	at net.minecraft.Util.m_214679_(Util.java:772) ~[server-1.20.1-20230612.114412-srg.jar%23341!/:?]
	at net.minecraft.server.Main.main(Main.java:166) ~[server-1.20.1-20230612.114412-srg.jar%23341!/:?]
	at jdk.internal.reflect.NativeMethodAccessorImpl.invoke0(Native Method) ~[?:?]
	at jdk.internal.reflect.NativeMethodAccessorImpl.invoke(NativeMethodAccessorImpl.java:77) ~[?:?]
	at jdk.internal.reflect.DelegatingMethodAccessorImpl.invoke(DelegatingMethodAccessorImpl.java:43) ~[?:?]
	at java.lang.reflect.Method.invoke(Method.java:569) ~[?:?]
	at net.minecraftforge.fml.loading.targets.CommonLaunchHandler.runTarget(CommonLaunchHandler.java:111) ~[fmlloader-1.20.1-47.3.7.jar%2369!/:?]
	at net.minecraftforge.fml.loading.targets.CommonLaunchHandler.serverService(CommonLaunchHandler.java:103) ~[fmlloader-1.20.1-47.3.7.jar%2369!/:?]
	at net.minecraftforge.fml.loading.targets.CommonServerLaunchHandler.lambda$makeService$0(CommonServerLaunchHandler.java:27) ~[fmlloader-1.20.1-47.3.7.jar%2369!/:?]
	at cpw.mods.modlauncher.LaunchServiceHandlerDecorator.launch(LaunchServiceHandlerDecorator.java:30) ~[modlauncher-10.0.9.jar%2355!/:?]
	at cpw.mods.modlauncher.LaunchServiceHandler.launch(LaunchServiceHandler.java:53) ~[modlauncher-10.0.9.jar%2355!/:?]
	at cpw.mods.modlauncher.LaunchServiceHandler.launch(LaunchServiceHandler.java:71) ~[modlauncher-10.0.9.jar%2355!/:?]
	at cpw.mods.modlauncher.Launcher.run(Launcher.java:108) ~[modlauncher-10.0.9.jar%2355!/:?]
	at cpw.mods.modlauncher.Launcher.main(Launcher.java:78) ~[modlauncher-10.0.9.jar%2355!/:?]
	at cpw.mods.modlauncher.BootstrapLaunchConsumer.accept(BootstrapLaunchConsumer.java:26) ~[modlauncher-10.0.9.jar%2355!/:?]
	at cpw.mods.modlauncher.BootstrapLaunchConsumer.accept(BootstrapLaunchConsumer.java:23) ~[modlauncher-10.0.9.jar%2355!/:?]
	at cpw.mods.bootstraplauncher.BootstrapLauncher.main(BootstrapLauncher.java:141) ~[bootstraplauncher-1.1.2.jar:?]
[11Mar2025 20:33:01.530] [main/ERROR] [com.craisinlord.integrated_api.IntegratedAPI/]: Integrated API Error: Couldn't parse spawner mob list idas:archmages_tower
java.lang.Exception: Error: ars_nouveau:wilden_hunter is not a valid entity ID!
	at com.craisinlord.integrated_api.misc.mobspawners.MobSpawnerObj.setEntityType(MobSpawnerObj.java:37) ~[integrated_api-1.5.2+1.20.1-forge.jar%23285!/:?]
	at com.craisinlord.integrated_api.misc.mobspawners.MobSpawnerManager.lambda$apply$0(MobSpawnerManager.java:41) ~[integrated_api-1.5.2+1.20.1-forge.jar%23285!/:?]
	at java.util.HashMap.forEach(HashMap.java:1421) ~[?:?]
	at com.craisinlord.integrated_api.misc.mobspawners.MobSpawnerManager.apply(MobSpawnerManager.java:36) ~[integrated_api-1.5.2+1.20.1-forge.jar%23285!/:?]
	at com.craisinlord.integrated_api.misc.mobspawners.MobSpawnerManager.m_5787_(MobSpawnerManager.java:23) ~[integrated_api-1.5.2+1.20.1-forge.jar%23285!/:?]
	at net.minecraft.server.packs.resources.SimplePreparableReloadListener.m_10789_(SimplePreparableReloadListener.java:13) ~[server-1.20.1-20230612.114412-srg.jar%23341!/:?]
	at java.util.concurrent.CompletableFuture$UniAccept.tryFire(CompletableFuture.java:718) ~[?:?]
	at java.util.concurrent.CompletableFuture$Completion.run(CompletableFuture.java:482) ~[?:?]
	at net.minecraft.server.packs.resources.SimpleReloadInstance.m_143940_(SimpleReloadInstance.java:69) ~[server-1.20.1-20230612.114412-srg.jar%23341!/:?]
	at net.minecraft.Util.m_214652_(Util.java:783) ~[server-1.20.1-20230612.114412-srg.jar%23341!/:?]
	at net.minecraft.Util.m_214679_(Util.java:772) ~[server-1.20.1-20230612.114412-srg.jar%23341!/:?]
	at net.minecraft.server.Main.main(Main.java:166) ~[server-1.20.1-20230612.114412-srg.jar%23341!/:?]
	at jdk.internal.reflect.NativeMethodAccessorImpl.invoke0(Native Method) ~[?:?]
	at jdk.internal.reflect.NativeMethodAccessorImpl.invoke(NativeMethodAccessorImpl.java:77) ~[?:?]
	at jdk.internal.reflect.DelegatingMethodAccessorImpl.invoke(DelegatingMethodAccessorImpl.java:43) ~[?:?]
	at java.lang.reflect.Method.invoke(Method.java:569) ~[?:?]
	at net.minecraftforge.fml.loading.targets.CommonLaunchHandler.runTarget(CommonLaunchHandler.java:111) ~[fmlloader-1.20.1-47.3.7.jar%2369!/:?]
	at net.minecraftforge.fml.loading.targets.CommonLaunchHandler.serverService(CommonLaunchHandler.java:103) ~[fmlloader-1.20.1-47.3.7.jar%2369!/:?]
	at net.minecraftforge.fml.loading.targets.CommonServerLaunchHandler.lambda$makeService$0(CommonServerLaunchHandler.java:27) ~[fmlloader-1.20.1-47.3.7.jar%2369!/:?]
	at cpw.mods.modlauncher.LaunchServiceHandlerDecorator.launch(LaunchServiceHandlerDecorator.java:30) ~[modlauncher-10.0.9.jar%2355!/:?]
	at cpw.mods.modlauncher.LaunchServiceHandler.launch(LaunchServiceHandler.java:53) ~[modlauncher-10.0.9.jar%2355!/:?]
	at cpw.mods.modlauncher.LaunchServiceHandler.launch(LaunchServiceHandler.java:71) ~[modlauncher-10.0.9.jar%2355!/:?]
	at cpw.mods.modlauncher.Launcher.run(Launcher.java:108) ~[modlauncher-10.0.9.jar%2355!/:?]
	at cpw.mods.modlauncher.Launcher.main(Launcher.java:78) ~[modlauncher-10.0.9.jar%2355!/:?]
	at cpw.mods.modlauncher.BootstrapLaunchConsumer.accept(BootstrapLaunchConsumer.java:26) ~[modlauncher-10.0.9.jar%2355!/:?]
	at cpw.mods.modlauncher.BootstrapLaunchConsumer.accept(BootstrapLaunchConsumer.java:23) ~[modlauncher-10.0.9.jar%2355!/:?]
	at cpw.mods.bootstraplauncher.BootstrapLauncher.main(BootstrapLauncher.java:141) ~[bootstraplauncher-1.1.2.jar:?]
[11Mar2025 20:33:01.546] [main/INFO] [com.teamabnormals.blueprint.core.Blueprint/]: Chunk Generator Modification Manager has loaded 3 modifier groups
[11Mar2025 20:33:01.563] [main/WARN] [net.minecraftforge.common.loot.LootModifierManager/]: Could not decode GlobalLootModifier with json id domesticationinnovation:blazing_enchanted_book - error: Not a JSON object: null
[11Mar2025 20:33:01.591] [main/WARN] [rbasamoyai.createbigcannons.CreateBigCannons/]: Missing custom armor properties entry for block copycats:copycat_door
[11Mar2025 20:33:01.592] [main/WARN] [rbasamoyai.createbigcannons.CreateBigCannons/]: Missing custom armor properties entry for block copycats:copycat_iron_door
[11Mar2025 20:33:01.633] [main/INFO] [quark-zeta/]: Modified advancement minecraft:husbandry/wax_on with 2 patches
[11Mar2025 20:33:01.634] [main/INFO] [quark-zeta/]: Modified advancement minecraft:adventure/kill_a_mob with 3 patches
[11Mar2025 20:33:01.635] [main/INFO] [quark-zeta/]: Modified advancement minecraft:husbandry/bred_all_animals with 3 patches
[11Mar2025 20:33:01.636] [main/INFO] [quark-zeta/]: Modified advancement minecraft:adventure/kill_all_mobs with 3 patches
[11Mar2025 20:33:01.637] [main/INFO] [quark-zeta/]: Modified advancement minecraft:husbandry/balanced_diet with 3 patches
[11Mar2025 20:33:01.638] [main/INFO] [quark-zeta/]: Modified advancement minecraft:husbandry/plant_seed with 1 patches
[11Mar2025 20:33:01.638] [main/INFO] [quark-zeta/]: Modified advancement minecraft:nether/all_effects with 2 patches
[11Mar2025 20:33:01.639] [main/INFO] [quark-zeta/]: Modified advancement minecraft:husbandry/wax_off with 2 patches
[11Mar2025 20:33:01.639] [main/INFO] [quark-zeta/]: Modified advancement minecraft:adventure/adventuring_time with 1 patches
[11Mar2025 20:33:01.640] [main/INFO] [quark-zeta/]: Modified advancement minecraft:nether/all_potions with 1 patches
[11Mar2025 20:33:01.660] [main/INFO] [Supplementaries/]: Loaded 27 flute songs
[11Mar2025 20:33:01.682] [main/INFO] [placebo/]: Registered 0 gear_sets.
[11Mar2025 20:33:01.736] [main/WARN] [net.minecraft.core.MappedRegistry/]: Not all defined tags for registry ResourceKey[minecraft:root / minecraft:worldgen/biome] are present in data pack: idas:has_structure/bopmahogany_biomes, idas:has_structure/bopredwood_biomes, idas:has_structure/bygmahogany_biomes, idas:has_structure/bygredwood_biomes, minecraft:is_plains
[11Mar2025 20:33:07.098] [main/INFO] [Moonlight/]: Applied 7 data villager trades
[11Mar2025 20:33:07.177] [main/INFO] [Supplementaries/]: Finished additional setup in 0 ms
[11Mar2025 20:33:07.420] [Server thread/INFO] [net.minecraft.server.dedicated.DedicatedServer/]: Starting minecraft server version 1.20.1
[11Mar2025 20:33:07.420] [Server thread/INFO] [net.minecraft.server.dedicated.DedicatedServer/]: Loading properties
[11Mar2025 20:33:07.421] [Server thread/INFO] [net.minecraft.server.dedicated.DedicatedServer/]: Default game type: SURVIVAL
[11Mar2025 20:33:07.421] [Server thread/INFO] [net.minecraft.server.MinecraftServer/]: Generating keypair
[11Mar2025 20:33:07.517] [Server thread/INFO] [net.minecraft.server.dedicated.DedicatedServer/]: Starting Minecraft server on *:25565
[11Mar2025 20:33:07.563] [Server thread/INFO] [net.minecraft.server.network.ServerConnectionListener/]: Using epoll channel type
[11Mar2025 20:33:07.660] [Server thread/WARN] [net.minecraft.server.dedicated.DedicatedServer/]: **** SERVER IS RUNNING IN OFFLINE/INSECURE MODE!
[11Mar2025 20:33:07.660] [Server thread/WARN] [net.minecraft.server.dedicated.DedicatedServer/]: The server will make no attempt to authenticate usernames. Beware.
[11Mar2025 20:33:07.661] [Server thread/WARN] [net.minecraft.server.dedicated.DedicatedServer/]: While this makes the game possible to play without internet access, it also opens up the ability for hackers to connect with any username they choose.
[11Mar2025 20:33:07.661] [Server thread/WARN] [net.minecraft.server.dedicated.DedicatedServer/]: To change this, set "online-mode" to "true" in the server.properties file.
[11Mar2025 20:33:07.688] [Server thread/INFO] [journeymap/]: Loading JourneyMap Forge Configs
[11Mar2025 20:33:07.689] [Thread-1/INFO] [journeymap/]: Loading JourneyMap Forge Configs
[11Mar2025 20:33:07.691] [Thread-1/INFO] [journeymap/]: Loading JourneyMap Forge Configs
[11Mar2025 20:33:07.936] [Server thread/INFO] [FTB Teams/]: loaded team data: 2 known players, 2 teams total
[11Mar2025 20:33:07.964] [Server thread/INFO] [Framework/]: Loading server configs...
[11Mar2025 20:33:08.010] [Server thread/INFO] [citadel/]: Added to village structure pool
[11Mar2025 20:33:08.010] [Server thread/INFO] [citadel/]: Added to village structure pool
[11Mar2025 20:33:08.010] [Server thread/INFO] [citadel/]: Added to village structure pool
[11Mar2025 20:33:08.010] [Server thread/INFO] [citadel/]: Added to village structure pool
[11Mar2025 20:33:08.011] [Server thread/INFO] [citadel/]: Added to village structure pool
[11Mar2025 20:33:08.029] [Server thread/INFO] [terrablender/]: Initialized TerraBlender biomes for level stem minecraft:the_nether
[11Mar2025 20:33:08.245] [Server thread/INFO] [terrablender/]: Initialized TerraBlender biomes for level stem minecraft:overworld
[11Mar2025 20:33:08.246] [Server thread/INFO] [net.minecraft.server.dedicated.DedicatedServer/]: Preparing level "world"
[11Mar2025 20:33:19.584] [Server thread/INFO] [net.minecraft.server.MinecraftServer/]: Preparing start region for dimension minecraft:overworld
[11Mar2025 20:33:19.588] [Server thread/INFO] [KubeJS Server/]: Server resource reload complete!
[11Mar2025 20:33:26.210] [Worker-Main-3/INFO] [net.minecraft.server.level.progress.LoggerChunkProgressListener/]: Preparing spawn area: 0%
[11Mar2025 20:33:26.217] [Worker-Main-2/INFO] [net.minecraft.server.level.progress.LoggerChunkProgressListener/]: Preparing spawn area: 0%
[11Mar2025 20:33:26.219] [Worker-Main-2/INFO] [net.minecraft.server.level.progress.LoggerChunkProgressListener/]: Preparing spawn area: 0%
[11Mar2025 20:33:26.220] [Worker-Main-2/INFO] [net.minecraft.server.level.progress.LoggerChunkProgressListener/]: Preparing spawn area: 0%
[11Mar2025 20:33:26.221] [Worker-Main-2/INFO] [net.minecraft.server.level.progress.LoggerChunkProgressListener/]: Preparing spawn area: 0%
[11Mar2025 20:33:26.221] [Worker-Main-2/INFO] [net.minecraft.server.level.progress.LoggerChunkProgressListener/]: Preparing spawn area: 0%
[11Mar2025 20:33:26.222] [Worker-Main-2/INFO] [net.minecraft.server.level.progress.LoggerChunkProgressListener/]: Preparing spawn area: 0%
[11Mar2025 20:33:26.222] [Worker-Main-2/INFO] [net.minecraft.server.level.progress.LoggerChunkProgressListener/]: Preparing spawn area: 0%
[11Mar2025 20:33:26.222] [Worker-Main-2/INFO] [net.minecraft.server.level.progress.LoggerChunkProgressListener/]: Preparing spawn area: 0%
[11Mar2025 20:33:26.223] [Worker-Main-2/INFO] [net.minecraft.server.level.progress.LoggerChunkProgressListener/]: Preparing spawn area: 0%
[11Mar2025 20:33:26.224] [Worker-Main-2/INFO] [net.minecraft.server.level.progress.LoggerChunkProgressListener/]: Preparing spawn area: 0%
[11Mar2025 20:33:26.225] [Worker-Main-2/INFO] [net.minecraft.server.level.progress.LoggerChunkProgressListener/]: Preparing spawn area: 0%
[11Mar2025 20:33:26.226] [Worker-Main-2/INFO] [net.minecraft.server.level.progress.LoggerChunkProgressListener/]: Preparing spawn area: 0%
[11Mar2025 20:33:26.226] [Worker-Main-2/INFO] [net.minecraft.server.level.progress.LoggerChunkProgressListener/]: Preparing spawn area: 0%
[11Mar2025 20:33:26.585] [Worker-Main-2/INFO] [net.minecraft.server.level.progress.LoggerChunkProgressListener/]: Preparing spawn area: 0%
[11Mar2025 20:33:27.086] [Worker-Main-3/INFO] [net.minecraft.server.level.progress.LoggerChunkProgressListener/]: Preparing spawn area: 29%
[11Mar2025 20:33:27.585] [Worker-Main-3/INFO] [net.minecraft.server.level.progress.LoggerChunkProgressListener/]: Preparing spawn area: 98%
[11Mar2025 20:33:27.963] [Server thread/INFO] [net.minecraft.server.level.progress.LoggerChunkProgressListener/]: Time elapsed: 8378 ms
[11Mar2025 20:33:27.963] [Server thread/INFO] [net.minecraft.server.dedicated.DedicatedServer/]: Done (20.291s)! For help, type "help"
[11Mar2025 20:33:28.036] [Server thread/INFO] [net.minecraftforge.server.permission.PermissionAPI/]: Successfully initialized permission handler forge:default_handler
[11Mar2025 20:33:28.040] [Server thread/INFO] [DragonLib/]: Starting DragonLib Network Manager (Server) worker thread...
[11Mar2025 20:33:28.041] [DragonLib Network Manager (Server)/INFO] [DragonLib/]: DragonLib Network Manager (Server) worker thread has been started.
[11Mar2025 20:33:28.045] [Server thread/INFO] [Easy NPC/]: 🗣 Register Easy NPC Server is starting Events ...
[11Mar2025 20:33:28.046] [Server thread/INFO] [Easy NPC/]: 🗣 Register Easy NPC Server data folders ...
[11Mar2025 20:33:28.046] [Server thread/INFO] [Easy NPC/]: 🗣 Register Easy NPC Pose data folders ...
[11Mar2025 20:33:28.047] [Server thread/INFO] [Easy NPC/]: 🗣 Register Easy NPC custom pose data ...
[11Mar2025 20:33:28.057] [Server thread/WARN] [Easy NPC/]: Skin model pose file /workspaces/papucraft/servidor_minecraft/config/easy_npc/pose/humanoid_slim/humanoid_slim_poses.json already exists, skipping copy!
[11Mar2025 20:33:28.071] [Server thread/INFO] [Easy NPC/]: 🗣 Register Easy NPC custom poses from /workspaces/papucraft/servidor_minecraft/config/easy_npc/pose ...
[11Mar2025 20:33:28.072] [Server thread/INFO] [Easy NPC/]: Found custom pose file /workspaces/papucraft/servidor_minecraft/config/easy_npc/pose/humanoid_slim/humanoid_slim_poses.json ...
[11Mar2025 20:33:28.078] [Server thread/INFO] [Easy NPC/]: [Pose Manager] Registering pose data easy_npc:pose/humanoid_slim/crouching with Animation{name='Crouching', loop='hold_on_last_frame', animation_length=null, bones={Head=Bone{position=[0.0, -4.2, 0.0], rotation=[-7.5, 0.0, 0.0], scale=null, keyframePosition=null, keyframeRotation=null}, Body=Bone{position=[0.0, -3.2, 0.0], rotation=[20.0, 0.0, 0.0], scale=null, keyframePosition=null, keyframeRotation=null}, RightArm=Bone{position=[0.0, -3.2, 1.0], rotation=[40.0, 0.0, 0.0], scale=null, keyframePosition=null, keyframeRotation=null}, LeftArm=Bone{position=[0.0, -3.2, 1.0], rotation=[40.0, 0.0, 0.0], scale=null, keyframePosition=null, keyframeRotation=null}, RightLeg=Bone{position=[0.0, 0.0, 4.0], rotation=[-25.0, 0.0, 0.0], scale=null, keyframePosition=null, keyframeRotation=null}, LeftLeg=Bone{position=[0.0, 0.0, 3.0], rotation=[-10.0, 0.0, 0.0], scale=null, keyframePosition=null, keyframeRotation=null}}}
[11Mar2025 20:33:28.079] [Server thread/INFO] [Easy NPC/]: [Pose Manager] Registering pose data easy_npc:pose/humanoid_slim/standing with Animation{name='Standing', loop='hold_on_last_frame', animation_length=null, bones={Head=Bone{position=[0.0, 0.0, 0.0], rotation=[0.0, 0.0, 0.0], scale=null, keyframePosition=null, keyframeRotation=null}, Body=Bone{position=[0.0, 0.0, 0.0], rotation=[0.0, 0.0, 0.0], scale=null, keyframePosition=null, keyframeRotation=null}, RightArm=Bone{position=[0.0, 0.0, 0.0], rotation=[0.0, 0.0, 0.0], scale=null, keyframePosition=null, keyframeRotation=null}, LeftArm=Bone{position=[0.0, 0.0, 0.0], rotation=[0.0, 0.0, 0.0], scale=null, keyframePosition=null, keyframeRotation=null}, RightLeg=Bone{position=[0.0, 0.0, 0.0], rotation=[0.0, 0.0, 0.0], scale=null, keyframePosition=null, keyframeRotation=null}, LeftLeg=Bone{position=[0.0, 0.0, 0.0], rotation=[0.0, 0.0, 0.0], scale=null, keyframePosition=null, keyframeRotation=null}}}
[11Mar2025 20:33:28.079] [Server thread/INFO] [Easy NPC/]: [Pose Manager] Registering pose data easy_npc:pose/humanoid_slim/sitting with Animation{name='Sitting', loop='hold_on_last_frame', animation_length=null, bones={Head=Bone{position=[0.0, -10.5, 0.0], rotation=[0.0, 0.0, -2.5], scale=null, keyframePosition=null, keyframeRotation=null}, Body=Bone{position=[0.0, -10.5, 0.0], rotation=null, scale=null, keyframePosition=null, keyframeRotation=null}, RightArm=Bone{position=[0.0, -10.5, 0.0], rotation=[-35.0, 0.0, 0.0], scale=null, keyframePosition=null, keyframeRotation=null}, LeftArm=Bone{position=[0.0, -10.5, 0.0], rotation=[-35.0, 0.0, 0.0], scale=null, keyframePosition=null, keyframeRotation=null}, RightLeg=Bone{position=[0.0, -10.0, 0.0], rotation=[-90.0, 15.0, 0.0], scale=null, keyframePosition=null, keyframeRotation=null}, LeftLeg=Bone{position=[0.0, -10.0, 0.0], rotation=[-90.0, -10.5, 0.0], scale=null, keyframePosition=null, keyframeRotation=null}}}
[11Mar2025 20:33:28.080] [Server thread/INFO] [Easy NPC/]: [Pose Manager] Registering pose data easy_npc:pose/humanoid_slim/chilling with Animation{name='Chilling', loop='hold_on_last_frame', animation_length=null, bones={Head=Bone{position=[0.0, -12.5, 2.0], rotation=[-2.5, 0.0, 2.5], scale=null, keyframePosition=null, keyframeRotation=null}, Body=Bone{position=[0.0, -12.25, 3.0], rotation=[-20.0, 0.0, 0.0], scale=null, keyframePosition=null, keyframeRotation=null}, RightArm=Bone{position=[0.0, -12.5, 2.0], rotation=[17.5, 0.0, 0.0], scale=null, keyframePosition=null, keyframeRotation=null}, LeftArm=Bone{position=[0.0, -12.5, 2.0], rotation=[20.0, 0.0, 0.0], scale=null, keyframePosition=null, keyframeRotation=null}, RightLeg=Bone{position=[0.0, -10.0, 0.0], rotation=[-90.0, 15.0, -5.0], scale=null, keyframePosition=null, keyframeRotation=null}, LeftLeg=Bone{position=[0.0, -10.0, 0.75], rotation=[-90.0, -10.5, 5.0], scale=null, keyframePosition=null, keyframeRotation=null}}}
[11Mar2025 20:33:28.080] [Server thread/INFO] [Easy NPC/]: [Pose Manager] Registering pose data easy_npc:pose/humanoid_slim/rest with Animation{name='Rest', loop='hold_on_last_frame', animation_length=null, bones={Head=Bone{position=[0.0, -12.0, 0.0], rotation=[5.0, 0.0, 5.0], scale=null, keyframePosition=null, keyframeRotation=null}, Body=Bone{position=[0.0, -12.0, 0.0], rotation=[0.0, 0.0, 2.5], scale=null, keyframePosition=null, keyframeRotation=null}, RightArm=Bone{position=[-1.0, -11.0, 0.0], rotation=[-75.0, -30.0, 0.0], scale=null, keyframePosition=null, keyframeRotation=null}, LeftArm=Bone{position=[0.0, -12.0, 0.0], rotation=[-52.5, -5.0, 0.0], scale=null, keyframePosition=null, keyframeRotation=null}, RightLeg=Bone{position=[-3.0, -2.0, -2.0], rotation=[-32.5, -20.0, 0.0], scale=null, keyframePosition=null, keyframeRotation=null}, LeftLeg=Bone{position=[6.75, -10.0, 0.0], rotation=[-90.0, 40.0, 0.0], scale=null, keyframePosition=null, keyframeRotation=null}}}
[11Mar2025 20:33:28.081] [Server thread/INFO] [Easy NPC/]: 🗣 Register Easy NPC Backup data folders ...
[11Mar2025 20:33:28.132] [Advanced Display Data Manager/INFO] [de.mrjulsen.crn.CreateRailwaysNavigator/]: Advanced Display Data Manager has been started.
[11Mar2025 20:33:28.153] [Server thread/INFO] [FTB Ranks/]: Loaded 4 ranks
[11Mar2025 20:33:28.154] [Server thread/INFO] [FTB Quests/]: Loading quests from /workspaces/papucraft/servidor_minecraft/config/ftbquests/quests
[11Mar2025 20:33:28.169] [CRN Train Listener Launcher/INFO] [de.mrjulsen.crn.CreateRailwaysNavigator/]: Train listener has been started.
[11Mar2025 20:33:28.222] [Server thread/INFO] [FTB Quests/]: Loaded 2 chapter groups, 18 chapters, 156 quests, 1 reward tables
[11Mar2025 20:33:28.236] [Server thread/INFO] [com.cupboard.Cupboard/]: Loaded config for: dragonfight.json
[11Mar2025 20:33:28.322] [Server thread/INFO] [net.bettercombat.logic.WeaponRegistry/]: Encoded Weapon Attribute registry size (with package overhead): 117820 bytes (in 12 string chunks with the size of 10000)
[11Mar2025 20:33:28.416] [Server thread/WARN] [net.minecraft.network.syncher.SynchedEntityData/]: defineId called for: class net.minecraft.world.entity.player.Player from class tschipp.carryon.common.carry.CarryOnDataManager
[11Mar2025 20:33:28.531] [Server thread/INFO] [com.yellowbrossproductions.illageandspillage.IllageAndSpillage/]: Removed entity.illageandspillage.boss_randomizer from Raids to prevent a post-mod-removal crash
[11Mar2025 20:33:28.532] [Server thread/INFO] [com.yellowbrossproductions.illageandspillage.IllageAndSpillage/]: Removed entity.illageandspillage.igniter from Raids to prevent a post-mod-removal crash
[11Mar2025 20:33:28.533] [Server thread/INFO] [com.yellowbrossproductions.illageandspillage.IllageAndSpillage/]: Removed entity.illageandspillage.engineer from Raids to prevent a post-mod-removal crash
[11Mar2025 20:33:28.534] [Server thread/INFO] [com.yellowbrossproductions.illageandspillage.IllageAndSpillage/]: Removed entity.illageandspillage.twittollager from Raids to prevent a post-mod-removal crash
[11Mar2025 20:33:28.534] [Server thread/INFO] [com.yellowbrossproductions.illageandspillage.IllageAndSpillage/]: Removed entity.illageandspillage.magispeller from Raids to prevent a post-mod-removal crash
[11Mar2025 20:33:28.534] [Server thread/INFO] [com.yellowbrossproductions.illageandspillage.IllageAndSpillage/]: Removed entity.illageandspillage.spiritcaller from Raids to prevent a post-mod-removal crash
[11Mar2025 20:33:28.535] [Server thread/INFO] [com.yellowbrossproductions.illageandspillage.IllageAndSpillage/]: Removed entity.illageandspillage.crocofang from Raids to prevent a post-mod-removal crash
[11Mar2025 20:33:28.535] [Server thread/INFO] [com.yellowbrossproductions.illageandspillage.IllageAndSpillage/]: Removed entity.illageandspillage.absorber from Raids to prevent a post-mod-removal crash
[11Mar2025 20:33:28.536] [Server thread/INFO] [com.yellowbrossproductions.illageandspillage.IllageAndSpillage/]: Removed entity.illageandspillage.preserver from Raids to prevent a post-mod-removal crash
[11Mar2025 20:33:28.536] [Server thread/INFO] [com.yellowbrossproductions.illageandspillage.IllageAndSpillage/]: Removed entity.illageandspillage.freakager from Raids to prevent a post-mod-removal crash
[11Mar2025 20:33:28.536] [Server thread/INFO] [com.yellowbrossproductions.illageandspillage.IllageAndSpillage/]: Removed entity.illageandspillage.old_freakager from Raids to prevent a post-mod-removal crash
[11Mar2025 20:33:28.540] [Server thread/INFO] [com.yellowbrossproductions.illageandspillage.IllageAndSpillage/]: Removed entity.illageandspillage.old_magispeller from Raids to prevent a post-mod-removal crash
[11Mar2025 20:33:28.556] [Server thread/INFO] [patchouli/]: Sending reload packet to clients
[11Mar2025 20:33:28.562] [Server thread/WARN] [voicechat/]: [voicechat] Running in offline mode - Voice chat encryption is not secure!
[11Mar2025 20:33:28.599] [VoiceChatServerThread/INFO] [voicechat/]: [voicechat] Voice chat server started at port 25565
[11Mar2025 20:33:30.950] [Server thread/WARN] [net.minecraft.server.MinecraftServer/]: Can't keep up! Is the server overloaded? Running 2101ms or 42 ticks behind
[11Mar2025 20:33:52.662] [Server thread/INFO] [net.minecraft.server.players.PlayerList/]: ElPerejil24[/127.95.222.62:46201] logged in with entity id 178 at (871.1929736062534, 80.0, 703.4485321344383)
[11Mar2025 20:33:52.837] [Server thread/INFO] [net.minecraft.server.MinecraftServer/]: ElPerejil24 joined the game
[11Mar2025 20:33:53.498] [Server thread/INFO] [voicechat/]: [voicechat] Received secret request of ElPerejil24 (18)
[11Mar2025 20:33:53.502] [Server thread/INFO] [voicechat/]: [voicechat] Sent secret to ElPerejil24
[11Mar2025 20:33:53.507] [Server thread/INFO] [com.alrex.parcool.ParCool/]: Limitation of 9b62ed79-c86d-3066-8f98-8bbb6e55216d was loaded
[11Mar2025 20:40:28.551] [Server thread/INFO] [net.minecraft.server.MinecraftServer/]: [Item Frame: Modified entity data of Item Frame]
[11Mar2025 20:40:38.944] [Server thread/INFO] [net.minecraft.server.MinecraftServer/]: [ElPerejil24: Removed tag 'op' from ElPerejil24]
[11Mar2025 20:40:38.949] [Server thread/INFO] [net.minecraft.server.MinecraftServer/]: [@: Added tag 'invasor' to ElPerejil24]
[11Mar2025 20:40:38.950] [Server thread/INFO] [net.minecraft.server.MinecraftServer/]: [@: Set ElPerejil24's game mode to Adventure Mode]
[11Mar2025 20:40:38.951] [Server thread/INFO] [net.minecraft.server.MinecraftServer/]: [@: Showing new actionbar title for ElPerejil24]
[11Mar2025 20:40:38.951] [Server thread/INFO] [net.minecraft.server.MinecraftServer/]: [@: Removed tag 'invasor' from ElPerejil24]
[11Mar2025 20:40:38.999] [Server thread/INFO] [net.minecraft.server.MinecraftServer/]: [@: Added tag 'invasor' to ElPerejil24]
[11Mar2025 20:40:38.999] [Server thread/INFO] [net.minecraft.server.MinecraftServer/]: [@: Showing new actionbar title for ElPerejil24]
[11Mar2025 20:40:39.000] [Server thread/INFO] [net.minecraft.server.MinecraftServer/]: [@: Removed tag 'invasor' from ElPerejil24]
[11Mar2025 20:40:39.049] [Server thread/INFO] [net.minecraft.server.MinecraftServer/]: [@: Added tag 'invasor' to ElPerejil24]
[11Mar2025 20:40:39.049] [Server thread/INFO] [net.minecraft.server.MinecraftServer/]: [@: Showing new actionbar title for ElPerejil24]
[11Mar2025 20:40:39.050] [Server thread/INFO] [net.minecraft.server.MinecraftServer/]: [@: Removed tag 'invasor' from ElPerejil24]
[11Mar2025 20:40:39.099] [Server thread/INFO] [net.minecraft.server.MinecraftServer/]: [@: Added tag 'invasor' to ElPerejil24]
[11Mar2025 20:40:39.100] [Server thread/INFO] [net.minecraft.server.MinecraftServer/]: [@: Showing new actionbar title for ElPerejil24]
[11Mar2025 20:40:39.100] [Server thread/INFO] [net.minecraft.server.MinecraftServer/]: [@: Removed tag 'invasor' from ElPerejil24]
[11Mar2025 20:40:39.149] [Server thread/INFO] [net.minecraft.server.MinecraftServer/]: [@: Added tag 'invasor' to ElPerejil24]
[11Mar2025 20:40:39.149] [Server thread/INFO] [net.minecraft.server.MinecraftServer/]: [@: Showing new actionbar title for ElPerejil24]
[11Mar2025 20:40:39.149] [Server thread/INFO] [net.minecraft.server.MinecraftServer/]: [@: Removed tag 'invasor' from ElPerejil24]
[11Mar2025 20:40:39.199] [Server thread/INFO] [net.minecraft.server.MinecraftServer/]: [@: Added tag 'invasor' to ElPerejil24]
[11Mar2025 20:40:39.199] [Server thread/INFO] [net.minecraft.server.MinecraftServer/]: [@: Showing new actionbar title for ElPerejil24]
[11Mar2025 20:40:39.200] [Server thread/INFO] [net.minecraft.server.MinecraftServer/]: [@: Removed tag 'invasor' from ElPerejil24]
[11Mar2025 20:40:39.249] [Server thread/INFO] [net.minecraft.server.MinecraftServer/]: [@: Added tag 'invasor' to ElPerejil24]
[11Mar2025 20:40:39.249] [Server thread/INFO] [net.minecraft.server.MinecraftServer/]: [@: Showing new actionbar title for ElPerejil24]
[11Mar2025 20:40:39.250] [Server thread/INFO] [net.minecraft.server.MinecraftServer/]: [@: Removed tag 'invasor' from ElPerejil24]
[11Mar2025 20:40:39.299] [Server thread/INFO] [net.minecraft.server.MinecraftServer/]: [@: Added tag 'invasor' to ElPerejil24]
[11Mar2025 20:40:39.299] [Server thread/INFO] [net.minecraft.server.MinecraftServer/]: [@: Showing new actionbar title for ElPerejil24]
[11Mar2025 20:40:39.299] [Server thread/INFO] [net.minecraft.server.MinecraftServer/]: [@: Removed tag 'invasor' from ElPerejil24]
[11Mar2025 20:40:39.349] [Server thread/INFO] [net.minecraft.server.MinecraftServer/]: [@: Added tag 'invasor' to ElPerejil24]
[11Mar2025 20:40:39.349] [Server thread/INFO] [net.minecraft.server.MinecraftServer/]: [@: Showing new actionbar title for ElPerejil24]
[11Mar2025 20:40:39.349] [Server thread/INFO] [net.minecraft.server.MinecraftServer/]: [@: Removed tag 'invasor' from ElPerejil24]
[11Mar2025 20:40:39.399] [Server thread/INFO] [net.minecraft.server.MinecraftServer/]: [@: Added tag 'invasor' to ElPerejil24]
[11Mar2025 20:40:39.399] [Server thread/INFO] [net.minecraft.server.MinecraftServer/]: [@: Showing new actionbar title for ElPerejil24]
[11Mar2025 20:40:39.399] [Server thread/INFO] [net.minecraft.server.MinecraftServer/]: [@: Removed tag 'invasor' from ElPerejil24]
[11Mar2025 20:40:39.449] [Server thread/INFO] [net.minecraft.server.MinecraftServer/]: [@: Added tag 'invasor' to ElPerejil24]
[11Mar2025 20:40:39.449] [Server thread/INFO] [net.minecraft.server.MinecraftServer/]: [@: Showing new actionbar title for ElPerejil24]
[11Mar2025 20:40:39.449] [Server thread/INFO] [net.minecraft.server.MinecraftServer/]: [@: Removed tag 'invasor' from ElPerejil24]
[11Mar2025 20:40:39.499] [Server thread/INFO] [net.minecraft.server.MinecraftServer/]: [@: Added tag 'invasor' to ElPerejil24]
[11Mar2025 20:40:39.499] [Server thread/INFO] [net.minecraft.server.MinecraftServer/]: [@: Showing new actionbar title for ElPerejil24]
[11Mar2025 20:40:39.499] [Server thread/INFO] [net.minecraft.server.MinecraftServer/]: [@: Removed tag 'invasor' from ElPerejil24]
[11Mar2025 20:40:39.549] [Server thread/INFO] [net.minecraft.server.MinecraftServer/]: [@: Added tag 'invasor' to ElPerejil24]
[11Mar2025 20:40:39.549] [Server thread/INFO] [net.minecraft.server.MinecraftServer/]: [@: Showing new actionbar title for ElPerejil24]
[11Mar2025 20:40:39.549] [Server thread/INFO] [net.minecraft.server.MinecraftServer/]: [@: Removed tag 'invasor' from ElPerejil24]
[11Mar2025 20:40:39.599] [Server thread/INFO] [net.minecraft.server.MinecraftServer/]: [@: Added tag 'invasor' to ElPerejil24]
[11Mar2025 20:40:39.599] [Server thread/INFO] [net.minecraft.server.MinecraftServer/]: [@: Showing new actionbar title for ElPerejil24]
[11Mar2025 20:40:39.600] [Server thread/INFO] [net.minecraft.server.MinecraftServer/]: [@: Removed tag 'invasor' from ElPerejil24]
[11Mar2025 20:40:39.649] [Server thread/INFO] [net.minecraft.server.MinecraftServer/]: [@: Added tag 'invasor' to ElPerejil24]
[11Mar2025 20:40:39.649] [Server thread/INFO] [net.minecraft.server.MinecraftServer/]: [@: Showing new actionbar title for ElPerejil24]
[11Mar2025 20:40:39.650] [Server thread/INFO] [net.minecraft.server.MinecraftServer/]: [@: Removed tag 'invasor' from ElPerejil24]
[11Mar2025 20:40:39.699] [Server thread/INFO] [net.minecraft.server.MinecraftServer/]: [@: Added tag 'invasor' to ElPerejil24]
[11Mar2025 20:40:39.699] [Server thread/INFO] [net.minecraft.server.MinecraftServer/]: [@: Showing new actionbar title for ElPerejil24]
[11Mar2025 20:40:39.699] [Server thread/INFO] [net.minecraft.server.MinecraftServer/]: [@: Removed tag 'invasor' from ElPerejil24]
[11Mar2025 20:40:39.749] [Server thread/INFO] [net.minecraft.server.MinecraftServer/]: [@: Added tag 'invasor' to ElPerejil24]
[11Mar2025 20:40:39.749] [Server thread/INFO] [net.minecraft.server.MinecraftServer/]: [@: Showing new actionbar title for ElPerejil24]
[11Mar2025 20:40:39.749] [Server thread/INFO] [net.minecraft.server.MinecraftServer/]: [@: Removed tag 'invasor' from ElPerejil24]
[11Mar2025 20:40:39.799] [Server thread/INFO] [net.minecraft.server.MinecraftServer/]: [@: Added tag 'invasor' to ElPerejil24]
[11Mar2025 20:40:39.799] [Server thread/INFO] [net.minecraft.server.MinecraftServer/]: [@: Showing new actionbar title for ElPerejil24]
[11Mar2025 20:40:39.799] [Server thread/INFO] [net.minecraft.server.MinecraftServer/]: [@: Removed tag 'invasor' from ElPerejil24]
[11Mar2025 20:40:39.849] [Server thread/INFO] [net.minecraft.server.MinecraftServer/]: [@: Added tag 'invasor' to ElPerejil24]
[11Mar2025 20:40:39.850] [Server thread/INFO] [net.minecraft.server.MinecraftServer/]: [@: Showing new actionbar title for ElPerejil24]
[11Mar2025 20:40:39.850] [Server thread/INFO] [net.minecraft.server.MinecraftServer/]: [@: Removed tag 'invasor' from ElPerejil24]
[11Mar2025 20:40:39.899] [Server thread/INFO] [net.minecraft.server.MinecraftServer/]: [@: Added tag 'invasor' to ElPerejil24]
[11Mar2025 20:40:39.899] [Server thread/INFO] [net.minecraft.server.MinecraftServer/]: [@: Showing new actionbar title for ElPerejil24]
[11Mar2025 20:40:39.900] [Server thread/INFO] [net.minecraft.server.MinecraftServer/]: [@: Removed tag 'invasor' from ElPerejil24]
[11Mar2025 20:40:39.949] [Server thread/INFO] [net.minecraft.server.MinecraftServer/]: [@: Added tag 'invasor' to ElPerejil24]
[11Mar2025 20:40:39.949] [Server thread/INFO] [net.minecraft.server.MinecraftServer/]: [@: Showing new actionbar title for ElPerejil24]
[11Mar2025 20:40:39.949] [Server thread/INFO] [net.minecraft.server.MinecraftServer/]: [@: Removed tag 'invasor' from ElPerejil24]
[11Mar2025 20:40:39.999] [Server thread/INFO] [net.minecraft.server.MinecraftServer/]: [@: Added tag 'invasor' to ElPerejil24]
[11Mar2025 20:40:39.999] [Server thread/INFO] [net.minecraft.server.MinecraftServer/]: [@: Showing new actionbar title for ElPerejil24]
[11Mar2025 20:40:39.999] [Server thread/INFO] [net.minecraft.server.MinecraftServer/]: [@: Removed tag 'invasor' from ElPerejil24]
[11Mar2025 20:40:40.049] [Server thread/INFO] [net.minecraft.server.MinecraftServer/]: [@: Added tag 'invasor' to ElPerejil24]
[11Mar2025 20:40:40.049] [Server thread/INFO] [net.minecraft.server.MinecraftServer/]: [@: Showing new actionbar title for ElPerejil24]
[11Mar2025 20:40:40.050] [Server thread/INFO] [net.minecraft.server.MinecraftServer/]: [@: Removed tag 'invasor' from ElPerejil24]
[11Mar2025 20:40:40.099] [Server thread/INFO] [net.minecraft.server.MinecraftServer/]: [@: Added tag 'invasor' to ElPerejil24]
[11Mar2025 20:40:40.099] [Server thread/INFO] [net.minecraft.server.MinecraftServer/]: [@: Showing new actionbar title for ElPerejil24]
[11Mar2025 20:40:40.100] [Server thread/INFO] [net.minecraft.server.MinecraftServer/]: [@: Removed tag 'invasor' from ElPerejil24]
[11Mar2025 20:40:40.149] [Server thread/INFO] [net.minecraft.server.MinecraftServer/]: [@: Added tag 'invasor' to ElPerejil24]
[11Mar2025 20:40:40.149] [Server thread/INFO] [net.minecraft.server.MinecraftServer/]: [@: Showing new actionbar title for ElPerejil24]
[11Mar2025 20:40:40.149] [Server thread/INFO] [net.minecraft.server.MinecraftServer/]: [@: Removed tag 'invasor' from ElPerejil24]
[11Mar2025 20:40:40.199] [Server thread/INFO] [net.minecraft.server.MinecraftServer/]: [@: Added tag 'invasor' to ElPerejil24]
[11Mar2025 20:40:40.199] [Server thread/INFO] [net.minecraft.server.MinecraftServer/]: [@: Showing new actionbar title for ElPerejil24]
[11Mar2025 20:40:40.199] [Server thread/INFO] [net.minecraft.server.MinecraftServer/]: [@: Removed tag 'invasor' from ElPerejil24]
[11Mar2025 20:40:40.249] [Server thread/INFO] [net.minecraft.server.MinecraftServer/]: [@: Added tag 'invasor' to ElPerejil24]
[11Mar2025 20:40:40.249] [Server thread/INFO] [net.minecraft.server.MinecraftServer/]: [@: Showing new actionbar title for ElPerejil24]
[11Mar2025 20:40:40.249] [Server thread/INFO] [net.minecraft.server.MinecraftServer/]: [@: Removed tag 'invasor' from ElPerejil24]
[11Mar2025 20:40:40.299] [Server thread/INFO] [net.minecraft.server.MinecraftServer/]: [@: Added tag 'invasor' to ElPerejil24]
[11Mar2025 20:40:40.299] [Server thread/INFO] [net.minecraft.server.MinecraftServer/]: [@: Showing new actionbar title for ElPerejil24]
[11Mar2025 20:40:40.299] [Server thread/INFO] [net.minecraft.server.MinecraftServer/]: [@: Removed tag 'invasor' from ElPerejil24]
[11Mar2025 20:40:40.349] [Server thread/INFO] [net.minecraft.server.MinecraftServer/]: [@: Added tag 'invasor' to ElPerejil24]
[11Mar2025 20:40:40.349] [Server thread/INFO] [net.minecraft.server.MinecraftServer/]: [@: Showing new actionbar title for ElPerejil24]
[11Mar2025 20:40:40.350] [Server thread/INFO] [net.minecraft.server.MinecraftServer/]: [@: Removed tag 'invasor' from ElPerejil24]
[11Mar2025 20:40:40.399] [Server thread/INFO] [net.minecraft.server.MinecraftServer/]: [@: Added tag 'invasor' to ElPerejil24]
[11Mar2025 20:40:40.399] [Server thread/INFO] [net.minecraft.server.MinecraftServer/]: [@: Showing new actionbar title for ElPerejil24]
[11Mar2025 20:40:40.399] [Server thread/INFO] [net.minecraft.server.MinecraftServer/]: [@: Removed tag 'invasor' from ElPerejil24]
[11Mar2025 20:40:40.449] [Server thread/INFO] [net.minecraft.server.MinecraftServer/]: [@: Added tag 'invasor' to ElPerejil24]
[11Mar2025 20:40:40.449] [Server thread/INFO] [net.minecraft.server.MinecraftServer/]: [@: Showing new actionbar title for ElPerejil24]
[11Mar2025 20:40:40.449] [Server thread/INFO] [net.minecraft.server.MinecraftServer/]: [@: Removed tag 'invasor' from ElPerejil24]
[11Mar2025 20:40:40.499] [Server thread/INFO] [net.minecraft.server.MinecraftServer/]: [@: Added tag 'invasor' to ElPerejil24]
[11Mar2025 20:40:40.499] [Server thread/INFO] [net.minecraft.server.MinecraftServer/]: [@: Showing new actionbar title for ElPerejil24]
[11Mar2025 20:40:40.499] [Server thread/INFO] [net.minecraft.server.MinecraftServer/]: [@: Removed tag 'invasor' from ElPerejil24]
[11Mar2025 20:40:40.549] [Server thread/INFO] [net.minecraft.server.MinecraftServer/]: [@: Added tag 'invasor' to ElPerejil24]
[11Mar2025 20:40:40.549] [Server thread/INFO] [net.minecraft.server.MinecraftServer/]: [@: Showing new actionbar title for ElPerejil24]
[11Mar2025 20:40:40.549] [Server thread/INFO] [net.minecraft.server.MinecraftServer/]: [@: Removed tag 'invasor' from ElPerejil24]
[11Mar2025 20:40:40.599] [Server thread/INFO] [net.minecraft.server.MinecraftServer/]: [@: Added tag 'invasor' to ElPerejil24]
[11Mar2025 20:40:40.599] [Server thread/INFO] [net.minecraft.server.MinecraftServer/]: [@: Showing new actionbar title for ElPerejil24]
[11Mar2025 20:40:40.599] [Server thread/INFO] [net.minecraft.server.MinecraftServer/]: [@: Removed tag 'invasor' from ElPerejil24]
[11Mar2025 20:40:40.649] [Server thread/INFO] [net.minecraft.server.MinecraftServer/]: [@: Added tag 'invasor' to ElPerejil24]
[11Mar2025 20:40:40.649] [Server thread/INFO] [net.minecraft.server.MinecraftServer/]: [@: Showing new actionbar title for ElPerejil24]
[11Mar2025 20:40:40.649] [Server thread/INFO] [net.minecraft.server.MinecraftServer/]: [@: Removed tag 'invasor' from ElPerejil24]
[11Mar2025 20:40:40.699] [Server thread/INFO] [net.minecraft.server.MinecraftServer/]: [@: Added tag 'invasor' to ElPerejil24]
[11Mar2025 20:40:40.699] [Server thread/INFO] [net.minecraft.server.MinecraftServer/]: [@: Showing new actionbar title for ElPerejil24]
[11Mar2025 20:40:40.699] [Server thread/INFO] [net.minecraft.server.MinecraftServer/]: [@: Removed tag 'invasor' from ElPerejil24]
[11Mar2025 20:40:40.749] [Server thread/INFO] [net.minecraft.server.MinecraftServer/]: [@: Added tag 'invasor' to ElPerejil24]
[11Mar2025 20:40:40.749] [Server thread/INFO] [net.minecraft.server.MinecraftServer/]: [@: Showing new actionbar title for ElPerejil24]
[11Mar2025 20:40:40.749] [Server thread/INFO] [net.minecraft.server.MinecraftServer/]: [@: Removed tag 'invasor' from ElPerejil24]
[11Mar2025 20:40:40.799] [Server thread/INFO] [net.minecraft.server.MinecraftServer/]: [@: Added tag 'invasor' to ElPerejil24]
[11Mar2025 20:40:40.799] [Server thread/INFO] [net.minecraft.server.MinecraftServer/]: [@: Showing new actionbar title for ElPerejil24]
[11Mar2025 20:40:40.799] [Server thread/INFO] [net.minecraft.server.MinecraftServer/]: [@: Removed tag 'invasor' from ElPerejil24]
[11Mar2025 20:40:40.849] [Server thread/INFO] [net.minecraft.server.MinecraftServer/]: [@: Added tag 'invasor' to ElPerejil24]
[11Mar2025 20:40:40.849] [Server thread/INFO] [net.minecraft.server.MinecraftServer/]: [@: Showing new actionbar title for ElPerejil24]
[11Mar2025 20:40:40.849] [Server thread/INFO] [net.minecraft.server.MinecraftServer/]: [@: Removed tag 'invasor' from ElPerejil24]
[11Mar2025 20:40:40.899] [Server thread/INFO] [net.minecraft.server.MinecraftServer/]: [@: Added tag 'invasor' to ElPerejil24]
[11Mar2025 20:40:40.899] [Server thread/INFO] [net.minecraft.server.MinecraftServer/]: [@: Showing new actionbar title for ElPerejil24]
[11Mar2025 20:40:40.899] [Server thread/INFO] [net.minecraft.server.MinecraftServer/]: [@: Removed tag 'invasor' from ElPerejil24]
[11Mar2025 20:40:40.949] [Server thread/INFO] [net.minecraft.server.MinecraftServer/]: [@: Added tag 'invasor' to ElPerejil24]
[11Mar2025 20:40:40.949] [Server thread/INFO] [net.minecraft.server.MinecraftServer/]: [@: Showing new actionbar title for ElPerejil24]
[11Mar2025 20:40:40.949] [Server thread/INFO] [net.minecraft.server.MinecraftServer/]: [@: Removed tag 'invasor' from ElPerejil24]
[11Mar2025 20:40:40.999] [Server thread/INFO] [net.minecraft.server.MinecraftServer/]: [@: Added tag 'invasor' to ElPerejil24]
[11Mar2025 20:40:40.999] [Server thread/INFO] [net.minecraft.server.MinecraftServer/]: [@: Showing new actionbar title for ElPerejil24]
[11Mar2025 20:40:41.000] [Server thread/INFO] [net.minecraft.server.MinecraftServer/]: [@: Removed tag 'invasor' from ElPerejil24]
[11Mar2025 20:40:41.049] [Server thread/INFO] [net.minecraft.server.MinecraftServer/]: [@: Added tag 'invasor' to ElPerejil24]
[11Mar2025 20:40:41.050] [Server thread/INFO] [net.minecraft.server.MinecraftServer/]: [@: Showing new actionbar title for ElPerejil24]
[11Mar2025 20:40:41.050] [Server thread/INFO] [net.minecraft.server.MinecraftServer/]: [@: Removed tag 'invasor' from ElPerejil24]
[11Mar2025 20:40:41.099] [Server thread/INFO] [net.minecraft.server.MinecraftServer/]: [@: Added tag 'invasor' to ElPerejil24]
[11Mar2025 20:40:41.099] [Server thread/INFO] [net.minecraft.server.MinecraftServer/]: [@: Showing new actionbar title for ElPerejil24]
[11Mar2025 20:40:41.100] [Server thread/INFO] [net.minecraft.server.MinecraftServer/]: [@: Removed tag 'invasor' from ElPerejil24]
[11Mar2025 20:40:41.149] [Server thread/INFO] [net.minecraft.server.MinecraftServer/]: [@: Added tag 'invasor' to ElPerejil24]
[11Mar2025 20:40:41.150] [Server thread/INFO] [net.minecraft.server.MinecraftServer/]: [@: Showing new actionbar title for ElPerejil24]
[11Mar2025 20:40:41.150] [Server thread/INFO] [net.minecraft.server.MinecraftServer/]: [@: Removed tag 'invasor' from ElPerejil24]
[11Mar2025 20:40:41.199] [Server thread/INFO] [net.minecraft.server.MinecraftServer/]: [@: Added tag 'invasor' to ElPerejil24]
[11Mar2025 20:40:41.199] [Server thread/INFO] [net.minecraft.server.MinecraftServer/]: [@: Showing new actionbar title for ElPerejil24]
[11Mar2025 20:40:41.199] [Server thread/INFO] [net.minecraft.server.MinecraftServer/]: [@: Removed tag 'invasor' from ElPerejil24]
[11Mar2025 20:40:41.249] [Server thread/INFO] [net.minecraft.server.MinecraftServer/]: [@: Added tag 'invasor' to ElPerejil24]
[11Mar2025 20:40:41.250] [Server thread/INFO] [net.minecraft.server.MinecraftServer/]: [@: Showing new actionbar title for ElPerejil24]
[11Mar2025 20:40:41.250] [Server thread/INFO] [net.minecraft.server.MinecraftServer/]: [@: Removed tag 'invasor' from ElPerejil24]
[11Mar2025 20:40:41.299] [Server thread/INFO] [net.minecraft.server.MinecraftServer/]: [@: Added tag 'invasor' to ElPerejil24]
[11Mar2025 20:40:41.299] [Server thread/INFO] [net.minecraft.server.MinecraftServer/]: [@: Showing new actionbar title for ElPerejil24]
[11Mar2025 20:40:41.300] [Server thread/INFO] [net.minecraft.server.MinecraftServer/]: [@: Removed tag 'invasor' from ElPerejil24]
[11Mar2025 20:40:41.349] [Server thread/INFO] [net.minecraft.server.MinecraftServer/]: [@: Added tag 'invasor' to ElPerejil24]
[11Mar2025 20:40:41.349] [Server thread/INFO] [net.minecraft.server.MinecraftServer/]: [@: Showing new actionbar title for ElPerejil24]
[11Mar2025 20:40:41.349] [Server thread/INFO] [net.minecraft.server.MinecraftServer/]: [@: Removed tag 'invasor' from ElPerejil24]
[11Mar2025 20:40:41.399] [Server thread/INFO] [net.minecraft.server.MinecraftServer/]: [@: Added tag 'invasor' to ElPerejil24]
[11Mar2025 20:40:41.400] [Server thread/INFO] [net.minecraft.server.MinecraftServer/]: [@: Showing new actionbar title for ElPerejil24]
[11Mar2025 20:40:41.400] [Server thread/INFO] [net.minecraft.server.MinecraftServer/]: [@: Removed tag 'invasor' from ElPerejil24]
[11Mar2025 20:40:41.449] [Server thread/INFO] [net.minecraft.server.MinecraftServer/]: [@: Added tag 'invasor' to ElPerejil24]
[11Mar2025 20:40:41.450] [Server thread/INFO] [net.minecraft.server.MinecraftServer/]: [@: Showing new actionbar title for ElPerejil24]
[11Mar2025 20:40:41.450] [Server thread/INFO] [net.minecraft.server.MinecraftServer/]: [@: Removed tag 'invasor' from ElPerejil24]
[11Mar2025 20:40:41.499] [Server thread/INFO] [net.minecraft.server.MinecraftServer/]: [@: Added tag 'invasor' to ElPerejil24]
[11Mar2025 20:40:41.499] [Server thread/INFO] [net.minecraft.server.MinecraftServer/]: [@: Showing new actionbar title for ElPerejil24]
[11Mar2025 20:40:41.499] [Server thread/INFO] [net.minecraft.server.MinecraftServer/]: [@: Removed tag 'invasor' from ElPerejil24]
[11Mar2025 20:40:41.549] [Server thread/INFO] [net.minecraft.server.MinecraftServer/]: [@: Added tag 'invasor' to ElPerejil24]
[11Mar2025 20:40:41.549] [Server thread/INFO] [net.minecraft.server.MinecraftServer/]: [@: Showing new actionbar title for ElPerejil24]
[11Mar2025 20:40:41.549] [Server thread/INFO] [net.minecraft.server.MinecraftServer/]: [@: Removed tag 'invasor' from ElPerejil24]
[11Mar2025 20:40:41.599] [Server thread/INFO] [net.minecraft.server.MinecraftServer/]: [@: Added tag 'invasor' to ElPerejil24]
[11Mar2025 20:40:41.599] [Server thread/INFO] [net.minecraft.server.MinecraftServer/]: [@: Showing new actionbar title for ElPerejil24]
[11Mar2025 20:40:41.600] [Server thread/INFO] [net.minecraft.server.MinecraftServer/]: [@: Removed tag 'invasor' from ElPerejil24]
[11Mar2025 20:40:41.649] [Server thread/INFO] [net.minecraft.server.MinecraftServer/]: [@: Added tag 'invasor' to ElPerejil24]
[11Mar2025 20:40:41.649] [Server thread/INFO] [net.minecraft.server.MinecraftServer/]: [@: Showing new actionbar title for ElPerejil24]
[11Mar2025 20:40:41.649] [Server thread/INFO] [net.minecraft.server.MinecraftServer/]: [@: Removed tag 'invasor' from ElPerejil24]
[11Mar2025 20:40:41.699] [Server thread/INFO] [net.minecraft.server.MinecraftServer/]: [@: Added tag 'invasor' to ElPerejil24]
[11Mar2025 20:40:41.699] [Server thread/INFO] [net.minecraft.server.MinecraftServer/]: [@: Showing new actionbar title for ElPerejil24]
[11Mar2025 20:40:41.700] [Server thread/INFO] [net.minecraft.server.MinecraftServer/]: [@: Removed tag 'invasor' from ElPerejil24]
[11Mar2025 20:40:41.749] [Server thread/INFO] [net.minecraft.server.MinecraftServer/]: [@: Added tag 'invasor' to ElPerejil24]
[11Mar2025 20:40:41.749] [Server thread/INFO] [net.minecraft.server.MinecraftServer/]: [@: Showing new actionbar title for ElPerejil24]
[11Mar2025 20:40:41.749] [Server thread/INFO] [net.minecraft.server.MinecraftServer/]: [@: Removed tag 'invasor' from ElPerejil24]
[11Mar2025 20:40:41.799] [Server thread/INFO] [net.minecraft.server.MinecraftServer/]: [@: Added tag 'invasor' to ElPerejil24]
[11Mar2025 20:40:41.799] [Server thread/INFO] [net.minecraft.server.MinecraftServer/]: [@: Showing new actionbar title for ElPerejil24]
[11Mar2025 20:40:41.799] [Server thread/INFO] [net.minecraft.server.MinecraftServer/]: [@: Removed tag 'invasor' from ElPerejil24]
[11Mar2025 20:40:41.849] [Server thread/INFO] [net.minecraft.server.MinecraftServer/]: [@: Added tag 'invasor' to ElPerejil24]
[11Mar2025 20:40:41.849] [Server thread/INFO] [net.minecraft.server.MinecraftServer/]: [@: Showing new actionbar title for ElPerejil24]
[11Mar2025 20:40:41.849] [Server thread/INFO] [net.minecraft.server.MinecraftServer/]: [@: Removed tag 'invasor' from ElPerejil24]
[11Mar2025 20:40:41.899] [Server thread/INFO] [net.minecraft.server.MinecraftServer/]: [@: Added tag 'invasor' to ElPerejil24]
[11Mar2025 20:40:41.899] [Server thread/INFO] [net.minecraft.server.MinecraftServer/]: [@: Showing new actionbar title for ElPerejil24]
[11Mar2025 20:40:41.900] [Server thread/INFO] [net.minecraft.server.MinecraftServer/]: [@: Removed tag 'invasor' from ElPerejil24]
[11Mar2025 20:40:41.949] [Server thread/INFO] [net.minecraft.server.MinecraftServer/]: [@: Added tag 'invasor' to ElPerejil24]
[11Mar2025 20:40:41.949] [Server thread/INFO] [net.minecraft.server.MinecraftServer/]: [@: Showing new actionbar title for ElPerejil24]
[11Mar2025 20:40:41.949] [Server thread/INFO] [net.minecraft.server.MinecraftServer/]: [@: Removed tag 'invasor' from ElPerejil24]
[11Mar2025 20:40:41.999] [Server thread/INFO] [net.minecraft.server.MinecraftServer/]: [@: Added tag 'invasor' to ElPerejil24]
[11Mar2025 20:40:41.999] [Server thread/INFO] [net.minecraft.server.MinecraftServer/]: [@: Showing new actionbar title for ElPerejil24]
[11Mar2025 20:40:42.000] [Server thread/INFO] [net.minecraft.server.MinecraftServer/]: [@: Removed tag 'invasor' from ElPerejil24]
[11Mar2025 20:40:42.049] [Server thread/INFO] [net.minecraft.server.MinecraftServer/]: [@: Added tag 'invasor' to ElPerejil24]
[11Mar2025 20:40:42.050] [Server thread/INFO] [net.minecraft.server.MinecraftServer/]: [@: Showing new actionbar title for ElPerejil24]
[11Mar2025 20:40:42.050] [Server thread/INFO] [net.minecraft.server.MinecraftServer/]: [@: Removed tag 'invasor' from ElPerejil24]
[11Mar2025 20:40:42.099] [Server thread/INFO] [net.minecraft.server.MinecraftServer/]: [@: Added tag 'invasor' to ElPerejil24]
[11Mar2025 20:40:42.099] [Server thread/INFO] [net.minecraft.server.MinecraftServer/]: [@: Showing new actionbar title for ElPerejil24]
[11Mar2025 20:40:42.100] [Server thread/INFO] [net.minecraft.server.MinecraftServer/]: [@: Removed tag 'invasor' from ElPerejil24]
[11Mar2025 20:40:42.149] [Server thread/INFO] [net.minecraft.server.MinecraftServer/]: [@: Added tag 'invasor' to ElPerejil24]
[11Mar2025 20:40:42.149] [Server thread/INFO] [net.minecraft.server.MinecraftServer/]: [@: Showing new actionbar title for ElPerejil24]
[11Mar2025 20:40:42.149] [Server thread/INFO] [net.minecraft.server.MinecraftServer/]: [@: Removed tag 'invasor' from ElPerejil24]
[11Mar2025 20:40:42.199] [Server thread/INFO] [net.minecraft.server.MinecraftServer/]: [@: Added tag 'invasor' to ElPerejil24]
[11Mar2025 20:40:42.200] [Server thread/INFO] [net.minecraft.server.MinecraftServer/]: [@: Showing new actionbar title for ElPerejil24]
[11Mar2025 20:40:42.200] [Server thread/INFO] [net.minecraft.server.MinecraftServer/]: [@: Removed tag 'invasor' from ElPerejil24]
[11Mar2025 20:40:42.249] [Server thread/INFO] [net.minecraft.server.MinecraftServer/]: [@: Added tag 'invasor' to ElPerejil24]
[11Mar2025 20:40:42.250] [Server thread/INFO] [net.minecraft.server.MinecraftServer/]: [@: Showing new actionbar title for ElPerejil24]
[11Mar2025 20:40:42.250] [Server thread/INFO] [net.minecraft.server.MinecraftServer/]: [@: Removed tag 'invasor' from ElPerejil24]
[11Mar2025 20:40:42.299] [Server thread/INFO] [net.minecraft.server.MinecraftServer/]: [@: Added tag 'invasor' to ElPerejil24]
[11Mar2025 20:40:42.300] [Server thread/INFO] [net.minecraft.server.MinecraftServer/]: [@: Showing new actionbar title for ElPerejil24]
[11Mar2025 20:40:42.300] [Server thread/INFO] [net.minecraft.server.MinecraftServer/]: [@: Removed tag 'invasor' from ElPerejil24]
[11Mar2025 20:40:42.349] [Server thread/INFO] [net.minecraft.server.MinecraftServer/]: [@: Added tag 'invasor' to ElPerejil24]
[11Mar2025 20:40:42.350] [Server thread/INFO] [net.minecraft.server.MinecraftServer/]: [@: Showing new actionbar title for ElPerejil24]
[11Mar2025 20:40:42.350] [Server thread/INFO] [net.minecraft.server.MinecraftServer/]: [@: Removed tag 'invasor' from ElPerejil24]
[11Mar2025 20:40:42.399] [Server thread/INFO] [net.minecraft.server.MinecraftServer/]: [@: Added tag 'invasor' to ElPerejil24]
[11Mar2025 20:40:42.400] [Server thread/INFO] [net.minecraft.server.MinecraftServer/]: [@: Showing new actionbar title for ElPerejil24]
[11Mar2025 20:40:42.400] [Server thread/INFO] [net.minecraft.server.MinecraftServer/]: [@: Removed tag 'invasor' from ElPerejil24]
[11Mar2025 20:40:42.449] [Server thread/INFO] [net.minecraft.server.MinecraftServer/]: [@: Added tag 'invasor' to ElPerejil24]
[11Mar2025 20:40:42.450] [Server thread/INFO] [net.minecraft.server.MinecraftServer/]: [@: Showing new actionbar title for ElPerejil24]
[11Mar2025 20:40:42.450] [Server thread/INFO] [net.minecraft.server.MinecraftServer/]: [@: Removed tag 'invasor' from ElPerejil24]
[11Mar2025 20:40:42.499] [Server thread/INFO] [net.minecraft.server.MinecraftServer/]: [@: Added tag 'invasor' to ElPerejil24]
[11Mar2025 20:40:42.500] [Server thread/INFO] [net.minecraft.server.MinecraftServer/]: [@: Showing new actionbar title for ElPerejil24]
[11Mar2025 20:40:42.500] [Server thread/INFO] [net.minecraft.server.MinecraftServer/]: [@: Removed tag 'invasor' from ElPerejil24]
[11Mar2025 20:40:42.549] [Server thread/INFO] [net.minecraft.server.MinecraftServer/]: [@: Added tag 'invasor' to ElPerejil24]
[11Mar2025 20:40:42.549] [Server thread/INFO] [net.minecraft.server.MinecraftServer/]: [@: Showing new actionbar title for ElPerejil24]
[11Mar2025 20:40:42.550] [Server thread/INFO] [net.minecraft.server.MinecraftServer/]: [@: Removed tag 'invasor' from ElPerejil24]
[11Mar2025 20:40:42.599] [Server thread/INFO] [net.minecraft.server.MinecraftServer/]: [@: Added tag 'invasor' to ElPerejil24]
[11Mar2025 20:40:42.599] [Server thread/INFO] [net.minecraft.server.MinecraftServer/]: [@: Showing new actionbar title for ElPerejil24]
[11Mar2025 20:40:42.600] [Server thread/INFO] [net.minecraft.server.MinecraftServer/]: [@: Removed tag 'invasor' from ElPerejil24]
[11Mar2025 20:40:42.649] [Server thread/INFO] [net.minecraft.server.MinecraftServer/]: [@: Added tag 'invasor' to ElPerejil24]
[11Mar2025 20:40:42.650] [Server thread/INFO] [net.minecraft.server.MinecraftServer/]: [@: Showing new actionbar title for ElPerejil24]
[11Mar2025 20:40:42.650] [Server thread/INFO] [net.minecraft.server.MinecraftServer/]: [@: Removed tag 'invasor' from ElPerejil24]
[11Mar2025 20:40:42.699] [Server thread/INFO] [net.minecraft.server.MinecraftServer/]: [@: Added tag 'invasor' to ElPerejil24]
[11Mar2025 20:40:42.699] [Server thread/INFO] [net.minecraft.server.MinecraftServer/]: [@: Showing new actionbar title for ElPerejil24]
[11Mar2025 20:40:42.700] [Server thread/INFO] [net.minecraft.server.MinecraftServer/]: [@: Removed tag 'invasor' from ElPerejil24]
[11Mar2025 20:40:42.749] [Server thread/INFO] [net.minecraft.server.MinecraftServer/]: [@: Added tag 'invasor' to ElPerejil24]
[11Mar2025 20:40:42.749] [Server thread/INFO] [net.minecraft.server.MinecraftServer/]: [@: Showing new actionbar title for ElPerejil24]
[11Mar2025 20:40:42.750] [Server thread/INFO] [net.minecraft.server.MinecraftServer/]: [@: Removed tag 'invasor' from ElPerejil24]
[11Mar2025 20:40:42.799] [Server thread/INFO] [net.minecraft.server.MinecraftServer/]: [@: Added tag 'invasor' to ElPerejil24]
[11Mar2025 20:40:42.799] [Server thread/INFO] [net.minecraft.server.MinecraftServer/]: [@: Showing new actionbar title for ElPerejil24]
[11Mar2025 20:40:42.799] [Server thread/INFO] [net.minecraft.server.MinecraftServer/]: [@: Removed tag 'invasor' from ElPerejil24]
[11Mar2025 20:40:42.849] [Server thread/INFO] [net.minecraft.server.MinecraftServer/]: [@: Added tag 'invasor' to ElPerejil24]
[11Mar2025 20:40:42.849] [Server thread/INFO] [net.minecraft.server.MinecraftServer/]: [@: Showing new actionbar title for ElPerejil24]
[11Mar2025 20:40:42.849] [Server thread/INFO] [net.minecraft.server.MinecraftServer/]: [@: Removed tag 'invasor' from ElPerejil24]
[11Mar2025 20:40:42.899] [Server thread/INFO] [net.minecraft.server.MinecraftServer/]: [@: Added tag 'invasor' to ElPerejil24]
[11Mar2025 20:40:42.899] [Server thread/INFO] [net.minecraft.server.MinecraftServer/]: [@: Showing new actionbar title for ElPerejil24]
[11Mar2025 20:40:42.900] [Server thread/INFO] [net.minecraft.server.MinecraftServer/]: [@: Removed tag 'invasor' from ElPerejil24]
[11Mar2025 20:40:42.949] [Server thread/INFO] [net.minecraft.server.MinecraftServer/]: [@: Added tag 'invasor' to ElPerejil24]
[11Mar2025 20:40:42.949] [Server thread/INFO] [net.minecraft.server.MinecraftServer/]: [@: Showing new actionbar title for ElPerejil24]
[11Mar2025 20:40:42.950] [Server thread/INFO] [net.minecraft.server.MinecraftServer/]: [@: Removed tag 'invasor' from ElPerejil24]
[11Mar2025 20:40:42.999] [Server thread/INFO] [net.minecraft.server.MinecraftServer/]: [@: Added tag 'invasor' to ElPerejil24]
[11Mar2025 20:40:42.999] [Server thread/INFO] [net.minecraft.server.MinecraftServer/]: [@: Showing new actionbar title for ElPerejil24]
[11Mar2025 20:40:43.000] [Server thread/INFO] [net.minecraft.server.MinecraftServer/]: [@: Removed tag 'invasor' from ElPerejil24]
[11Mar2025 20:40:43.049] [Server thread/INFO] [net.minecraft.server.MinecraftServer/]: [@: Added tag 'invasor' to ElPerejil24]
[11Mar2025 20:40:43.049] [Server thread/INFO] [net.minecraft.server.MinecraftServer/]: [@: Showing new actionbar title for ElPerejil24]
[11Mar2025 20:40:43.050] [Server thread/INFO] [net.minecraft.server.MinecraftServer/]: [@: Removed tag 'invasor' from ElPerejil24]
[11Mar2025 20:40:43.099] [Server thread/INFO] [net.minecraft.server.MinecraftServer/]: [@: Added tag 'invasor' to ElPerejil24]
[11Mar2025 20:40:43.099] [Server thread/INFO] [net.minecraft.server.MinecraftServer/]: [@: Showing new actionbar title for ElPerejil24]
[11Mar2025 20:40:43.099] [Server thread/INFO] [net.minecraft.server.MinecraftServer/]: [@: Removed tag 'invasor' from ElPerejil24]
[11Mar2025 20:40:43.149] [Server thread/INFO] [net.minecraft.server.MinecraftServer/]: [@: Added tag 'invasor' to ElPerejil24]
[11Mar2025 20:40:43.149] [Server thread/INFO] [net.minecraft.server.MinecraftServer/]: [@: Showing new actionbar title for ElPerejil24]
[11Mar2025 20:40:43.150] [Server thread/INFO] [net.minecraft.server.MinecraftServer/]: [@: Removed tag 'invasor' from ElPerejil24]
[11Mar2025 20:40:43.199] [Server thread/INFO] [net.minecraft.server.MinecraftServer/]: [@: Added tag 'invasor' to ElPerejil24]
[11Mar2025 20:40:43.199] [Server thread/INFO] [net.minecraft.server.MinecraftServer/]: [@: Showing new actionbar title for ElPerejil24]
[11Mar2025 20:40:43.200] [Server thread/INFO] [net.minecraft.server.MinecraftServer/]: [@: Removed tag 'invasor' from ElPerejil24]
[11Mar2025 20:40:43.249] [Server thread/INFO] [net.minecraft.server.MinecraftServer/]: [@: Added tag 'invasor' to ElPerejil24]
[11Mar2025 20:40:43.250] [Server thread/INFO] [net.minecraft.server.MinecraftServer/]: [@: Showing new actionbar title for ElPerejil24]
[11Mar2025 20:40:43.250] [Server thread/INFO] [net.minecraft.server.MinecraftServer/]: [@: Removed tag 'invasor' from ElPerejil24]
[11Mar2025 20:40:43.299] [Server thread/INFO] [net.minecraft.server.MinecraftServer/]: [@: Added tag 'invasor' to ElPerejil24]
[11Mar2025 20:40:43.299] [Server thread/INFO] [net.minecraft.server.MinecraftServer/]: [@: Showing new actionbar title for ElPerejil24]
[11Mar2025 20:40:43.300] [Server thread/INFO] [net.minecraft.server.MinecraftServer/]: [@: Removed tag 'invasor' from ElPerejil24]
[11Mar2025 20:40:43.349] [Server thread/INFO] [net.minecraft.server.MinecraftServer/]: [@: Added tag 'invasor' to ElPerejil24]
[11Mar2025 20:40:43.349] [Server thread/INFO] [net.minecraft.server.MinecraftServer/]: [@: Showing new actionbar title for ElPerejil24]
[11Mar2025 20:40:43.350] [Server thread/INFO] [net.minecraft.server.MinecraftServer/]: [@: Removed tag 'invasor' from ElPerejil24]
[11Mar2025 20:40:43.399] [Server thread/INFO] [net.minecraft.server.MinecraftServer/]: [@: Added tag 'invasor' to ElPerejil24]
[11Mar2025 20:40:43.399] [Server thread/INFO] [net.minecraft.server.MinecraftServer/]: [@: Showing new actionbar title for ElPerejil24]
[11Mar2025 20:40:43.400] [Server thread/INFO] [net.minecraft.server.MinecraftServer/]: [@: Removed tag 'invasor' from ElPerejil24]
[11Mar2025 20:40:43.449] [Server thread/INFO] [net.minecraft.server.MinecraftServer/]: [@: Added tag 'invasor' to ElPerejil24]
[11Mar2025 20:40:43.449] [Server thread/INFO] [net.minecraft.server.MinecraftServer/]: [@: Showing new actionbar title for ElPerejil24]
[11Mar2025 20:40:43.450] [Server thread/INFO] [net.minecraft.server.MinecraftServer/]: [@: Removed tag 'invasor' from ElPerejil24]
[11Mar2025 20:40:43.499] [Server thread/INFO] [net.minecraft.server.MinecraftServer/]: [@: Added tag 'invasor' to ElPerejil24]
[11Mar2025 20:40:43.499] [Server thread/INFO] [net.minecraft.server.MinecraftServer/]: [@: Showing new actionbar title for ElPerejil24]
[11Mar2025 20:40:43.500] [Server thread/INFO] [net.minecraft.server.MinecraftServer/]: [@: Removed tag 'invasor' from ElPerejil24]
[11Mar2025 20:40:43.549] [Server thread/INFO] [net.minecraft.server.MinecraftServer/]: [@: Added tag 'invasor' to ElPerejil24]
[11Mar2025 20:40:43.549] [Server thread/INFO] [net.minecraft.server.MinecraftServer/]: [@: Showing new actionbar title for ElPerejil24]
[11Mar2025 20:40:43.549] [Server thread/INFO] [net.minecraft.server.MinecraftServer/]: [@: Removed tag 'invasor' from ElPerejil24]
[11Mar2025 20:40:43.599] [Server thread/INFO] [net.minecraft.server.MinecraftServer/]: [@: Added tag 'invasor' to ElPerejil24]
[11Mar2025 20:40:43.599] [Server thread/INFO] [net.minecraft.server.MinecraftServer/]: [@: Showing new actionbar title for ElPerejil24]
[11Mar2025 20:40:43.599] [Server thread/INFO] [net.minecraft.server.MinecraftServer/]: [@: Removed tag 'invasor' from ElPerejil24]
[11Mar2025 20:40:43.649] [Server thread/INFO] [net.minecraft.server.MinecraftServer/]: [@: Added tag 'invasor' to ElPerejil24]
[11Mar2025 20:40:43.649] [Server thread/INFO] [net.minecraft.server.MinecraftServer/]: [@: Showing new actionbar title for ElPerejil24]
[11Mar2025 20:40:43.649] [Server thread/INFO] [net.minecraft.server.MinecraftServer/]: [@: Removed tag 'invasor' from ElPerejil24]
[11Mar2025 20:40:43.699] [Server thread/INFO] [net.minecraft.server.MinecraftServer/]: [@: Added tag 'invasor' to ElPerejil24]
[11Mar2025 20:40:43.699] [Server thread/INFO] [net.minecraft.server.MinecraftServer/]: [@: Showing new actionbar title for ElPerejil24]
[11Mar2025 20:40:43.700] [Server thread/INFO] [net.minecraft.server.MinecraftServer/]: [@: Removed tag 'invasor' from ElPerejil24]
[11Mar2025 20:40:43.749] [Server thread/INFO] [net.minecraft.server.MinecraftServer/]: [@: Added tag 'invasor' to ElPerejil24]
[11Mar2025 20:40:43.749] [Server thread/INFO] [net.minecraft.server.MinecraftServer/]: [@: Showing new actionbar title for ElPerejil24]
[11Mar2025 20:40:43.749] [Server thread/INFO] [net.minecraft.server.MinecraftServer/]: [@: Removed tag 'invasor' from ElPerejil24]
[11Mar2025 20:40:43.799] [Server thread/INFO] [net.minecraft.server.MinecraftServer/]: [@: Added tag 'invasor' to ElPerejil24]
[11Mar2025 20:40:43.799] [Server thread/INFO] [net.minecraft.server.MinecraftServer/]: [@: Showing new actionbar title for ElPerejil24]
[11Mar2025 20:40:43.799] [Server thread/INFO] [net.minecraft.server.MinecraftServer/]: [@: Removed tag 'invasor' from ElPerejil24]
[11Mar2025 20:40:43.849] [Server thread/INFO] [net.minecraft.server.MinecraftServer/]: [@: Added tag 'invasor' to ElPerejil24]
[11Mar2025 20:40:43.849] [Server thread/INFO] [net.minecraft.server.MinecraftServer/]: [@: Showing new actionbar title for ElPerejil24]
[11Mar2025 20:40:43.849] [Server thread/INFO] [net.minecraft.server.MinecraftServer/]: [@: Removed tag 'invasor' from ElPerejil24]
[11Mar2025 20:40:43.899] [Server thread/INFO] [net.minecraft.server.MinecraftServer/]: [@: Added tag 'invasor' to ElPerejil24]
[11Mar2025 20:40:43.899] [Server thread/INFO] [net.minecraft.server.MinecraftServer/]: [@: Showing new actionbar title for ElPerejil24]
[11Mar2025 20:40:43.899] [Server thread/INFO] [net.minecraft.server.MinecraftServer/]: [@: Removed tag 'invasor' from ElPerejil24]
[11Mar2025 20:40:43.949] [Server thread/INFO] [net.minecraft.server.MinecraftServer/]: [@: Added tag 'invasor' to ElPerejil24]
[11Mar2025 20:40:43.949] [Server thread/INFO] [net.minecraft.server.MinecraftServer/]: [@: Showing new actionbar title for ElPerejil24]
[11Mar2025 20:40:43.949] [Server thread/INFO] [net.minecraft.server.MinecraftServer/]: [@: Removed tag 'invasor' from ElPerejil24]
[11Mar2025 20:40:43.999] [Server thread/INFO] [net.minecraft.server.MinecraftServer/]: [@: Added tag 'invasor' to ElPerejil24]
[11Mar2025 20:40:43.999] [Server thread/INFO] [net.minecraft.server.MinecraftServer/]: [@: Showing new actionbar title for ElPerejil24]
[11Mar2025 20:40:43.999] [Server thread/INFO] [net.minecraft.server.MinecraftServer/]: [@: Removed tag 'invasor' from ElPerejil24]
[11Mar2025 20:40:44.049] [Server thread/INFO] [net.minecraft.server.MinecraftServer/]: [@: Added tag 'invasor' to ElPerejil24]
[11Mar2025 20:40:44.049] [Server thread/INFO] [net.minecraft.server.MinecraftServer/]: [@: Showing new actionbar title for ElPerejil24]
[11Mar2025 20:40:44.049] [Server thread/INFO] [net.minecraft.server.MinecraftServer/]: [@: Removed tag 'invasor' from ElPerejil24]
[11Mar2025 20:40:44.099] [Server thread/INFO] [net.minecraft.server.MinecraftServer/]: [@: Added tag 'invasor' to ElPerejil24]
[11Mar2025 20:40:44.099] [Server thread/INFO] [net.minecraft.server.MinecraftServer/]: [@: Showing new actionbar title for ElPerejil24]
[11Mar2025 20:40:44.099] [Server thread/INFO] [net.minecraft.server.MinecraftServer/]: [@: Removed tag 'invasor' from ElPerejil24]
[11Mar2025 20:40:44.149] [Server thread/INFO] [net.minecraft.server.MinecraftServer/]: [@: Added tag 'invasor' to ElPerejil24]
[11Mar2025 20:40:44.149] [Server thread/INFO] [net.minecraft.server.MinecraftServer/]: [@: Showing new actionbar title for ElPerejil24]
[11Mar2025 20:40:44.149] [Server thread/INFO] [net.minecraft.server.MinecraftServer/]: [@: Removed tag 'invasor' from ElPerejil24]
[11Mar2025 20:40:44.199] [Server thread/INFO] [net.minecraft.server.MinecraftServer/]: [@: Added tag 'invasor' to ElPerejil24]
[11Mar2025 20:40:44.199] [Server thread/INFO] [net.minecraft.server.MinecraftServer/]: [@: Showing new actionbar title for ElPerejil24]
[11Mar2025 20:40:44.199] [Server thread/INFO] [net.minecraft.server.MinecraftServer/]: [@: Removed tag 'invasor' from ElPerejil24]
[11Mar2025 20:40:44.249] [Server thread/INFO] [net.minecraft.server.MinecraftServer/]: [@: Added tag 'invasor' to ElPerejil24]
[11Mar2025 20:40:44.249] [Server thread/INFO] [net.minecraft.server.MinecraftServer/]: [@: Showing new actionbar title for ElPerejil24]
[11Mar2025 20:40:44.249] [Server thread/INFO] [net.minecraft.server.MinecraftServer/]: [@: Removed tag 'invasor' from ElPerejil24]
[11Mar2025 20:40:44.299] [Server thread/INFO] [net.minecraft.server.MinecraftServer/]: [@: Added tag 'invasor' to ElPerejil24]
[11Mar2025 20:40:44.299] [Server thread/INFO] [net.minecraft.server.MinecraftServer/]: [@: Showing new actionbar title for ElPerejil24]
[11Mar2025 20:40:44.299] [Server thread/INFO] [net.minecraft.server.MinecraftServer/]: [@: Removed tag 'invasor' from ElPerejil24]
[11Mar2025 20:40:44.349] [Server thread/INFO] [net.minecraft.server.MinecraftServer/]: [@: Added tag 'invasor' to ElPerejil24]
[11Mar2025 20:40:44.349] [Server thread/INFO] [net.minecraft.server.MinecraftServer/]: [@: Showing new actionbar title for ElPerejil24]
[11Mar2025 20:40:44.350] [Server thread/INFO] [net.minecraft.server.MinecraftServer/]: [@: Removed tag 'invasor' from ElPerejil24]
[11Mar2025 20:40:44.399] [Server thread/INFO] [net.minecraft.server.MinecraftServer/]: [@: Added tag 'invasor' to ElPerejil24]
[11Mar2025 20:40:44.399] [Server thread/INFO] [net.minecraft.server.MinecraftServer/]: [@: Showing new actionbar title for ElPerejil24]
[11Mar2025 20:40:44.399] [Server thread/INFO] [net.minecraft.server.MinecraftServer/]: [@: Removed tag 'invasor' from ElPerejil24]
[11Mar2025 20:40:44.449] [Server thread/INFO] [net.minecraft.server.MinecraftServer/]: [@: Added tag 'invasor' to ElPerejil24]
[11Mar2025 20:40:44.449] [Server thread/INFO] [net.minecraft.server.MinecraftServer/]: [@: Showing new actionbar title for ElPerejil24]
[11Mar2025 20:40:44.449] [Server thread/INFO] [net.minecraft.server.MinecraftServer/]: [@: Removed tag 'invasor' from ElPerejil24]
[11Mar2025 20:40:44.499] [Server thread/INFO] [net.minecraft.server.MinecraftServer/]: [@: Added tag 'invasor' to ElPerejil24]
[11Mar2025 20:40:44.499] [Server thread/INFO] [net.minecraft.server.MinecraftServer/]: [@: Showing new actionbar title for ElPerejil24]
[11Mar2025 20:40:44.499] [Server thread/INFO] [net.minecraft.server.MinecraftServer/]: [@: Removed tag 'invasor' from ElPerejil24]
[11Mar2025 20:40:44.549] [Server thread/INFO] [net.minecraft.server.MinecraftServer/]: [@: Added tag 'invasor' to ElPerejil24]
[11Mar2025 20:40:44.549] [Server thread/INFO] [net.minecraft.server.MinecraftServer/]: [@: Showing new actionbar title for ElPerejil24]
[11Mar2025 20:40:44.549] [Server thread/INFO] [net.minecraft.server.MinecraftServer/]: [@: Removed tag 'invasor' from ElPerejil24]
[11Mar2025 20:40:44.599] [Server thread/INFO] [net.minecraft.server.MinecraftServer/]: [@: Added tag 'invasor' to ElPerejil24]
[11Mar2025 20:40:44.599] [Server thread/INFO] [net.minecraft.server.MinecraftServer/]: [@: Showing new actionbar title for ElPerejil24]
[11Mar2025 20:40:44.600] [Server thread/INFO] [net.minecraft.server.MinecraftServer/]: [@: Removed tag 'invasor' from ElPerejil24]
[11Mar2025 20:40:44.649] [Server thread/INFO] [net.minecraft.server.MinecraftServer/]: [@: Added tag 'invasor' to ElPerejil24]
[11Mar2025 20:40:44.649] [Server thread/INFO] [net.minecraft.server.MinecraftServer/]: [@: Showing new actionbar title for ElPerejil24]
[11Mar2025 20:40:44.649] [Server thread/INFO] [net.minecraft.server.MinecraftServer/]: [@: Removed tag 'invasor' from ElPerejil24]
[11Mar2025 20:40:44.699] [Server thread/INFO] [net.minecraft.server.MinecraftServer/]: [@: Added tag 'invasor' to ElPerejil24]
[11Mar2025 20:40:44.699] [Server thread/INFO] [net.minecraft.server.MinecraftServer/]: [@: Showing new actionbar title for ElPerejil24]
[11Mar2025 20:40:44.699] [Server thread/INFO] [net.minecraft.server.MinecraftServer/]: [@: Removed tag 'invasor' from ElPerejil24]
[11Mar2025 20:40:44.749] [Server thread/INFO] [net.minecraft.server.MinecraftServer/]: [@: Added tag 'invasor' to ElPerejil24]
[11Mar2025 20:40:44.749] [Server thread/INFO] [net.minecraft.server.MinecraftServer/]: [@: Showing new actionbar title for ElPerejil24]
[11Mar2025 20:40:44.749] [Server thread/INFO] [net.minecraft.server.MinecraftServer/]: [@: Removed tag 'invasor' from ElPerejil24]
[11Mar2025 20:40:44.799] [Server thread/INFO] [net.minecraft.server.MinecraftServer/]: [@: Added tag 'invasor' to ElPerejil24]
[11Mar2025 20:40:44.799] [Server thread/INFO] [net.minecraft.server.MinecraftServer/]: [@: Showing new actionbar title for ElPerejil24]
[11Mar2025 20:40:44.799] [Server thread/INFO] [net.minecraft.server.MinecraftServer/]: [@: Removed tag 'invasor' from ElPerejil24]
[11Mar2025 20:40:44.849] [Server thread/INFO] [net.minecraft.server.MinecraftServer/]: [@: Added tag 'invasor' to ElPerejil24]
[11Mar2025 20:40:44.849] [Server thread/INFO] [net.minecraft.server.MinecraftServer/]: [@: Showing new actionbar title for ElPerejil24]
[11Mar2025 20:40:44.850] [Server thread/INFO] [net.minecraft.server.MinecraftServer/]: [@: Removed tag 'invasor' from ElPerejil24]
[11Mar2025 20:40:44.899] [Server thread/INFO] [net.minecraft.server.MinecraftServer/]: [@: Added tag 'invasor' to ElPerejil24]
[11Mar2025 20:40:44.899] [Server thread/INFO] [net.minecraft.server.MinecraftServer/]: [@: Showing new actionbar title for ElPerejil24]
[11Mar2025 20:40:44.899] [Server thread/INFO] [net.minecraft.server.MinecraftServer/]: [@: Removed tag 'invasor' from ElPerejil24]
[11Mar2025 20:40:44.949] [Server thread/INFO] [net.minecraft.server.MinecraftServer/]: [@: Added tag 'invasor' to ElPerejil24]
[11Mar2025 20:40:44.949] [Server thread/INFO] [net.minecraft.server.MinecraftServer/]: [@: Showing new actionbar title for ElPerejil24]
[11Mar2025 20:40:44.950] [Server thread/INFO] [net.minecraft.server.MinecraftServer/]: [@: Removed tag 'invasor' from ElPerejil24]
[11Mar2025 20:40:44.999] [Server thread/INFO] [net.minecraft.server.MinecraftServer/]: [@: Added tag 'invasor' to ElPerejil24]
[11Mar2025 20:40:44.999] [Server thread/INFO] [net.minecraft.server.MinecraftServer/]: [@: Showing new actionbar title for ElPerejil24]
[11Mar2025 20:40:45.000] [Server thread/INFO] [net.minecraft.server.MinecraftServer/]: [@: Removed tag 'invasor' from ElPerejil24]
[11Mar2025 20:40:45.049] [Server thread/INFO] [net.minecraft.server.MinecraftServer/]: [@: Added tag 'invasor' to ElPerejil24]
[11Mar2025 20:40:45.049] [Server thread/INFO] [net.minecraft.server.MinecraftServer/]: [@: Showing new actionbar title for ElPerejil24]
[11Mar2025 20:40:45.049] [Server thread/INFO] [net.minecraft.server.MinecraftServer/]: [@: Removed tag 'invasor' from ElPerejil24]
[11Mar2025 20:40:45.099] [Server thread/INFO] [net.minecraft.server.MinecraftServer/]: [@: Added tag 'invasor' to ElPerejil24]
[11Mar2025 20:40:45.099] [Server thread/INFO] [net.minecraft.server.MinecraftServer/]: [@: Showing new actionbar title for ElPerejil24]
[11Mar2025 20:40:45.099] [Server thread/INFO] [net.minecraft.server.MinecraftServer/]: [@: Removed tag 'invasor' from ElPerejil24]
[11Mar2025 20:40:45.149] [Server thread/INFO] [net.minecraft.server.MinecraftServer/]: [@: Added tag 'invasor' to ElPerejil24]
[11Mar2025 20:40:45.149] [Server thread/INFO] [net.minecraft.server.MinecraftServer/]: [@: Showing new actionbar title for ElPerejil24]
[11Mar2025 20:40:45.149] [Server thread/INFO] [net.minecraft.server.MinecraftServer/]: [@: Removed tag 'invasor' from ElPerejil24]
[11Mar2025 20:40:45.199] [Server thread/INFO] [net.minecraft.server.MinecraftServer/]: [@: Added tag 'invasor' to ElPerejil24]
[11Mar2025 20:40:45.199] [Server thread/INFO] [net.minecraft.server.MinecraftServer/]: [@: Showing new actionbar title for ElPerejil24]
[11Mar2025 20:40:45.199] [Server thread/INFO] [net.minecraft.server.MinecraftServer/]: [@: Removed tag 'invasor' from ElPerejil24]
[11Mar2025 20:40:45.249] [Server thread/INFO] [net.minecraft.server.MinecraftServer/]: [@: Added tag 'invasor' to ElPerejil24]
[11Mar2025 20:40:45.249] [Server thread/INFO] [net.minecraft.server.MinecraftServer/]: [@: Showing new actionbar title for ElPerejil24]
[11Mar2025 20:40:45.249] [Server thread/INFO] [net.minecraft.server.MinecraftServer/]: [@: Removed tag 'invasor' from ElPerejil24]
[11Mar2025 20:40:45.299] [Server thread/INFO] [net.minecraft.server.MinecraftServer/]: [@: Added tag 'invasor' to ElPerejil24]
[11Mar2025 20:40:45.299] [Server thread/INFO] [net.minecraft.server.MinecraftServer/]: [@: Showing new actionbar title for ElPerejil24]
[11Mar2025 20:40:45.299] [Server thread/INFO] [net.minecraft.server.MinecraftServer/]: [@: Removed tag 'invasor' from ElPerejil24]
[11Mar2025 20:40:45.349] [Server thread/INFO] [net.minecraft.server.MinecraftServer/]: [@: Added tag 'invasor' to ElPerejil24]
[11Mar2025 20:40:45.349] [Server thread/INFO] [net.minecraft.server.MinecraftServer/]: [@: Showing new actionbar title for ElPerejil24]
[11Mar2025 20:40:45.349] [Server thread/INFO] [net.minecraft.server.MinecraftServer/]: [@: Removed tag 'invasor' from ElPerejil24]
[11Mar2025 20:40:45.399] [Server thread/INFO] [net.minecraft.server.MinecraftServer/]: [@: Added tag 'invasor' to ElPerejil24]
[11Mar2025 20:40:45.399] [Server thread/INFO] [net.minecraft.server.MinecraftServer/]: [@: Showing new actionbar title for ElPerejil24]
[11Mar2025 20:40:45.399] [Server thread/INFO] [net.minecraft.server.MinecraftServer/]: [@: Removed tag 'invasor' from ElPerejil24]
[11Mar2025 20:40:45.449] [Server thread/INFO] [net.minecraft.server.MinecraftServer/]: [@: Added tag 'invasor' to ElPerejil24]
[11Mar2025 20:40:45.449] [Server thread/INFO] [net.minecraft.server.MinecraftServer/]: [@: Showing new actionbar title for ElPerejil24]
[11Mar2025 20:40:45.450] [Server thread/INFO] [net.minecraft.server.MinecraftServer/]: [@: Removed tag 'invasor' from ElPerejil24]
[11Mar2025 20:40:45.499] [Server thread/INFO] [net.minecraft.server.MinecraftServer/]: [@: Added tag 'invasor' to ElPerejil24]
[11Mar2025 20:40:45.499] [Server thread/INFO] [net.minecraft.server.MinecraftServer/]: [@: Showing new actionbar title for ElPerejil24]
[11Mar2025 20:40:45.499] [Server thread/INFO] [net.minecraft.server.MinecraftServer/]: [@: Removed tag 'invasor' from ElPerejil24]
[11Mar2025 20:40:45.549] [Server thread/INFO] [net.minecraft.server.MinecraftServer/]: [@: Added tag 'invasor' to ElPerejil24]
[11Mar2025 20:40:45.549] [Server thread/INFO] [net.minecraft.server.MinecraftServer/]: [@: Showing new actionbar title for ElPerejil24]
[11Mar2025 20:40:45.550] [Server thread/INFO] [net.minecraft.server.MinecraftServer/]: [@: Removed tag 'invasor' from ElPerejil24]
[11Mar2025 20:40:45.599] [Server thread/INFO] [net.minecraft.server.MinecraftServer/]: [@: Added tag 'invasor' to ElPerejil24]
[11Mar2025 20:40:45.599] [Server thread/INFO] [net.minecraft.server.MinecraftServer/]: [@: Showing new actionbar title for ElPerejil24]
[11Mar2025 20:40:45.600] [Server thread/INFO] [net.minecraft.server.MinecraftServer/]: [@: Removed tag 'invasor' from ElPerejil24]
[11Mar2025 20:40:45.649] [Server thread/INFO] [net.minecraft.server.MinecraftServer/]: [@: Added tag 'invasor' to ElPerejil24]
[11Mar2025 20:40:45.649] [Server thread/INFO] [net.minecraft.server.MinecraftServer/]: [@: Showing new actionbar title for ElPerejil24]
[11Mar2025 20:40:45.650] [Server thread/INFO] [net.minecraft.server.MinecraftServer/]: [@: Removed tag 'invasor' from ElPerejil24]
[11Mar2025 20:40:45.699] [Server thread/INFO] [net.minecraft.server.MinecraftServer/]: [@: Added tag 'invasor' to ElPerejil24]
[11Mar2025 20:40:45.699] [Server thread/INFO] [net.minecraft.server.MinecraftServer/]: [@: Showing new actionbar title for ElPerejil24]
[11Mar2025 20:40:45.700] [Server thread/INFO] [net.minecraft.server.MinecraftServer/]: [@: Removed tag 'invasor' from ElPerejil24]
[11Mar2025 20:40:45.749] [Server thread/INFO] [net.minecraft.server.MinecraftServer/]: [@: Added tag 'invasor' to ElPerejil24]
[11Mar2025 20:40:45.749] [Server thread/INFO] [net.minecraft.server.MinecraftServer/]: [@: Showing new actionbar title for ElPerejil24]
[11Mar2025 20:40:45.750] [Server thread/INFO] [net.minecraft.server.MinecraftServer/]: [@: Removed tag 'invasor' from ElPerejil24]
[11Mar2025 20:40:45.799] [Server thread/INFO] [net.minecraft.server.MinecraftServer/]: [@: Added tag 'invasor' to ElPerejil24]
[11Mar2025 20:40:45.799] [Server thread/INFO] [net.minecraft.server.MinecraftServer/]: [@: Showing new actionbar title for ElPerejil24]
[11Mar2025 20:40:45.799] [Server thread/INFO] [net.minecraft.server.MinecraftServer/]: [@: Removed tag 'invasor' from ElPerejil24]
[11Mar2025 20:40:45.849] [Server thread/INFO] [net.minecraft.server.MinecraftServer/]: [@: Added tag 'invasor' to ElPerejil24]
[11Mar2025 20:40:45.849] [Server thread/INFO] [net.minecraft.server.MinecraftServer/]: [@: Showing new actionbar title for ElPerejil24]
[11Mar2025 20:40:45.850] [Server thread/INFO] [net.minecraft.server.MinecraftServer/]: [@: Removed tag 'invasor' from ElPerejil24]
[11Mar2025 20:40:45.899] [Server thread/INFO] [net.minecraft.server.MinecraftServer/]: [@: Added tag 'invasor' to ElPerejil24]
[11Mar2025 20:40:45.899] [Server thread/INFO] [net.minecraft.server.MinecraftServer/]: [@: Showing new actionbar title for ElPerejil24]
[11Mar2025 20:40:45.900] [Server thread/INFO] [net.minecraft.server.MinecraftServer/]: [@: Removed tag 'invasor' from ElPerejil24]
[11Mar2025 20:40:45.949] [Server thread/INFO] [net.minecraft.server.MinecraftServer/]: [@: Added tag 'invasor' to ElPerejil24]
[11Mar2025 20:40:45.949] [Server thread/INFO] [net.minecraft.server.MinecraftServer/]: [@: Showing new actionbar title for ElPerejil24]
[11Mar2025 20:40:45.950] [Server thread/INFO] [net.minecraft.server.MinecraftServer/]: [@: Removed tag 'invasor' from ElPerejil24]
[11Mar2025 20:40:45.999] [Server thread/INFO] [net.minecraft.server.MinecraftServer/]: [@: Added tag 'invasor' to ElPerejil24]
[11Mar2025 20:40:45.999] [Server thread/INFO] [net.minecraft.server.MinecraftServer/]: [@: Showing new actionbar title for ElPerejil24]
[11Mar2025 20:40:46.000] [Server thread/INFO] [net.minecraft.server.MinecraftServer/]: [@: Removed tag 'invasor' from ElPerejil24]
[11Mar2025 20:40:46.049] [Server thread/INFO] [net.minecraft.server.MinecraftServer/]: [@: Added tag 'invasor' to ElPerejil24]
[11Mar2025 20:40:46.049] [Server thread/INFO] [net.minecraft.server.MinecraftServer/]: [@: Showing new actionbar title for ElPerejil24]
[11Mar2025 20:40:46.049] [Server thread/INFO] [net.minecraft.server.MinecraftServer/]: [@: Removed tag 'invasor' from ElPerejil24]
[11Mar2025 20:40:46.099] [Server thread/INFO] [net.minecraft.server.MinecraftServer/]: [@: Added tag 'invasor' to ElPerejil24]
[11Mar2025 20:40:46.099] [Server thread/INFO] [net.minecraft.server.MinecraftServer/]: [@: Showing new actionbar title for ElPerejil24]
[11Mar2025 20:40:46.099] [Server thread/INFO] [net.minecraft.server.MinecraftServer/]: [@: Removed tag 'invasor' from ElPerejil24]
[11Mar2025 20:40:46.149] [Server thread/INFO] [net.minecraft.server.MinecraftServer/]: [@: Added tag 'invasor' to ElPerejil24]
[11Mar2025 20:40:46.149] [Server thread/INFO] [net.minecraft.server.MinecraftServer/]: [@: Showing new actionbar title for ElPerejil24]
[11Mar2025 20:40:46.149] [Server thread/INFO] [net.minecraft.server.MinecraftServer/]: [@: Removed tag 'invasor' from ElPerejil24]
[11Mar2025 20:40:46.199] [Server thread/INFO] [net.minecraft.server.MinecraftServer/]: [@: Added tag 'invasor' to ElPerejil24]
[11Mar2025 20:40:46.199] [Server thread/INFO] [net.minecraft.server.MinecraftServer/]: [@: Showing new actionbar title for ElPerejil24]
[11Mar2025 20:40:46.199] [Server thread/INFO] [net.minecraft.server.MinecraftServer/]: [@: Removed tag 'invasor' from ElPerejil24]
[11Mar2025 20:40:46.249] [Server thread/INFO] [net.minecraft.server.MinecraftServer/]: [@: Added tag 'invasor' to ElPerejil24]
[11Mar2025 20:40:46.249] [Server thread/INFO] [net.minecraft.server.MinecraftServer/]: [@: Showing new actionbar title for ElPerejil24]
[11Mar2025 20:40:46.249] [Server thread/INFO] [net.minecraft.server.MinecraftServer/]: [@: Removed tag 'invasor' from ElPerejil24]
[11Mar2025 20:40:46.299] [Server thread/INFO] [net.minecraft.server.MinecraftServer/]: [@: Added tag 'invasor' to ElPerejil24]
[11Mar2025 20:40:46.299] [Server thread/INFO] [net.minecraft.server.MinecraftServer/]: [@: Showing new actionbar title for ElPerejil24]
[11Mar2025 20:40:46.300] [Server thread/INFO] [net.minecraft.server.MinecraftServer/]: [@: Removed tag 'invasor' from ElPerejil24]
[11Mar2025 20:40:46.349] [Server thread/INFO] [net.minecraft.server.MinecraftServer/]: [@: Added tag 'invasor' to ElPerejil24]
[11Mar2025 20:40:46.349] [Server thread/INFO] [net.minecraft.server.MinecraftServer/]: [@: Showing new actionbar title for ElPerejil24]
[11Mar2025 20:40:46.349] [Server thread/INFO] [net.minecraft.server.MinecraftServer/]: [@: Removed tag 'invasor' from ElPerejil24]
[11Mar2025 20:40:46.399] [Server thread/INFO] [net.minecraft.server.MinecraftServer/]: [@: Added tag 'invasor' to ElPerejil24]
[11Mar2025 20:40:46.399] [Server thread/INFO] [net.minecraft.server.MinecraftServer/]: [@: Showing new actionbar title for ElPerejil24]
[11Mar2025 20:40:46.399] [Server thread/INFO] [net.minecraft.server.MinecraftServer/]: [@: Removed tag 'invasor' from ElPerejil24]
[11Mar2025 20:40:46.449] [Server thread/INFO] [net.minecraft.server.MinecraftServer/]: [@: Added tag 'invasor' to ElPerejil24]
[11Mar2025 20:40:46.450] [Server thread/INFO] [net.minecraft.server.MinecraftServer/]: [@: Showing new actionbar title for ElPerejil24]
[11Mar2025 20:40:46.450] [Server thread/INFO] [net.minecraft.server.MinecraftServer/]: [@: Removed tag 'invasor' from ElPerejil24]
[11Mar2025 20:40:46.499] [Server thread/INFO] [net.minecraft.server.MinecraftServer/]: [@: Added tag 'invasor' to ElPerejil24]
[11Mar2025 20:40:46.499] [Server thread/INFO] [net.minecraft.server.MinecraftServer/]: [@: Showing new actionbar title for ElPerejil24]
[11Mar2025 20:40:46.499] [Server thread/INFO] [net.minecraft.server.MinecraftServer/]: [@: Removed tag 'invasor' from ElPerejil24]
[11Mar2025 20:40:46.549] [Server thread/INFO] [net.minecraft.server.MinecraftServer/]: [@: Added tag 'invasor' to ElPerejil24]
[11Mar2025 20:40:46.549] [Server thread/INFO] [net.minecraft.server.MinecraftServer/]: [@: Showing new actionbar title for ElPerejil24]
[11Mar2025 20:40:46.549] [Server thread/INFO] [net.minecraft.server.MinecraftServer/]: [@: Removed tag 'invasor' from ElPerejil24]
[11Mar2025 20:40:46.599] [Server thread/INFO] [net.minecraft.server.MinecraftServer/]: [@: Added tag 'invasor' to ElPerejil24]
[11Mar2025 20:40:46.599] [Server thread/INFO] [net.minecraft.server.MinecraftServer/]: [@: Showing new actionbar title for ElPerejil24]
[11Mar2025 20:40:46.599] [Server thread/INFO] [net.minecraft.server.MinecraftServer/]: [@: Removed tag 'invasor' from ElPerejil24]
[11Mar2025 20:40:46.649] [Server thread/INFO] [net.minecraft.server.MinecraftServer/]: [@: Added tag 'invasor' to ElPerejil24]
[11Mar2025 20:40:46.649] [Server thread/INFO] [net.minecraft.server.MinecraftServer/]: [@: Showing new actionbar title for ElPerejil24]
[11Mar2025 20:40:46.650] [Server thread/INFO] [net.minecraft.server.MinecraftServer/]: [@: Removed tag 'invasor' from ElPerejil24]
[11Mar2025 20:40:46.699] [Server thread/INFO] [net.minecraft.server.MinecraftServer/]: [@: Added tag 'invasor' to ElPerejil24]
[11Mar2025 20:40:46.699] [Server thread/INFO] [net.minecraft.server.MinecraftServer/]: [@: Showing new actionbar title for ElPerejil24]
[11Mar2025 20:40:46.699] [Server thread/INFO] [net.minecraft.server.MinecraftServer/]: [@: Removed tag 'invasor' from ElPerejil24]
[11Mar2025 20:40:46.749] [Server thread/INFO] [net.minecraft.server.MinecraftServer/]: [@: Added tag 'invasor' to ElPerejil24]
[11Mar2025 20:40:46.749] [Server thread/INFO] [net.minecraft.server.MinecraftServer/]: [@: Showing new actionbar title for ElPerejil24]
[11Mar2025 20:40:46.750] [Server thread/INFO] [net.minecraft.server.MinecraftServer/]: [@: Removed tag 'invasor' from ElPerejil24]
[11Mar2025 20:40:46.799] [Server thread/INFO] [net.minecraft.server.MinecraftServer/]: [@: Added tag 'invasor' to ElPerejil24]
[11Mar2025 20:40:46.799] [Server thread/INFO] [net.minecraft.server.MinecraftServer/]: [@: Showing new actionbar title for ElPerejil24]
[11Mar2025 20:40:46.800] [Server thread/INFO] [net.minecraft.server.MinecraftServer/]: [@: Removed tag 'invasor' from ElPerejil24]
[11Mar2025 20:40:46.849] [Server thread/INFO] [net.minecraft.server.MinecraftServer/]: [@: Added tag 'invasor' to ElPerejil24]
[11Mar2025 20:40:46.849] [Server thread/INFO] [net.minecraft.server.MinecraftServer/]: [@: Showing new actionbar title for ElPerejil24]
[11Mar2025 20:40:46.850] [Server thread/INFO] [net.minecraft.server.MinecraftServer/]: [@: Removed tag 'invasor' from ElPerejil24]
[11Mar2025 20:40:46.899] [Server thread/INFO] [net.minecraft.server.MinecraftServer/]: [@: Added tag 'invasor' to ElPerejil24]
[11Mar2025 20:40:46.899] [Server thread/INFO] [net.minecraft.server.MinecraftServer/]: [@: Showing new actionbar title for ElPerejil24]
[11Mar2025 20:40:46.900] [Server thread/INFO] [net.minecraft.server.MinecraftServer/]: [@: Removed tag 'invasor' from ElPerejil24]
[11Mar2025 20:40:46.949] [Server thread/INFO] [net.minecraft.server.MinecraftServer/]: [@: Added tag 'invasor' to ElPerejil24]
[11Mar2025 20:40:46.949] [Server thread/INFO] [net.minecraft.server.MinecraftServer/]: [@: Showing new actionbar title for ElPerejil24]
[11Mar2025 20:40:46.949] [Server thread/INFO] [net.minecraft.server.MinecraftServer/]: [@: Removed tag 'invasor' from ElPerejil24]
[11Mar2025 20:40:46.999] [Server thread/INFO] [net.minecraft.server.MinecraftServer/]: [@: Added tag 'invasor' to ElPerejil24]
[11Mar2025 20:40:46.999] [Server thread/INFO] [net.minecraft.server.MinecraftServer/]: [@: Showing new actionbar title for ElPerejil24]
[11Mar2025 20:40:46.999] [Server thread/INFO] [net.minecraft.server.MinecraftServer/]: [@: Removed tag 'invasor' from ElPerejil24]
[11Mar2025 20:40:47.049] [Server thread/INFO] [net.minecraft.server.MinecraftServer/]: [@: Added tag 'invasor' to ElPerejil24]
[11Mar2025 20:40:47.049] [Server thread/INFO] [net.minecraft.server.MinecraftServer/]: [@: Showing new actionbar title for ElPerejil24]
[11Mar2025 20:40:47.049] [Server thread/INFO] [net.minecraft.server.MinecraftServer/]: [@: Removed tag 'invasor' from ElPerejil24]
[11Mar2025 20:40:47.099] [Server thread/INFO] [net.minecraft.server.MinecraftServer/]: [@: Added tag 'invasor' to ElPerejil24]
[11Mar2025 20:40:47.099] [Server thread/INFO] [net.minecraft.server.MinecraftServer/]: [@: Showing new actionbar title for ElPerejil24]
[11Mar2025 20:40:47.099] [Server thread/INFO] [net.minecraft.server.MinecraftServer/]: [@: Removed tag 'invasor' from ElPerejil24]
[11Mar2025 20:40:47.149] [Server thread/INFO] [net.minecraft.server.MinecraftServer/]: [@: Added tag 'invasor' to ElPerejil24]
[11Mar2025 20:40:47.149] [Server thread/INFO] [net.minecraft.server.MinecraftServer/]: [@: Showing new actionbar title for ElPerejil24]
[11Mar2025 20:40:47.150] [Server thread/INFO] [net.minecraft.server.MinecraftServer/]: [@: Removed tag 'invasor' from ElPerejil24]
[11Mar2025 20:40:47.199] [Server thread/INFO] [net.minecraft.server.MinecraftServer/]: [@: Added tag 'invasor' to ElPerejil24]
[11Mar2025 20:40:47.199] [Server thread/INFO] [net.minecraft.server.MinecraftServer/]: [@: Showing new actionbar title for ElPerejil24]
[11Mar2025 20:40:47.200] [Server thread/INFO] [net.minecraft.server.MinecraftServer/]: [@: Removed tag 'invasor' from ElPerejil24]
[11Mar2025 20:40:47.249] [Server thread/INFO] [net.minecraft.server.MinecraftServer/]: [@: Added tag 'invasor' to ElPerejil24]
[11Mar2025 20:40:47.249] [Server thread/INFO] [net.minecraft.server.MinecraftServer/]: [@: Showing new actionbar title for ElPerejil24]
[11Mar2025 20:40:47.249] [Server thread/INFO] [net.minecraft.server.MinecraftServer/]: [@: Removed tag 'invasor' from ElPerejil24]
[11Mar2025 20:40:47.299] [Server thread/INFO] [net.minecraft.server.MinecraftServer/]: [@: Added tag 'invasor' to ElPerejil24]
[11Mar2025 20:40:47.299] [Server thread/INFO] [net.minecraft.server.MinecraftServer/]: [@: Showing new actionbar title for ElPerejil24]
[11Mar2025 20:40:47.299] [Server thread/INFO] [net.minecraft.server.MinecraftServer/]: [@: Removed tag 'invasor' from ElPerejil24]
[11Mar2025 20:40:47.349] [Server thread/INFO] [net.minecraft.server.MinecraftServer/]: [@: Added tag 'invasor' to ElPerejil24]
[11Mar2025 20:40:47.349] [Server thread/INFO] [net.minecraft.server.MinecraftServer/]: [@: Showing new actionbar title for ElPerejil24]
[11Mar2025 20:40:47.349] [Server thread/INFO] [net.minecraft.server.MinecraftServer/]: [@: Removed tag 'invasor' from ElPerejil24]
[11Mar2025 20:40:47.399] [Server thread/INFO] [net.minecraft.server.MinecraftServer/]: [@: Added tag 'invasor' to ElPerejil24]
[11Mar2025 20:40:47.399] [Server thread/INFO] [net.minecraft.server.MinecraftServer/]: [@: Showing new actionbar title for ElPerejil24]
[11Mar2025 20:40:47.399] [Server thread/INFO] [net.minecraft.server.MinecraftServer/]: [@: Removed tag 'invasor' from ElPerejil24]
[11Mar2025 20:40:47.449] [Server thread/INFO] [net.minecraft.server.MinecraftServer/]: [@: Added tag 'invasor' to ElPerejil24]
[11Mar2025 20:40:47.449] [Server thread/INFO] [net.minecraft.server.MinecraftServer/]: [@: Showing new actionbar title for ElPerejil24]
[11Mar2025 20:40:47.450] [Server thread/INFO] [net.minecraft.server.MinecraftServer/]: [@: Removed tag 'invasor' from ElPerejil24]
[11Mar2025 20:40:47.499] [Server thread/INFO] [net.minecraft.server.MinecraftServer/]: [@: Added tag 'invasor' to ElPerejil24]
[11Mar2025 20:40:47.499] [Server thread/INFO] [net.minecraft.server.MinecraftServer/]: [@: Showing new actionbar title for ElPerejil24]
[11Mar2025 20:40:47.499] [Server thread/INFO] [net.minecraft.server.MinecraftServer/]: [@: Removed tag 'invasor' from ElPerejil24]
[11Mar2025 20:40:47.549] [Server thread/INFO] [net.minecraft.server.MinecraftServer/]: [@: Added tag 'invasor' to ElPerejil24]
[11Mar2025 20:40:47.549] [Server thread/INFO] [net.minecraft.server.MinecraftServer/]: [@: Showing new actionbar title for ElPerejil24]
[11Mar2025 20:40:47.549] [Server thread/INFO] [net.minecraft.server.MinecraftServer/]: [@: Removed tag 'invasor' from ElPerejil24]
[11Mar2025 20:40:47.599] [Server thread/INFO] [net.minecraft.server.MinecraftServer/]: [@: Added tag 'invasor' to ElPerejil24]
[11Mar2025 20:40:47.599] [Server thread/INFO] [net.minecraft.server.MinecraftServer/]: [@: Showing new actionbar title for ElPerejil24]
[11Mar2025 20:40:47.599] [Server thread/INFO] [net.minecraft.server.MinecraftServer/]: [@: Removed tag 'invasor' from ElPerejil24]
[11Mar2025 20:40:47.649] [Server thread/INFO] [net.minecraft.server.MinecraftServer/]: [@: Added tag 'invasor' to ElPerejil24]
[11Mar2025 20:40:47.649] [Server thread/INFO] [net.minecraft.server.MinecraftServer/]: [@: Showing new actionbar title for ElPerejil24]
[11Mar2025 20:40:47.649] [Server thread/INFO] [net.minecraft.server.MinecraftServer/]: [@: Removed tag 'invasor' from ElPerejil24]
[11Mar2025 20:40:47.699] [Server thread/INFO] [net.minecraft.server.MinecraftServer/]: [@: Added tag 'invasor' to ElPerejil24]
[11Mar2025 20:40:47.699] [Server thread/INFO] [net.minecraft.server.MinecraftServer/]: [@: Showing new actionbar title for ElPerejil24]
[11Mar2025 20:40:47.699] [Server thread/INFO] [net.minecraft.server.MinecraftServer/]: [@: Removed tag 'invasor' from ElPerejil24]
[11Mar2025 20:40:47.749] [Server thread/INFO] [net.minecraft.server.MinecraftServer/]: [@: Added tag 'invasor' to ElPerejil24]
[11Mar2025 20:40:47.749] [Server thread/INFO] [net.minecraft.server.MinecraftServer/]: [@: Showing new actionbar title for ElPerejil24]
[11Mar2025 20:40:47.750] [Server thread/INFO] [net.minecraft.server.MinecraftServer/]: [@: Removed tag 'invasor' from ElPerejil24]
[11Mar2025 20:40:47.799] [Server thread/INFO] [net.minecraft.server.MinecraftServer/]: [@: Added tag 'invasor' to ElPerejil24]
[11Mar2025 20:40:47.799] [Server thread/INFO] [net.minecraft.server.MinecraftServer/]: [@: Showing new actionbar title for ElPerejil24]
[11Mar2025 20:40:47.799] [Server thread/INFO] [net.minecraft.server.MinecraftServer/]: [@: Removed tag 'invasor' from ElPerejil24]
[11Mar2025 20:40:47.849] [Server thread/INFO] [net.minecraft.server.MinecraftServer/]: [@: Added tag 'invasor' to ElPerejil24]
[11Mar2025 20:40:47.849] [Server thread/INFO] [net.minecraft.server.MinecraftServer/]: [@: Showing new actionbar title for ElPerejil24]
[11Mar2025 20:40:47.849] [Server thread/INFO] [net.minecraft.server.MinecraftServer/]: [@: Removed tag 'invasor' from ElPerejil24]
[11Mar2025 20:40:47.899] [Server thread/INFO] [net.minecraft.server.MinecraftServer/]: [@: Added tag 'invasor' to ElPerejil24]
[11Mar2025 20:40:47.899] [Server thread/INFO] [net.minecraft.server.MinecraftServer/]: [@: Showing new actionbar title for ElPerejil24]
[11Mar2025 20:40:47.899] [Server thread/INFO] [net.minecraft.server.MinecraftServer/]: [@: Removed tag 'invasor' from ElPerejil24]
[11Mar2025 20:40:47.949] [Server thread/INFO] [net.minecraft.server.MinecraftServer/]: [@: Added tag 'invasor' to ElPerejil24]
[11Mar2025 20:40:47.949] [Server thread/INFO] [net.minecraft.server.MinecraftServer/]: [@: Showing new actionbar title for ElPerejil24]
[11Mar2025 20:40:47.949] [Server thread/INFO] [net.minecraft.server.MinecraftServer/]: [@: Removed tag 'invasor' from ElPerejil24]
[11Mar2025 20:40:47.999] [Server thread/INFO] [net.minecraft.server.MinecraftServer/]: [@: Added tag 'invasor' to ElPerejil24]
[11Mar2025 20:40:47.999] [Server thread/INFO] [net.minecraft.server.MinecraftServer/]: [@: Showing new actionbar title for ElPerejil24]
[11Mar2025 20:40:47.999] [Server thread/INFO] [net.minecraft.server.MinecraftServer/]: [@: Removed tag 'invasor' from ElPerejil24]
[11Mar2025 20:40:48.049] [Server thread/INFO] [net.minecraft.server.MinecraftServer/]: [@: Added tag 'invasor' to ElPerejil24]
[11Mar2025 20:40:48.049] [Server thread/INFO] [net.minecraft.server.MinecraftServer/]: [@: Showing new actionbar title for ElPerejil24]
[11Mar2025 20:40:48.050] [Server thread/INFO] [net.minecraft.server.MinecraftServer/]: [@: Removed tag 'invasor' from ElPerejil24]
[11Mar2025 20:40:48.099] [Server thread/INFO] [net.minecraft.server.MinecraftServer/]: [@: Added tag 'invasor' to ElPerejil24]
[11Mar2025 20:40:48.099] [Server thread/INFO] [net.minecraft.server.MinecraftServer/]: [@: Showing new actionbar title for ElPerejil24]
[11Mar2025 20:40:48.099] [Server thread/INFO] [net.minecraft.server.MinecraftServer/]: [@: Removed tag 'invasor' from ElPerejil24]
[11Mar2025 20:40:48.149] [Server thread/INFO] [net.minecraft.server.MinecraftServer/]: [@: Added tag 'invasor' to ElPerejil24]
[11Mar2025 20:40:48.149] [Server thread/INFO] [net.minecraft.server.MinecraftServer/]: [@: Showing new actionbar title for ElPerejil24]
[11Mar2025 20:40:48.149] [Server thread/INFO] [net.minecraft.server.MinecraftServer/]: [@: Removed tag 'invasor' from ElPerejil24]
[11Mar2025 20:40:48.199] [Server thread/INFO] [net.minecraft.server.MinecraftServer/]: [@: Added tag 'invasor' to ElPerejil24]
[11Mar2025 20:40:48.199] [Server thread/INFO] [net.minecraft.server.MinecraftServer/]: [@: Showing new actionbar title for ElPerejil24]
[11Mar2025 20:40:48.199] [Server thread/INFO] [net.minecraft.server.MinecraftServer/]: [@: Removed tag 'invasor' from ElPerejil24]
[11Mar2025 20:40:48.249] [Server thread/INFO] [net.minecraft.server.MinecraftServer/]: [@: Added tag 'invasor' to ElPerejil24]
[11Mar2025 20:40:48.249] [Server thread/INFO] [net.minecraft.server.MinecraftServer/]: [@: Showing new actionbar title for ElPerejil24]
[11Mar2025 20:40:48.249] [Server thread/INFO] [net.minecraft.server.MinecraftServer/]: [@: Removed tag 'invasor' from ElPerejil24]
[11Mar2025 20:40:48.299] [Server thread/INFO] [net.minecraft.server.MinecraftServer/]: [@: Added tag 'invasor' to ElPerejil24]
[11Mar2025 20:40:48.299] [Server thread/INFO] [net.minecraft.server.MinecraftServer/]: [@: Showing new actionbar title for ElPerejil24]
[11Mar2025 20:40:48.299] [Server thread/INFO] [net.minecraft.server.MinecraftServer/]: [@: Removed tag 'invasor' from ElPerejil24]
[11Mar2025 20:40:48.349] [Server thread/INFO] [net.minecraft.server.MinecraftServer/]: [@: Added tag 'invasor' to ElPerejil24]
[11Mar2025 20:40:48.349] [Server thread/INFO] [net.minecraft.server.MinecraftServer/]: [@: Showing new actionbar title for ElPerejil24]
[11Mar2025 20:40:48.349] [Server thread/INFO] [net.minecraft.server.MinecraftServer/]: [@: Removed tag 'invasor' from ElPerejil24]
[11Mar2025 20:40:48.399] [Server thread/INFO] [net.minecraft.server.MinecraftServer/]: [@: Added tag 'invasor' to ElPerejil24]
[11Mar2025 20:40:48.399] [Server thread/INFO] [net.minecraft.server.MinecraftServer/]: [@: Showing new actionbar title for ElPerejil24]
[11Mar2025 20:40:48.399] [Server thread/INFO] [net.minecraft.server.MinecraftServer/]: [@: Removed tag 'invasor' from ElPerejil24]
[11Mar2025 20:40:48.449] [Server thread/INFO] [net.minecraft.server.MinecraftServer/]: [@: Added tag 'invasor' to ElPerejil24]
[11Mar2025 20:40:48.449] [Server thread/INFO] [net.minecraft.server.MinecraftServer/]: [@: Showing new actionbar title for ElPerejil24]
[11Mar2025 20:40:48.449] [Server thread/INFO] [net.minecraft.server.MinecraftServer/]: [@: Removed tag 'invasor' from ElPerejil24]
[11Mar2025 20:40:48.499] [Server thread/INFO] [net.minecraft.server.MinecraftServer/]: [@: Added tag 'invasor' to ElPerejil24]
[11Mar2025 20:40:48.499] [Server thread/INFO] [net.minecraft.server.MinecraftServer/]: [@: Showing new actionbar title for ElPerejil24]
[11Mar2025 20:40:48.499] [Server thread/INFO] [net.minecraft.server.MinecraftServer/]: [@: Removed tag 'invasor' from ElPerejil24]
[11Mar2025 20:40:48.549] [Server thread/INFO] [net.minecraft.server.MinecraftServer/]: [@: Added tag 'invasor' to ElPerejil24]
[11Mar2025 20:40:48.549] [Server thread/INFO] [net.minecraft.server.MinecraftServer/]: [@: Showing new actionbar title for ElPerejil24]
[11Mar2025 20:40:48.549] [Server thread/INFO] [net.minecraft.server.MinecraftServer/]: [@: Removed tag 'invasor' from ElPerejil24]
[11Mar2025 20:40:48.599] [Server thread/INFO] [net.minecraft.server.MinecraftServer/]: [@: Added tag 'invasor' to ElPerejil24]
[11Mar2025 20:40:48.599] [Server thread/INFO] [net.minecraft.server.MinecraftServer/]: [@: Showing new actionbar title for ElPerejil24]
[11Mar2025 20:40:48.599] [Server thread/INFO] [net.minecraft.server.MinecraftServer/]: [@: Removed tag 'invasor' from ElPerejil24]
[11Mar2025 20:40:48.649] [Server thread/INFO] [net.minecraft.server.MinecraftServer/]: [@: Added tag 'invasor' to ElPerejil24]
[11Mar2025 20:40:48.649] [Server thread/INFO] [net.minecraft.server.MinecraftServer/]: [@: Showing new actionbar title for ElPerejil24]
[11Mar2025 20:40:48.650] [Server thread/INFO] [net.minecraft.server.MinecraftServer/]: [@: Removed tag 'invasor' from ElPerejil24]
[11Mar2025 20:40:48.699] [Server thread/INFO] [net.minecraft.server.MinecraftServer/]: [@: Added tag 'invasor' to ElPerejil24]
[11Mar2025 20:40:48.699] [Server thread/INFO] [net.minecraft.server.MinecraftServer/]: [@: Showing new actionbar title for ElPerejil24]
[11Mar2025 20:40:48.699] [Server thread/INFO] [net.minecraft.server.MinecraftServer/]: [@: Removed tag 'invasor' from ElPerejil24]
[11Mar2025 20:40:48.749] [Server thread/INFO] [net.minecraft.server.MinecraftServer/]: [@: Added tag 'invasor' to ElPerejil24]
[11Mar2025 20:40:48.749] [Server thread/INFO] [net.minecraft.server.MinecraftServer/]: [@: Showing new actionbar title for ElPerejil24]
[11Mar2025 20:40:48.749] [Server thread/INFO] [net.minecraft.server.MinecraftServer/]: [@: Removed tag 'invasor' from ElPerejil24]
[11Mar2025 20:40:48.799] [Server thread/INFO] [net.minecraft.server.MinecraftServer/]: [@: Added tag 'invasor' to ElPerejil24]
[11Mar2025 20:40:48.799] [Server thread/INFO] [net.minecraft.server.MinecraftServer/]: [@: Showing new actionbar title for ElPerejil24]
[11Mar2025 20:40:48.799] [Server thread/INFO] [net.minecraft.server.MinecraftServer/]: [@: Removed tag 'invasor' from ElPerejil24]
[11Mar2025 20:40:48.849] [Server thread/INFO] [net.minecraft.server.MinecraftServer/]: [@: Added tag 'invasor' to ElPerejil24]
[11Mar2025 20:40:48.849] [Server thread/INFO] [net.minecraft.server.MinecraftServer/]: [@: Showing new actionbar title for ElPerejil24]
[11Mar2025 20:40:48.849] [Server thread/INFO] [net.minecraft.server.MinecraftServer/]: [@: Removed tag 'invasor' from ElPerejil24]
[11Mar2025 20:40:48.899] [Server thread/INFO] [net.minecraft.server.MinecraftServer/]: [@: Added tag 'invasor' to ElPerejil24]
[11Mar2025 20:40:48.899] [Server thread/INFO] [net.minecraft.server.MinecraftServer/]: [@: Showing new actionbar title for ElPerejil24]
[11Mar2025 20:40:48.899] [Server thread/INFO] [net.minecraft.server.MinecraftServer/]: [@: Removed tag 'invasor' from ElPerejil24]
[11Mar2025 20:40:48.949] [Server thread/INFO] [net.minecraft.server.MinecraftServer/]: [@: Added tag 'invasor' to ElPerejil24]
[11Mar2025 20:40:48.949] [Server thread/INFO] [net.minecraft.server.MinecraftServer/]: [@: Showing new actionbar title for ElPerejil24]
[11Mar2025 20:40:48.950] [Server thread/INFO] [net.minecraft.server.MinecraftServer/]: [@: Removed tag 'invasor' from ElPerejil24]
[11Mar2025 20:40:48.999] [Server thread/INFO] [net.minecraft.server.MinecraftServer/]: [@: Added tag 'invasor' to ElPerejil24]
[11Mar2025 20:40:48.999] [Server thread/INFO] [net.minecraft.server.MinecraftServer/]: [@: Showing new actionbar title for ElPerejil24]
[11Mar2025 20:40:49.000] [Server thread/INFO] [net.minecraft.server.MinecraftServer/]: [@: Removed tag 'invasor' from ElPerejil24]
[11Mar2025 20:40:49.049] [Server thread/INFO] [net.minecraft.server.MinecraftServer/]: [@: Added tag 'invasor' to ElPerejil24]
[11Mar2025 20:40:49.049] [Server thread/INFO] [net.minecraft.server.MinecraftServer/]: [@: Showing new actionbar title for ElPerejil24]
[11Mar2025 20:40:49.049] [Server thread/INFO] [net.minecraft.server.MinecraftServer/]: [@: Removed tag 'invasor' from ElPerejil24]
[11Mar2025 20:40:49.099] [Server thread/INFO] [net.minecraft.server.MinecraftServer/]: [@: Added tag 'invasor' to ElPerejil24]
[11Mar2025 20:40:49.099] [Server thread/INFO] [net.minecraft.server.MinecraftServer/]: [@: Showing new actionbar title for ElPerejil24]
[11Mar2025 20:40:49.099] [Server thread/INFO] [net.minecraft.server.MinecraftServer/]: [@: Removed tag 'invasor' from ElPerejil24]
[11Mar2025 20:40:49.149] [Server thread/INFO] [net.minecraft.server.MinecraftServer/]: [@: Added tag 'invasor' to ElPerejil24]
[11Mar2025 20:40:49.149] [Server thread/INFO] [net.minecraft.server.MinecraftServer/]: [@: Showing new actionbar title for ElPerejil24]
[11Mar2025 20:40:49.149] [Server thread/INFO] [net.minecraft.server.MinecraftServer/]: [@: Removed tag 'invasor' from ElPerejil24]
[11Mar2025 20:40:49.199] [Server thread/INFO] [net.minecraft.server.MinecraftServer/]: [@: Added tag 'invasor' to ElPerejil24]
[11Mar2025 20:40:49.199] [Server thread/INFO] [net.minecraft.server.MinecraftServer/]: [@: Showing new actionbar title for ElPerejil24]
[11Mar2025 20:40:49.199] [Server thread/INFO] [net.minecraft.server.MinecraftServer/]: [@: Removed tag 'invasor' from ElPerejil24]
[11Mar2025 20:40:49.249] [Server thread/INFO] [net.minecraft.server.MinecraftServer/]: [@: Added tag 'invasor' to ElPerejil24]
[11Mar2025 20:40:49.249] [Server thread/INFO] [net.minecraft.server.MinecraftServer/]: [@: Showing new actionbar title for ElPerejil24]
[11Mar2025 20:40:49.249] [Server thread/INFO] [net.minecraft.server.MinecraftServer/]: [@: Removed tag 'invasor' from ElPerejil24]
[11Mar2025 20:40:49.299] [Server thread/INFO] [net.minecraft.server.MinecraftServer/]: [@: Added tag 'invasor' to ElPerejil24]
[11Mar2025 20:40:49.299] [Server thread/INFO] [net.minecraft.server.MinecraftServer/]: [@: Showing new actionbar title for ElPerejil24]
[11Mar2025 20:40:49.299] [Server thread/INFO] [net.minecraft.server.MinecraftServer/]: [@: Removed tag 'invasor' from ElPerejil24]
[11Mar2025 20:40:49.349] [Server thread/INFO] [net.minecraft.server.MinecraftServer/]: [@: Added tag 'invasor' to ElPerejil24]
[11Mar2025 20:40:49.349] [Server thread/INFO] [net.minecraft.server.MinecraftServer/]: [@: Showing new actionbar title for ElPerejil24]
[11Mar2025 20:40:49.349] [Server thread/INFO] [net.minecraft.server.MinecraftServer/]: [@: Removed tag 'invasor' from ElPerejil24]
[11Mar2025 20:40:49.399] [Server thread/INFO] [net.minecraft.server.MinecraftServer/]: [@: Added tag 'invasor' to ElPerejil24]
[11Mar2025 20:40:49.399] [Server thread/INFO] [net.minecraft.server.MinecraftServer/]: [@: Showing new actionbar title for ElPerejil24]
[11Mar2025 20:40:49.399] [Server thread/INFO] [net.minecraft.server.MinecraftServer/]: [@: Removed tag 'invasor' from ElPerejil24]
[11Mar2025 20:40:49.449] [Server thread/INFO] [net.minecraft.server.MinecraftServer/]: [@: Added tag 'invasor' to ElPerejil24]
[11Mar2025 20:40:49.449] [Server thread/INFO] [net.minecraft.server.MinecraftServer/]: [@: Showing new actionbar title for ElPerejil24]
[11Mar2025 20:40:49.449] [Server thread/INFO] [net.minecraft.server.MinecraftServer/]: [@: Removed tag 'invasor' from ElPerejil24]
[11Mar2025 20:40:49.499] [Server thread/INFO] [net.minecraft.server.MinecraftServer/]: [@: Added tag 'invasor' to ElPerejil24]
[11Mar2025 20:40:49.499] [Server thread/INFO] [net.minecraft.server.MinecraftServer/]: [@: Showing new actionbar title for ElPerejil24]
[11Mar2025 20:40:49.499] [Server thread/INFO] [net.minecraft.server.MinecraftServer/]: [@: Removed tag 'invasor' from ElPerejil24]
[11Mar2025 20:40:49.549] [Server thread/INFO] [net.minecraft.server.MinecraftServer/]: [@: Added tag 'invasor' to ElPerejil24]
[11Mar2025 20:40:49.549] [Server thread/INFO] [net.minecraft.server.MinecraftServer/]: [@: Showing new actionbar title for ElPerejil24]
[11Mar2025 20:40:49.549] [Server thread/INFO] [net.minecraft.server.MinecraftServer/]: [@: Removed tag 'invasor' from ElPerejil24]
[11Mar2025 20:40:49.599] [Server thread/INFO] [net.minecraft.server.MinecraftServer/]: [@: Added tag 'invasor' to ElPerejil24]
[11Mar2025 20:40:49.599] [Server thread/INFO] [net.minecraft.server.MinecraftServer/]: [@: Showing new actionbar title for ElPerejil24]
[11Mar2025 20:40:49.599] [Server thread/INFO] [net.minecraft.server.MinecraftServer/]: [@: Removed tag 'invasor' from ElPerejil24]
[11Mar2025 20:40:49.649] [Server thread/INFO] [net.minecraft.server.MinecraftServer/]: [@: Added tag 'invasor' to ElPerejil24]
[11Mar2025 20:40:49.649] [Server thread/INFO] [net.minecraft.server.MinecraftServer/]: [@: Showing new actionbar title for ElPerejil24]
[11Mar2025 20:40:49.649] [Server thread/INFO] [net.minecraft.server.MinecraftServer/]: [@: Removed tag 'invasor' from ElPerejil24]
[11Mar2025 20:40:49.699] [Server thread/INFO] [net.minecraft.server.MinecraftServer/]: [@: Added tag 'invasor' to ElPerejil24]
[11Mar2025 20:40:49.699] [Server thread/INFO] [net.minecraft.server.MinecraftServer/]: [@: Showing new actionbar title for ElPerejil24]
[11Mar2025 20:40:49.699] [Server thread/INFO] [net.minecraft.server.MinecraftServer/]: [@: Removed tag 'invasor' from ElPerejil24]
[11Mar2025 20:40:49.749] [Server thread/INFO] [net.minecraft.server.MinecraftServer/]: [@: Added tag 'invasor' to ElPerejil24]
[11Mar2025 20:40:49.749] [Server thread/INFO] [net.minecraft.server.MinecraftServer/]: [@: Showing new actionbar title for ElPerejil24]
[11Mar2025 20:40:49.749] [Server thread/INFO] [net.minecraft.server.MinecraftServer/]: [@: Removed tag 'invasor' from ElPerejil24]
[11Mar2025 20:40:49.799] [Server thread/INFO] [net.minecraft.server.MinecraftServer/]: [@: Added tag 'invasor' to ElPerejil24]
[11Mar2025 20:40:49.799] [Server thread/INFO] [net.minecraft.server.MinecraftServer/]: [@: Showing new actionbar title for ElPerejil24]
[11Mar2025 20:40:49.799] [Server thread/INFO] [net.minecraft.server.MinecraftServer/]: [@: Removed tag 'invasor' from ElPerejil24]
[11Mar2025 20:40:49.849] [Server thread/INFO] [net.minecraft.server.MinecraftServer/]: [@: Added tag 'invasor' to ElPerejil24]
[11Mar2025 20:40:49.849] [Server thread/INFO] [net.minecraft.server.MinecraftServer/]: [@: Showing new actionbar title for ElPerejil24]
[11Mar2025 20:40:49.849] [Server thread/INFO] [net.minecraft.server.MinecraftServer/]: [@: Removed tag 'invasor' from ElPerejil24]
[11Mar2025 20:40:49.899] [Server thread/INFO] [net.minecraft.server.MinecraftServer/]: [@: Added tag 'invasor' to ElPerejil24]
[11Mar2025 20:40:49.899] [Server thread/INFO] [net.minecraft.server.MinecraftServer/]: [@: Showing new actionbar title for ElPerejil24]
[11Mar2025 20:40:49.899] [Server thread/INFO] [net.minecraft.server.MinecraftServer/]: [@: Removed tag 'invasor' from ElPerejil24]
[11Mar2025 20:40:49.949] [Server thread/INFO] [net.minecraft.server.MinecraftServer/]: [@: Added tag 'invasor' to ElPerejil24]
[11Mar2025 20:40:49.949] [Server thread/INFO] [net.minecraft.server.MinecraftServer/]: [@: Showing new actionbar title for ElPerejil24]
[11Mar2025 20:40:49.950] [Server thread/INFO] [net.minecraft.server.MinecraftServer/]: [@: Removed tag 'invasor' from ElPerejil24]
[11Mar2025 20:40:49.999] [Server thread/INFO] [net.minecraft.server.MinecraftServer/]: [@: Added tag 'invasor' to ElPerejil24]
[11Mar2025 20:40:49.999] [Server thread/INFO] [net.minecraft.server.MinecraftServer/]: [@: Showing new actionbar title for ElPerejil24]
[11Mar2025 20:40:49.999] [Server thread/INFO] [net.minecraft.server.MinecraftServer/]: [@: Removed tag 'invasor' from ElPerejil24]
[11Mar2025 20:40:50.049] [Server thread/INFO] [net.minecraft.server.MinecraftServer/]: [@: Added tag 'invasor' to ElPerejil24]
[11Mar2025 20:40:50.049] [Server thread/INFO] [net.minecraft.server.MinecraftServer/]: [@: Showing new actionbar title for ElPerejil24]
[11Mar2025 20:40:50.049] [Server thread/INFO] [net.minecraft.server.MinecraftServer/]: [@: Removed tag 'invasor' from ElPerejil24]
[11Mar2025 20:40:50.099] [Server thread/INFO] [net.minecraft.server.MinecraftServer/]: [@: Added tag 'invasor' to ElPerejil24]
[11Mar2025 20:40:50.099] [Server thread/INFO] [net.minecraft.server.MinecraftServer/]: [@: Showing new actionbar title for ElPerejil24]
[11Mar2025 20:40:50.100] [Server thread/INFO] [net.minecraft.server.MinecraftServer/]: [@: Removed tag 'invasor' from ElPerejil24]
[11Mar2025 20:40:50.149] [Server thread/INFO] [net.minecraft.server.MinecraftServer/]: [@: Added tag 'invasor' to ElPerejil24]
[11Mar2025 20:40:50.149] [Server thread/INFO] [net.minecraft.server.MinecraftServer/]: [@: Showing new actionbar title for ElPerejil24]
[11Mar2025 20:40:50.149] [Server thread/INFO] [net.minecraft.server.MinecraftServer/]: [@: Removed tag 'invasor' from ElPerejil24]
[11Mar2025 20:40:50.199] [Server thread/INFO] [net.minecraft.server.MinecraftServer/]: [@: Set ElPerejil24's game mode to Survival Mode]
[11Mar2025 20:41:02.299] [Server thread/INFO] [net.minecraft.server.MinecraftServer/]: [@: Added tag 'invasor' to ElPerejil24]
[11Mar2025 20:41:02.299] [Server thread/INFO] [net.minecraft.server.MinecraftServer/]: [@: Set ElPerejil24's game mode to Adventure Mode]
[11Mar2025 20:41:02.299] [Server thread/INFO] [net.minecraft.server.MinecraftServer/]: [@: Showing new actionbar title for ElPerejil24]
[11Mar2025 20:41:02.299] [Server thread/INFO] [net.minecraft.server.MinecraftServer/]: [@: Removed tag 'invasor' from ElPerejil24]
[11Mar2025 20:41:02.349] [Server thread/INFO] [net.minecraft.server.MinecraftServer/]: [@: Added tag 'invasor' to ElPerejil24]
[11Mar2025 20:41:02.349] [Server thread/INFO] [net.minecraft.server.MinecraftServer/]: [@: Showing new actionbar title for ElPerejil24]
[11Mar2025 20:41:02.349] [Server thread/INFO] [net.minecraft.server.MinecraftServer/]: [@: Removed tag 'invasor' from ElPerejil24]
[11Mar2025 20:41:02.399] [Server thread/INFO] [net.minecraft.server.MinecraftServer/]: [@: Added tag 'invasor' to ElPerejil24]
[11Mar2025 20:41:02.399] [Server thread/INFO] [net.minecraft.server.MinecraftServer/]: [@: Showing new actionbar title for ElPerejil24]
[11Mar2025 20:41:02.399] [Server thread/INFO] [net.minecraft.server.MinecraftServer/]: [@: Removed tag 'invasor' from ElPerejil24]
[11Mar2025 20:41:02.449] [Server thread/INFO] [net.minecraft.server.MinecraftServer/]: [@: Added tag 'invasor' to ElPerejil24]
[11Mar2025 20:41:02.449] [Server thread/INFO] [net.minecraft.server.MinecraftServer/]: [@: Showing new actionbar title for ElPerejil24]
[11Mar2025 20:41:02.449] [Server thread/INFO] [net.minecraft.server.MinecraftServer/]: [@: Removed tag 'invasor' from ElPerejil24]
[11Mar2025 20:41:02.499] [Server thread/INFO] [net.minecraft.server.MinecraftServer/]: [@: Added tag 'invasor' to ElPerejil24]
[11Mar2025 20:41:02.499] [Server thread/INFO] [net.minecraft.server.MinecraftServer/]: [@: Showing new actionbar title for ElPerejil24]
[11Mar2025 20:41:02.499] [Server thread/INFO] [net.minecraft.server.MinecraftServer/]: [@: Removed tag 'invasor' from ElPerejil24]
[11Mar2025 20:41:02.549] [Server thread/INFO] [net.minecraft.server.MinecraftServer/]: [@: Added tag 'invasor' to ElPerejil24]
[11Mar2025 20:41:02.549] [Server thread/INFO] [net.minecraft.server.MinecraftServer/]: [@: Showing new actionbar title for ElPerejil24]
[11Mar2025 20:41:02.550] [Server thread/INFO] [net.minecraft.server.MinecraftServer/]: [@: Removed tag 'invasor' from ElPerejil24]
[11Mar2025 20:41:02.599] [Server thread/INFO] [net.minecraft.server.MinecraftServer/]: [@: Added tag 'invasor' to ElPerejil24]
[11Mar2025 20:41:02.599] [Server thread/INFO] [net.minecraft.server.MinecraftServer/]: [@: Showing new actionbar title for ElPerejil24]
[11Mar2025 20:41:02.599] [Server thread/INFO] [net.minecraft.server.MinecraftServer/]: [@: Removed tag 'invasor' from ElPerejil24]
[11Mar2025 20:41:02.649] [Server thread/INFO] [net.minecraft.server.MinecraftServer/]: [@: Added tag 'invasor' to ElPerejil24]
[11Mar2025 20:41:02.649] [Server thread/INFO] [net.minecraft.server.MinecraftServer/]: [@: Showing new actionbar title for ElPerejil24]
[11Mar2025 20:41:02.649] [Server thread/INFO] [net.minecraft.server.MinecraftServer/]: [@: Removed tag 'invasor' from ElPerejil24]
[11Mar2025 20:41:02.699] [Server thread/INFO] [net.minecraft.server.MinecraftServer/]: [@: Added tag 'invasor' to ElPerejil24]
[11Mar2025 20:41:02.699] [Server thread/INFO] [net.minecraft.server.MinecraftServer/]: [@: Showing new actionbar title for ElPerejil24]
[11Mar2025 20:41:02.699] [Server thread/INFO] [net.minecraft.server.MinecraftServer/]: [@: Removed tag 'invasor' from ElPerejil24]
[11Mar2025 20:41:02.749] [Server thread/INFO] [net.minecraft.server.MinecraftServer/]: [@: Added tag 'invasor' to ElPerejil24]
[11Mar2025 20:41:02.749] [Server thread/INFO] [net.minecraft.server.MinecraftServer/]: [@: Showing new actionbar title for ElPerejil24]
[11Mar2025 20:41:02.749] [Server thread/INFO] [net.minecraft.server.MinecraftServer/]: [@: Removed tag 'invasor' from ElPerejil24]
[11Mar2025 20:41:02.799] [Server thread/INFO] [net.minecraft.server.MinecraftServer/]: [@: Added tag 'invasor' to ElPerejil24]
[11Mar2025 20:41:02.799] [Server thread/INFO] [net.minecraft.server.MinecraftServer/]: [@: Showing new actionbar title for ElPerejil24]
[11Mar2025 20:41:02.799] [Server thread/INFO] [net.minecraft.server.MinecraftServer/]: [@: Removed tag 'invasor' from ElPerejil24]
[11Mar2025 20:41:02.849] [Server thread/INFO] [net.minecraft.server.MinecraftServer/]: [@: Added tag 'invasor' to ElPerejil24]
[11Mar2025 20:41:02.849] [Server thread/INFO] [net.minecraft.server.MinecraftServer/]: [@: Showing new actionbar title for ElPerejil24]
[11Mar2025 20:41:02.849] [Server thread/INFO] [net.minecraft.server.MinecraftServer/]: [@: Removed tag 'invasor' from ElPerejil24]
[11Mar2025 20:41:02.899] [Server thread/INFO] [net.minecraft.server.MinecraftServer/]: [@: Added tag 'invasor' to ElPerejil24]
[11Mar2025 20:41:02.899] [Server thread/INFO] [net.minecraft.server.MinecraftServer/]: [@: Showing new actionbar title for ElPerejil24]
[11Mar2025 20:41:02.899] [Server thread/INFO] [net.minecraft.server.MinecraftServer/]: [@: Removed tag 'invasor' from ElPerejil24]
[11Mar2025 20:41:02.949] [Server thread/INFO] [net.minecraft.server.MinecraftServer/]: [@: Added tag 'invasor' to ElPerejil24]
[11Mar2025 20:41:02.949] [Server thread/INFO] [net.minecraft.server.MinecraftServer/]: [@: Showing new actionbar title for ElPerejil24]
[11Mar2025 20:41:02.949] [Server thread/INFO] [net.minecraft.server.MinecraftServer/]: [@: Removed tag 'invasor' from ElPerejil24]
[11Mar2025 20:41:02.999] [Server thread/INFO] [net.minecraft.server.MinecraftServer/]: [@: Added tag 'invasor' to ElPerejil24]
[11Mar2025 20:41:02.999] [Server thread/INFO] [net.minecraft.server.MinecraftServer/]: [@: Showing new actionbar title for ElPerejil24]
[11Mar2025 20:41:02.999] [Server thread/INFO] [net.minecraft.server.MinecraftServer/]: [@: Removed tag 'invasor' from ElPerejil24]
[11Mar2025 20:41:03.049] [Server thread/INFO] [net.minecraft.server.MinecraftServer/]: [@: Added tag 'invasor' to ElPerejil24]
[11Mar2025 20:41:03.049] [Server thread/INFO] [net.minecraft.server.MinecraftServer/]: [@: Showing new actionbar title for ElPerejil24]
[11Mar2025 20:41:03.049] [Server thread/INFO] [net.minecraft.server.MinecraftServer/]: [@: Removed tag 'invasor' from ElPerejil24]
[11Mar2025 20:41:03.099] [Server thread/INFO] [net.minecraft.server.MinecraftServer/]: [@: Added tag 'invasor' to ElPerejil24]
[11Mar2025 20:41:03.099] [Server thread/INFO] [net.minecraft.server.MinecraftServer/]: [@: Showing new actionbar title for ElPerejil24]
[11Mar2025 20:41:03.099] [Server thread/INFO] [net.minecraft.server.MinecraftServer/]: [@: Removed tag 'invasor' from ElPerejil24]
[11Mar2025 20:41:03.149] [Server thread/INFO] [net.minecraft.server.MinecraftServer/]: [@: Added tag 'invasor' to ElPerejil24]
[11Mar2025 20:41:03.149] [Server thread/INFO] [net.minecraft.server.MinecraftServer/]: [@: Showing new actionbar title for ElPerejil24]
[11Mar2025 20:41:03.149] [Server thread/INFO] [net.minecraft.server.MinecraftServer/]: [@: Removed tag 'invasor' from ElPerejil24]
[11Mar2025 20:41:03.199] [Server thread/INFO] [net.minecraft.server.MinecraftServer/]: [@: Added tag 'invasor' to ElPerejil24]
[11Mar2025 20:41:03.199] [Server thread/INFO] [net.minecraft.server.MinecraftServer/]: [@: Showing new actionbar title for ElPerejil24]
[11Mar2025 20:41:03.199] [Server thread/INFO] [net.minecraft.server.MinecraftServer/]: [@: Removed tag 'invasor' from ElPerejil24]
[11Mar2025 20:41:03.249] [Server thread/INFO] [net.minecraft.server.MinecraftServer/]: [@: Added tag 'invasor' to ElPerejil24]
[11Mar2025 20:41:03.249] [Server thread/INFO] [net.minecraft.server.MinecraftServer/]: [@: Showing new actionbar title for ElPerejil24]
[11Mar2025 20:41:03.249] [Server thread/INFO] [net.minecraft.server.MinecraftServer/]: [@: Removed tag 'invasor' from ElPerejil24]
[11Mar2025 20:41:03.299] [Server thread/INFO] [net.minecraft.server.MinecraftServer/]: [@: Added tag 'invasor' to ElPerejil24]
[11Mar2025 20:41:03.299] [Server thread/INFO] [net.minecraft.server.MinecraftServer/]: [@: Showing new actionbar title for ElPerejil24]
[11Mar2025 20:41:03.299] [Server thread/INFO] [net.minecraft.server.MinecraftServer/]: [@: Removed tag 'invasor' from ElPerejil24]
[11Mar2025 20:41:03.349] [Server thread/INFO] [net.minecraft.server.MinecraftServer/]: [@: Added tag 'invasor' to ElPerejil24]
[11Mar2025 20:41:03.349] [Server thread/INFO] [net.minecraft.server.MinecraftServer/]: [@: Showing new actionbar title for ElPerejil24]
[11Mar2025 20:41:03.349] [Server thread/INFO] [net.minecraft.server.MinecraftServer/]: [@: Removed tag 'invasor' from ElPerejil24]
[11Mar2025 20:41:03.399] [Server thread/INFO] [net.minecraft.server.MinecraftServer/]: [@: Added tag 'invasor' to ElPerejil24]
[11Mar2025 20:41:03.399] [Server thread/INFO] [net.minecraft.server.MinecraftServer/]: [@: Showing new actionbar title for ElPerejil24]
[11Mar2025 20:41:03.399] [Server thread/INFO] [net.minecraft.server.MinecraftServer/]: [@: Removed tag 'invasor' from ElPerejil24]
[11Mar2025 20:41:03.449] [Server thread/INFO] [net.minecraft.server.MinecraftServer/]: [@: Added tag 'invasor' to ElPerejil24]
[11Mar2025 20:41:03.449] [Server thread/INFO] [net.minecraft.server.MinecraftServer/]: [@: Showing new actionbar title for ElPerejil24]
[11Mar2025 20:41:03.449] [Server thread/INFO] [net.minecraft.server.MinecraftServer/]: [@: Removed tag 'invasor' from ElPerejil24]
[11Mar2025 20:41:03.499] [Server thread/INFO] [net.minecraft.server.MinecraftServer/]: [@: Added tag 'invasor' to ElPerejil24]
[11Mar2025 20:41:03.499] [Server thread/INFO] [net.minecraft.server.MinecraftServer/]: [@: Showing new actionbar title for ElPerejil24]
[11Mar2025 20:41:03.499] [Server thread/INFO] [net.minecraft.server.MinecraftServer/]: [@: Removed tag 'invasor' from ElPerejil24]
[11Mar2025 20:41:03.549] [Server thread/INFO] [net.minecraft.server.MinecraftServer/]: [@: Added tag 'invasor' to ElPerejil24]
[11Mar2025 20:41:03.549] [Server thread/INFO] [net.minecraft.server.MinecraftServer/]: [@: Showing new actionbar title for ElPerejil24]
[11Mar2025 20:41:03.549] [Server thread/INFO] [net.minecraft.server.MinecraftServer/]: [@: Removed tag 'invasor' from ElPerejil24]
[11Mar2025 20:41:03.599] [Server thread/INFO] [net.minecraft.server.MinecraftServer/]: [@: Added tag 'invasor' to ElPerejil24]
[11Mar2025 20:41:03.599] [Server thread/INFO] [net.minecraft.server.MinecraftServer/]: [@: Showing new actionbar title for ElPerejil24]
[11Mar2025 20:41:03.599] [Server thread/INFO] [net.minecraft.server.MinecraftServer/]: [@: Removed tag 'invasor' from ElPerejil24]
[11Mar2025 20:41:03.649] [Server thread/INFO] [net.minecraft.server.MinecraftServer/]: [@: Added tag 'invasor' to ElPerejil24]
[11Mar2025 20:41:03.649] [Server thread/INFO] [net.minecraft.server.MinecraftServer/]: [@: Showing new actionbar title for ElPerejil24]
[11Mar2025 20:41:03.650] [Server thread/INFO] [net.minecraft.server.MinecraftServer/]: [@: Removed tag 'invasor' from ElPerejil24]
[11Mar2025 20:41:03.699] [Server thread/INFO] [net.minecraft.server.MinecraftServer/]: [@: Added tag 'invasor' to ElPerejil24]
[11Mar2025 20:41:03.699] [Server thread/INFO] [net.minecraft.server.MinecraftServer/]: [@: Showing new actionbar title for ElPerejil24]
[11Mar2025 20:41:03.699] [Server thread/INFO] [net.minecraft.server.MinecraftServer/]: [@: Removed tag 'invasor' from ElPerejil24]
[11Mar2025 20:41:03.749] [Server thread/INFO] [net.minecraft.server.MinecraftServer/]: [@: Added tag 'invasor' to ElPerejil24]
[11Mar2025 20:41:03.749] [Server thread/INFO] [net.minecraft.server.MinecraftServer/]: [@: Showing new actionbar title for ElPerejil24]
[11Mar2025 20:41:03.749] [Server thread/INFO] [net.minecraft.server.MinecraftServer/]: [@: Removed tag 'invasor' from ElPerejil24]
[11Mar2025 20:41:03.799] [Server thread/INFO] [net.minecraft.server.MinecraftServer/]: [@: Added tag 'invasor' to ElPerejil24]
[11Mar2025 20:41:03.799] [Server thread/INFO] [net.minecraft.server.MinecraftServer/]: [@: Showing new actionbar title for ElPerejil24]
[11Mar2025 20:41:03.799] [Server thread/INFO] [net.minecraft.server.MinecraftServer/]: [@: Removed tag 'invasor' from ElPerejil24]
[11Mar2025 20:41:03.849] [Server thread/INFO] [net.minecraft.server.MinecraftServer/]: [@: Added tag 'invasor' to ElPerejil24]
[11Mar2025 20:41:03.849] [Server thread/INFO] [net.minecraft.server.MinecraftServer/]: [@: Showing new actionbar title for ElPerejil24]
[11Mar2025 20:41:03.849] [Server thread/INFO] [net.minecraft.server.MinecraftServer/]: [@: Removed tag 'invasor' from ElPerejil24]
[11Mar2025 20:41:03.899] [Server thread/INFO] [net.minecraft.server.MinecraftServer/]: [@: Added tag 'invasor' to ElPerejil24]
[11Mar2025 20:41:03.899] [Server thread/INFO] [net.minecraft.server.MinecraftServer/]: [@: Showing new actionbar title for ElPerejil24]
[11Mar2025 20:41:03.899] [Server thread/INFO] [net.minecraft.server.MinecraftServer/]: [@: Removed tag 'invasor' from ElPerejil24]
[11Mar2025 20:41:03.949] [Server thread/INFO] [net.minecraft.server.MinecraftServer/]: [@: Added tag 'invasor' to ElPerejil24]
[11Mar2025 20:41:03.949] [Server thread/INFO] [net.minecraft.server.MinecraftServer/]: [@: Showing new actionbar title for ElPerejil24]
[11Mar2025 20:41:03.949] [Server thread/INFO] [net.minecraft.server.MinecraftServer/]: [@: Removed tag 'invasor' from ElPerejil24]
[11Mar2025 20:41:03.999] [Server thread/INFO] [net.minecraft.server.MinecraftServer/]: [@: Added tag 'invasor' to ElPerejil24]
[11Mar2025 20:41:03.999] [Server thread/INFO] [net.minecraft.server.MinecraftServer/]: [@: Showing new actionbar title for ElPerejil24]
[11Mar2025 20:41:03.999] [Server thread/INFO] [net.minecraft.server.MinecraftServer/]: [@: Removed tag 'invasor' from ElPerejil24]
[11Mar2025 20:41:04.049] [Server thread/INFO] [net.minecraft.server.MinecraftServer/]: [@: Added tag 'invasor' to ElPerejil24]
[11Mar2025 20:41:04.049] [Server thread/INFO] [net.minecraft.server.MinecraftServer/]: [@: Showing new actionbar title for ElPerejil24]
[11Mar2025 20:41:04.049] [Server thread/INFO] [net.minecraft.server.MinecraftServer/]: [@: Removed tag 'invasor' from ElPerejil24]
[11Mar2025 20:41:04.099] [Server thread/INFO] [net.minecraft.server.MinecraftServer/]: [@: Added tag 'invasor' to ElPerejil24]
[11Mar2025 20:41:04.099] [Server thread/INFO] [net.minecraft.server.MinecraftServer/]: [@: Showing new actionbar title for ElPerejil24]
[11Mar2025 20:41:04.099] [Server thread/INFO] [net.minecraft.server.MinecraftServer/]: [@: Removed tag 'invasor' from ElPerejil24]
[11Mar2025 20:41:04.149] [Server thread/INFO] [net.minecraft.server.MinecraftServer/]: [@: Added tag 'invasor' to ElPerejil24]
[11Mar2025 20:41:04.149] [Server thread/INFO] [net.minecraft.server.MinecraftServer/]: [@: Showing new actionbar title for ElPerejil24]
[11Mar2025 20:41:04.149] [Server thread/INFO] [net.minecraft.server.MinecraftServer/]: [@: Removed tag 'invasor' from ElPerejil24]
[11Mar2025 20:41:04.199] [Server thread/INFO] [net.minecraft.server.MinecraftServer/]: [@: Added tag 'invasor' to ElPerejil24]
[11Mar2025 20:41:04.199] [Server thread/INFO] [net.minecraft.server.MinecraftServer/]: [@: Showing new actionbar title for ElPerejil24]
[11Mar2025 20:41:04.200] [Server thread/INFO] [net.minecraft.server.MinecraftServer/]: [@: Removed tag 'invasor' from ElPerejil24]
[11Mar2025 20:41:04.249] [Server thread/INFO] [net.minecraft.server.MinecraftServer/]: [@: Added tag 'invasor' to ElPerejil24]
[11Mar2025 20:41:04.249] [Server thread/INFO] [net.minecraft.server.MinecraftServer/]: [@: Showing new actionbar title for ElPerejil24]
[11Mar2025 20:41:04.249] [Server thread/INFO] [net.minecraft.server.MinecraftServer/]: [@: Removed tag 'invasor' from ElPerejil24]
[11Mar2025 20:41:04.299] [Server thread/INFO] [net.minecraft.server.MinecraftServer/]: [@: Added tag 'invasor' to ElPerejil24]
[11Mar2025 20:41:04.299] [Server thread/INFO] [net.minecraft.server.MinecraftServer/]: [@: Showing new actionbar title for ElPerejil24]
[11Mar2025 20:41:04.299] [Server thread/INFO] [net.minecraft.server.MinecraftServer/]: [@: Removed tag 'invasor' from ElPerejil24]
[11Mar2025 20:41:04.349] [Server thread/INFO] [net.minecraft.server.MinecraftServer/]: [@: Added tag 'invasor' to ElPerejil24]
[11Mar2025 20:41:04.349] [Server thread/INFO] [net.minecraft.server.MinecraftServer/]: [@: Showing new actionbar title for ElPerejil24]
[11Mar2025 20:41:04.349] [Server thread/INFO] [net.minecraft.server.MinecraftServer/]: [@: Removed tag 'invasor' from ElPerejil24]
[11Mar2025 20:41:04.399] [Server thread/INFO] [net.minecraft.server.MinecraftServer/]: [@: Added tag 'invasor' to ElPerejil24]
[11Mar2025 20:41:04.399] [Server thread/INFO] [net.minecraft.server.MinecraftServer/]: [@: Showing new actionbar title for ElPerejil24]
[11Mar2025 20:41:04.399] [Server thread/INFO] [net.minecraft.server.MinecraftServer/]: [@: Removed tag 'invasor' from ElPerejil24]
[11Mar2025 20:41:04.449] [Server thread/INFO] [net.minecraft.server.MinecraftServer/]: [@: Added tag 'invasor' to ElPerejil24]
[11Mar2025 20:41:04.449] [Server thread/INFO] [net.minecraft.server.MinecraftServer/]: [@: Showing new actionbar title for ElPerejil24]
[11Mar2025 20:41:04.449] [Server thread/INFO] [net.minecraft.server.MinecraftServer/]: [@: Removed tag 'invasor' from ElPerejil24]
[11Mar2025 20:41:04.499] [Server thread/INFO] [net.minecraft.server.MinecraftServer/]: [@: Added tag 'invasor' to ElPerejil24]
[11Mar2025 20:41:04.499] [Server thread/INFO] [net.minecraft.server.MinecraftServer/]: [@: Showing new actionbar title for ElPerejil24]
[11Mar2025 20:41:04.499] [Server thread/INFO] [net.minecraft.server.MinecraftServer/]: [@: Removed tag 'invasor' from ElPerejil24]
[11Mar2025 20:41:04.549] [Server thread/INFO] [net.minecraft.server.MinecraftServer/]: [@: Added tag 'invasor' to ElPerejil24]
[11Mar2025 20:41:04.549] [Server thread/INFO] [net.minecraft.server.MinecraftServer/]: [@: Showing new actionbar title for ElPerejil24]
[11Mar2025 20:41:04.549] [Server thread/INFO] [net.minecraft.server.MinecraftServer/]: [@: Removed tag 'invasor' from ElPerejil24]
[11Mar2025 20:41:04.599] [Server thread/INFO] [net.minecraft.server.MinecraftServer/]: [@: Added tag 'invasor' to ElPerejil24]
[11Mar2025 20:41:04.599] [Server thread/INFO] [net.minecraft.server.MinecraftServer/]: [@: Showing new actionbar title for ElPerejil24]
[11Mar2025 20:41:04.599] [Server thread/INFO] [net.minecraft.server.MinecraftServer/]: [@: Removed tag 'invasor' from ElPerejil24]
[11Mar2025 20:41:04.649] [Server thread/INFO] [net.minecraft.server.MinecraftServer/]: [@: Added tag 'invasor' to ElPerejil24]
[11Mar2025 20:41:04.649] [Server thread/INFO] [net.minecraft.server.MinecraftServer/]: [@: Showing new actionbar title for ElPerejil24]
[11Mar2025 20:41:04.649] [Server thread/INFO] [net.minecraft.server.MinecraftServer/]: [@: Removed tag 'invasor' from ElPerejil24]
[11Mar2025 20:41:04.699] [Server thread/INFO] [net.minecraft.server.MinecraftServer/]: [@: Added tag 'invasor' to ElPerejil24]
[11Mar2025 20:41:04.699] [Server thread/INFO] [net.minecraft.server.MinecraftServer/]: [@: Showing new actionbar title for ElPerejil24]
[11Mar2025 20:41:04.699] [Server thread/INFO] [net.minecraft.server.MinecraftServer/]: [@: Removed tag 'invasor' from ElPerejil24]
[11Mar2025 20:41:04.749] [Server thread/INFO] [net.minecraft.server.MinecraftServer/]: [@: Added tag 'invasor' to ElPerejil24]
[11Mar2025 20:41:04.749] [Server thread/INFO] [net.minecraft.server.MinecraftServer/]: [@: Showing new actionbar title for ElPerejil24]
[11Mar2025 20:41:04.749] [Server thread/INFO] [net.minecraft.server.MinecraftServer/]: [@: Removed tag 'invasor' from ElPerejil24]
[11Mar2025 20:41:04.799] [Server thread/INFO] [net.minecraft.server.MinecraftServer/]: [@: Added tag 'invasor' to ElPerejil24]
[11Mar2025 20:41:04.799] [Server thread/INFO] [net.minecraft.server.MinecraftServer/]: [@: Showing new actionbar title for ElPerejil24]
[11Mar2025 20:41:04.799] [Server thread/INFO] [net.minecraft.server.MinecraftServer/]: [@: Removed tag 'invasor' from ElPerejil24]
[11Mar2025 20:41:04.849] [Server thread/INFO] [net.minecraft.server.MinecraftServer/]: [@: Added tag 'invasor' to ElPerejil24]
[11Mar2025 20:41:04.849] [Server thread/INFO] [net.minecraft.server.MinecraftServer/]: [@: Showing new actionbar title for ElPerejil24]
[11Mar2025 20:41:04.849] [Server thread/INFO] [net.minecraft.server.MinecraftServer/]: [@: Removed tag 'invasor' from ElPerejil24]
[11Mar2025 20:41:04.899] [Server thread/INFO] [net.minecraft.server.MinecraftServer/]: [@: Added tag 'invasor' to ElPerejil24]
[11Mar2025 20:41:04.899] [Server thread/INFO] [net.minecraft.server.MinecraftServer/]: [@: Showing new actionbar title for ElPerejil24]
[11Mar2025 20:41:04.899] [Server thread/INFO] [net.minecraft.server.MinecraftServer/]: [@: Removed tag 'invasor' from ElPerejil24]
[11Mar2025 20:41:04.949] [Server thread/INFO] [net.minecraft.server.MinecraftServer/]: [@: Added tag 'invasor' to ElPerejil24]
[11Mar2025 20:41:04.949] [Server thread/INFO] [net.minecraft.server.MinecraftServer/]: [@: Showing new actionbar title for ElPerejil24]
[11Mar2025 20:41:04.949] [Server thread/INFO] [net.minecraft.server.MinecraftServer/]: [@: Removed tag 'invasor' from ElPerejil24]
[11Mar2025 20:41:04.999] [Server thread/INFO] [net.minecraft.server.MinecraftServer/]: [@: Added tag 'invasor' to ElPerejil24]
[11Mar2025 20:41:04.999] [Server thread/INFO] [net.minecraft.server.MinecraftServer/]: [@: Showing new actionbar title for ElPerejil24]
[11Mar2025 20:41:04.999] [Server thread/INFO] [net.minecraft.server.MinecraftServer/]: [@: Removed tag 'invasor' from ElPerejil24]
[11Mar2025 20:41:05.049] [Server thread/INFO] [net.minecraft.server.MinecraftServer/]: [@: Added tag 'invasor' to ElPerejil24]
[11Mar2025 20:41:05.049] [Server thread/INFO] [net.minecraft.server.MinecraftServer/]: [@: Showing new actionbar title for ElPerejil24]
[11Mar2025 20:41:05.049] [Server thread/INFO] [net.minecraft.server.MinecraftServer/]: [@: Removed tag 'invasor' from ElPerejil24]
[11Mar2025 20:41:05.099] [Server thread/INFO] [net.minecraft.server.MinecraftServer/]: [@: Added tag 'invasor' to ElPerejil24]
[11Mar2025 20:41:05.099] [Server thread/INFO] [net.minecraft.server.MinecraftServer/]: [@: Showing new actionbar title for ElPerejil24]
[11Mar2025 20:41:05.100] [Server thread/INFO] [net.minecraft.server.MinecraftServer/]: [@: Removed tag 'invasor' from ElPerejil24]
[11Mar2025 20:41:05.149] [Server thread/INFO] [net.minecraft.server.MinecraftServer/]: [@: Added tag 'invasor' to ElPerejil24]
[11Mar2025 20:41:05.149] [Server thread/INFO] [net.minecraft.server.MinecraftServer/]: [@: Showing new actionbar title for ElPerejil24]
[11Mar2025 20:41:05.149] [Server thread/INFO] [net.minecraft.server.MinecraftServer/]: [@: Removed tag 'invasor' from ElPerejil24]
[11Mar2025 20:41:05.199] [Server thread/INFO] [net.minecraft.server.MinecraftServer/]: [@: Added tag 'invasor' to ElPerejil24]
[11Mar2025 20:41:05.199] [Server thread/INFO] [net.minecraft.server.MinecraftServer/]: [@: Showing new actionbar title for ElPerejil24]
[11Mar2025 20:41:05.199] [Server thread/INFO] [net.minecraft.server.MinecraftServer/]: [@: Removed tag 'invasor' from ElPerejil24]
[11Mar2025 20:41:05.249] [Server thread/INFO] [net.minecraft.server.MinecraftServer/]: [@: Added tag 'invasor' to ElPerejil24]
[11Mar2025 20:41:05.249] [Server thread/INFO] [net.minecraft.server.MinecraftServer/]: [@: Showing new actionbar title for ElPerejil24]
[11Mar2025 20:41:05.249] [Server thread/INFO] [net.minecraft.server.MinecraftServer/]: [@: Removed tag 'invasor' from ElPerejil24]
[11Mar2025 20:41:05.299] [Server thread/INFO] [net.minecraft.server.MinecraftServer/]: [@: Added tag 'invasor' to ElPerejil24]
[11Mar2025 20:41:05.299] [Server thread/INFO] [net.minecraft.server.MinecraftServer/]: [@: Showing new actionbar title for ElPerejil24]
[11Mar2025 20:41:05.299] [Server thread/INFO] [net.minecraft.server.MinecraftServer/]: [@: Removed tag 'invasor' from ElPerejil24]
[11Mar2025 20:41:05.349] [Server thread/INFO] [net.minecraft.server.MinecraftServer/]: [@: Added tag 'invasor' to ElPerejil24]
[11Mar2025 20:41:05.349] [Server thread/INFO] [net.minecraft.server.MinecraftServer/]: [@: Showing new actionbar title for ElPerejil24]
[11Mar2025 20:41:05.349] [Server thread/INFO] [net.minecraft.server.MinecraftServer/]: [@: Removed tag 'invasor' from ElPerejil24]
[11Mar2025 20:41:05.399] [Server thread/INFO] [net.minecraft.server.MinecraftServer/]: [@: Added tag 'invasor' to ElPerejil24]
[11Mar2025 20:41:05.399] [Server thread/INFO] [net.minecraft.server.MinecraftServer/]: [@: Showing new actionbar title for ElPerejil24]
[11Mar2025 20:41:05.399] [Server thread/INFO] [net.minecraft.server.MinecraftServer/]: [@: Removed tag 'invasor' from ElPerejil24]
[11Mar2025 20:41:05.449] [Server thread/INFO] [net.minecraft.server.MinecraftServer/]: [@: Added tag 'invasor' to ElPerejil24]
[11Mar2025 20:41:05.449] [Server thread/INFO] [net.minecraft.server.MinecraftServer/]: [@: Showing new actionbar title for ElPerejil24]
[11Mar2025 20:41:05.450] [Server thread/INFO] [net.minecraft.server.MinecraftServer/]: [@: Removed tag 'invasor' from ElPerejil24]
[11Mar2025 20:41:05.499] [Server thread/INFO] [net.minecraft.server.MinecraftServer/]: [@: Added tag 'invasor' to ElPerejil24]
[11Mar2025 20:41:05.499] [Server thread/INFO] [net.minecraft.server.MinecraftServer/]: [@: Showing new actionbar title for ElPerejil24]
[11Mar2025 20:41:05.499] [Server thread/INFO] [net.minecraft.server.MinecraftServer/]: [@: Removed tag 'invasor' from ElPerejil24]
[11Mar2025 20:41:05.549] [Server thread/INFO] [net.minecraft.server.MinecraftServer/]: [@: Added tag 'invasor' to ElPerejil24]
[11Mar2025 20:41:05.549] [Server thread/INFO] [net.minecraft.server.MinecraftServer/]: [@: Showing new actionbar title for ElPerejil24]
[11Mar2025 20:41:05.549] [Server thread/INFO] [net.minecraft.server.MinecraftServer/]: [@: Removed tag 'invasor' from ElPerejil24]
[11Mar2025 20:41:05.599] [Server thread/INFO] [net.minecraft.server.MinecraftServer/]: [@: Added tag 'invasor' to ElPerejil24]
[11Mar2025 20:41:05.599] [Server thread/INFO] [net.minecraft.server.MinecraftServer/]: [@: Showing new actionbar title for ElPerejil24]
[11Mar2025 20:41:05.599] [Server thread/INFO] [net.minecraft.server.MinecraftServer/]: [@: Removed tag 'invasor' from ElPerejil24]
[11Mar2025 20:41:05.649] [Server thread/INFO] [net.minecraft.server.MinecraftServer/]: [@: Added tag 'invasor' to ElPerejil24]
[11Mar2025 20:41:05.649] [Server thread/INFO] [net.minecraft.server.MinecraftServer/]: [@: Showing new actionbar title for ElPerejil24]
[11Mar2025 20:41:05.649] [Server thread/INFO] [net.minecraft.server.MinecraftServer/]: [@: Removed tag 'invasor' from ElPerejil24]
[11Mar2025 20:41:05.699] [Server thread/INFO] [net.minecraft.server.MinecraftServer/]: [@: Added tag 'invasor' to ElPerejil24]
[11Mar2025 20:41:05.699] [Server thread/INFO] [net.minecraft.server.MinecraftServer/]: [@: Showing new actionbar title for ElPerejil24]
[11Mar2025 20:41:05.699] [Server thread/INFO] [net.minecraft.server.MinecraftServer/]: [@: Removed tag 'invasor' from ElPerejil24]
[11Mar2025 20:41:05.749] [Server thread/INFO] [net.minecraft.server.MinecraftServer/]: [@: Added tag 'invasor' to ElPerejil24]
[11Mar2025 20:41:05.749] [Server thread/INFO] [net.minecraft.server.MinecraftServer/]: [@: Showing new actionbar title for ElPerejil24]
[11Mar2025 20:41:05.749] [Server thread/INFO] [net.minecraft.server.MinecraftServer/]: [@: Removed tag 'invasor' from ElPerejil24]
[11Mar2025 20:41:05.799] [Server thread/INFO] [net.minecraft.server.MinecraftServer/]: [@: Added tag 'invasor' to ElPerejil24]
[11Mar2025 20:41:05.799] [Server thread/INFO] [net.minecraft.server.MinecraftServer/]: [@: Showing new actionbar title for ElPerejil24]
[11Mar2025 20:41:05.799] [Server thread/INFO] [net.minecraft.server.MinecraftServer/]: [@: Removed tag 'invasor' from ElPerejil24]
[11Mar2025 20:41:05.849] [Server thread/INFO] [net.minecraft.server.MinecraftServer/]: [@: Added tag 'invasor' to ElPerejil24]
[11Mar2025 20:41:05.849] [Server thread/INFO] [net.minecraft.server.MinecraftServer/]: [@: Showing new actionbar title for ElPerejil24]
[11Mar2025 20:41:05.849] [Server thread/INFO] [net.minecraft.server.MinecraftServer/]: [@: Removed tag 'invasor' from ElPerejil24]
[11Mar2025 20:41:05.899] [Server thread/INFO] [net.minecraft.server.MinecraftServer/]: [@: Added tag 'invasor' to ElPerejil24]
[11Mar2025 20:41:05.899] [Server thread/INFO] [net.minecraft.server.MinecraftServer/]: [@: Showing new actionbar title for ElPerejil24]
[11Mar2025 20:41:05.899] [Server thread/INFO] [net.minecraft.server.MinecraftServer/]: [@: Removed tag 'invasor' from ElPerejil24]
[11Mar2025 20:41:05.949] [Server thread/INFO] [net.minecraft.server.MinecraftServer/]: [@: Added tag 'invasor' to ElPerejil24]
[11Mar2025 20:41:05.949] [Server thread/INFO] [net.minecraft.server.MinecraftServer/]: [@: Showing new actionbar title for ElPerejil24]
[11Mar2025 20:41:05.949] [Server thread/INFO] [net.minecraft.server.MinecraftServer/]: [@: Removed tag 'invasor' from ElPerejil24]
[11Mar2025 20:41:05.999] [Server thread/INFO] [net.minecraft.server.MinecraftServer/]: [@: Added tag 'invasor' to ElPerejil24]
[11Mar2025 20:41:05.999] [Server thread/INFO] [net.minecraft.server.MinecraftServer/]: [@: Showing new actionbar title for ElPerejil24]
[11Mar2025 20:41:05.999] [Server thread/INFO] [net.minecraft.server.MinecraftServer/]: [@: Removed tag 'invasor' from ElPerejil24]
[11Mar2025 20:41:06.049] [Server thread/INFO] [net.minecraft.server.MinecraftServer/]: [@: Added tag 'invasor' to ElPerejil24]
[11Mar2025 20:41:06.049] [Server thread/INFO] [net.minecraft.server.MinecraftServer/]: [@: Showing new actionbar title for ElPerejil24]
[11Mar2025 20:41:06.049] [Server thread/INFO] [net.minecraft.server.MinecraftServer/]: [@: Removed tag 'invasor' from ElPerejil24]
[11Mar2025 20:41:06.098] [Server thread/INFO] [net.minecraft.server.MinecraftServer/]: [@: Added tag 'invasor' to ElPerejil24]
[11Mar2025 20:41:06.099] [Server thread/INFO] [net.minecraft.server.MinecraftServer/]: [@: Showing new actionbar title for ElPerejil24]
[11Mar2025 20:41:06.099] [Server thread/INFO] [net.minecraft.server.MinecraftServer/]: [@: Removed tag 'invasor' from ElPerejil24]
[11Mar2025 20:41:06.149] [Server thread/INFO] [net.minecraft.server.MinecraftServer/]: [@: Added tag 'invasor' to ElPerejil24]
[11Mar2025 20:41:06.149] [Server thread/INFO] [net.minecraft.server.MinecraftServer/]: [@: Showing new actionbar title for ElPerejil24]
[11Mar2025 20:41:06.149] [Server thread/INFO] [net.minecraft.server.MinecraftServer/]: [@: Removed tag 'invasor' from ElPerejil24]
[11Mar2025 20:41:06.199] [Server thread/INFO] [net.minecraft.server.MinecraftServer/]: [@: Added tag 'invasor' to ElPerejil24]
[11Mar2025 20:41:06.199] [Server thread/INFO] [net.minecraft.server.MinecraftServer/]: [@: Showing new actionbar title for ElPerejil24]
[11Mar2025 20:41:06.199] [Server thread/INFO] [net.minecraft.server.MinecraftServer/]: [@: Removed tag 'invasor' from ElPerejil24]
[11Mar2025 20:41:06.249] [Server thread/INFO] [net.minecraft.server.MinecraftServer/]: [@: Added tag 'invasor' to ElPerejil24]
[11Mar2025 20:41:06.249] [Server thread/INFO] [net.minecraft.server.MinecraftServer/]: [@: Showing new actionbar title for ElPerejil24]
[11Mar2025 20:41:06.249] [Server thread/INFO] [net.minecraft.server.MinecraftServer/]: [@: Removed tag 'invasor' from ElPerejil24]
[11Mar2025 20:41:06.299] [Server thread/INFO] [net.minecraft.server.MinecraftServer/]: [@: Added tag 'invasor' to ElPerejil24]
[11Mar2025 20:41:06.299] [Server thread/INFO] [net.minecraft.server.MinecraftServer/]: [@: Showing new actionbar title for ElPerejil24]
[11Mar2025 20:41:06.299] [Server thread/INFO] [net.minecraft.server.MinecraftServer/]: [@: Removed tag 'invasor' from ElPerejil24]
[11Mar2025 20:41:06.349] [Server thread/INFO] [net.minecraft.server.MinecraftServer/]: [@: Added tag 'invasor' to ElPerejil24]
[11Mar2025 20:41:06.349] [Server thread/INFO] [net.minecraft.server.MinecraftServer/]: [@: Showing new actionbar title for ElPerejil24]
[11Mar2025 20:41:06.349] [Server thread/INFO] [net.minecraft.server.MinecraftServer/]: [@: Removed tag 'invasor' from ElPerejil24]
[11Mar2025 20:41:06.399] [Server thread/INFO] [net.minecraft.server.MinecraftServer/]: [@: Added tag 'invasor' to ElPerejil24]
[11Mar2025 20:41:06.399] [Server thread/INFO] [net.minecraft.server.MinecraftServer/]: [@: Showing new actionbar title for ElPerejil24]
[11Mar2025 20:41:06.399] [Server thread/INFO] [net.minecraft.server.MinecraftServer/]: [@: Removed tag 'invasor' from ElPerejil24]
[11Mar2025 20:41:06.449] [Server thread/INFO] [net.minecraft.server.MinecraftServer/]: [@: Added tag 'invasor' to ElPerejil24]
[11Mar2025 20:41:06.449] [Server thread/INFO] [net.minecraft.server.MinecraftServer/]: [@: Showing new actionbar title for ElPerejil24]
[11Mar2025 20:41:06.449] [Server thread/INFO] [net.minecraft.server.MinecraftServer/]: [@: Removed tag 'invasor' from ElPerejil24]
[11Mar2025 20:41:06.499] [Server thread/INFO] [net.minecraft.server.MinecraftServer/]: [@: Added tag 'invasor' to ElPerejil24]
[11Mar2025 20:41:06.499] [Server thread/INFO] [net.minecraft.server.MinecraftServer/]: [@: Showing new actionbar title for ElPerejil24]
[11Mar2025 20:41:06.499] [Server thread/INFO] [net.minecraft.server.MinecraftServer/]: [@: Removed tag 'invasor' from ElPerejil24]
[11Mar2025 20:41:06.549] [Server thread/INFO] [net.minecraft.server.MinecraftServer/]: [@: Added tag 'invasor' to ElPerejil24]
[11Mar2025 20:41:06.549] [Server thread/INFO] [net.minecraft.server.MinecraftServer/]: [@: Showing new actionbar title for ElPerejil24]
[11Mar2025 20:41:06.549] [Server thread/INFO] [net.minecraft.server.MinecraftServer/]: [@: Removed tag 'invasor' from ElPerejil24]
[11Mar2025 20:41:06.599] [Server thread/INFO] [net.minecraft.server.MinecraftServer/]: [@: Added tag 'invasor' to ElPerejil24]
[11Mar2025 20:41:06.599] [Server thread/INFO] [net.minecraft.server.MinecraftServer/]: [@: Showing new actionbar title for ElPerejil24]
[11Mar2025 20:41:06.600] [Server thread/INFO] [net.minecraft.server.MinecraftServer/]: [@: Removed tag 'invasor' from ElPerejil24]
[11Mar2025 20:41:06.649] [Server thread/INFO] [net.minecraft.server.MinecraftServer/]: [@: Added tag 'invasor' to ElPerejil24]
[11Mar2025 20:41:06.649] [Server thread/INFO] [net.minecraft.server.MinecraftServer/]: [@: Showing new actionbar title for ElPerejil24]
[11Mar2025 20:41:06.650] [Server thread/INFO] [net.minecraft.server.MinecraftServer/]: [@: Removed tag 'invasor' from ElPerejil24]
[11Mar2025 20:41:06.699] [Server thread/INFO] [net.minecraft.server.MinecraftServer/]: [@: Added tag 'invasor' to ElPerejil24]
[11Mar2025 20:41:06.699] [Server thread/INFO] [net.minecraft.server.MinecraftServer/]: [@: Showing new actionbar title for ElPerejil24]
[11Mar2025 20:41:06.700] [Server thread/INFO] [net.minecraft.server.MinecraftServer/]: [@: Removed tag 'invasor' from ElPerejil24]
[11Mar2025 20:41:06.749] [Server thread/INFO] [net.minecraft.server.MinecraftServer/]: [@: Added tag 'invasor' to ElPerejil24]
[11Mar2025 20:41:06.749] [Server thread/INFO] [net.minecraft.server.MinecraftServer/]: [@: Showing new actionbar title for ElPerejil24]
[11Mar2025 20:41:06.749] [Server thread/INFO] [net.minecraft.server.MinecraftServer/]: [@: Removed tag 'invasor' from ElPerejil24]
[11Mar2025 20:41:06.799] [Server thread/INFO] [net.minecraft.server.MinecraftServer/]: [@: Added tag 'invasor' to ElPerejil24]
[11Mar2025 20:41:06.799] [Server thread/INFO] [net.minecraft.server.MinecraftServer/]: [@: Showing new actionbar title for ElPerejil24]
[11Mar2025 20:41:18.352] [Server thread/INFO] [net.minecraft.server.MinecraftServer/]: [@: Removed tag 'invasor' from ElPerejil24]
[11Mar2025 20:41:18.393] [Server thread/WARN] [net.minecraft.server.network.ServerGamePacketListenerImpl/]: ElPerejil24 moved too quickly! -1.2537705052980073,0.5,10.131756491014812
[11Mar2025 20:41:18.393] [Server thread/WARN] [net.minecraft.server.MinecraftServer/]: Can't keep up! Is the server overloaded? Running 11544ms or 230 ticks behind
[11Mar2025 20:41:18.394] [Server thread/INFO] [net.minecraft.server.MinecraftServer/]: [@: Set ElPerejil24's game mode to Survival Mode]
[11Mar2025 20:41:34.411] [Server thread/INFO] [net.minecraft.server.MinecraftServer/]: [ElPerejil24: Added tag 'op' to ElPerejil24]
[11Mar2025 20:41:42.722] [Server thread/INFO] [net.minecraft.server.MinecraftServer/]: [ElPerejil24: Set own game mode to Adventure Mode]
[11Mar2025 20:41:42.749] [Server thread/INFO] [net.minecraft.server.MinecraftServer/]: [@: Set ElPerejil24's game mode to Survival Mode]
[11Mar2025 20:41:47.526] [Server thread/INFO] [net.minecraft.server.MinecraftServer/]: [ElPerejil24: Set own game mode to Creative Mode]
[11Mar2025 20:42:53.359] [Server thread/INFO] [net.minecraft.server.MinecraftServer/]: [ElPerejil24: Gamerule commandBlockOutput is now set to: false]
[11Mar2025 20:43:06.460] [Server thread/INFO] [net.minecraft.server.MinecraftServer/]: [ElPerejil24: Removed tag 'op' from ElPerejil24]
[11Mar2025 20:46:46.426] [Server thread/INFO] [net.minecraft.server.MinecraftServer/]: [ElPerejil24: Added tag 'op' to ElPerejil24]
[11Mar2025 20:46:49.534] [Server thread/INFO] [net.minecraft.server.MinecraftServer/]: [ElPerejil24: Set own game mode to Creative Mode]
[11Mar2025 20:47:07.563] [Server thread/INFO] [net.minecraft.server.MinecraftServer/]: [ElPerejil24: Removed tag 'op' from ElPerejil24]
[11Mar2025 20:47:55.759] [Server thread/INFO] [net.minecraft.server.MinecraftServer/]: [ElPerejil24: Set own game mode to Creative Mode]
[11Mar2025 20:47:58.830] [Server thread/INFO] [net.minecraft.server.MinecraftServer/]: [ElPerejil24: Added tag 'op' to ElPerejil24]
[11Mar2025 20:48:13.680] [Server thread/INFO] [net.minecraft.server.MinecraftServer/]: [ElPerejil24: Set own game mode to Creative Mode]
[11Mar2025 20:49:09.942] [Server thread/INFO] [net.minecraft.server.MinecraftServer/]: [ElPerejil24: Set own game mode to Spectator Mode]
[11Mar2025 20:49:16.261] [Server thread/INFO] [net.minecraft.server.MinecraftServer/]: [ElPerejil24: Set own game mode to Creative Mode]
[11Mar2025 20:49:18.062] [Server thread/INFO] [net.minecraft.server.MinecraftServer/]: [ElPerejil24: Set own game mode to Spectator Mode]
[11Mar2025 20:49:25.098] [Server thread/WARN] [net.minecraft.server.network.ServerGamePacketListenerImpl/]: ElPerejil24 moved too quickly! -8.286387688315472,-5.662595437470699,2.29376922777044
[11Mar2025 20:49:29.760] [Server thread/INFO] [net.minecraft.server.MinecraftServer/]: [ElPerejil24: Set own game mode to Creative Mode]
[11Mar2025 20:49:33.564] [Server thread/INFO] [net.minecraft.server.MinecraftServer/]: [ElPerejil24: Removed tag 'op' from ElPerejil24]
[11Mar2025 20:50:31.178] [Server thread/INFO] [net.minecraft.server.MinecraftServer/]: [ElPerejil24: Added tag 'op' to ElPerejil24]
[11Mar2025 20:50:33.464] [Server thread/INFO] [net.minecraft.server.MinecraftServer/]: [ElPerejil24: Set own game mode to Creative Mode]
[11Mar2025 20:50:55.965] [Server thread/INFO] [net.minecraft.server.MinecraftServer/]: [ElPerejil24: Gave 1 [Command Block] to ElPerejil24]
[11Mar2025 20:51:05.915] [Server thread/INFO] [net.minecraft.server.MinecraftServer/]: [ElPerejil24: Set own game mode to Survival Mode]
[11Mar2025 20:51:38.170] [Server thread/INFO] [net.minecraft.server.MinecraftServer/]: [ElPerejil24: Removed tag 'op' from ElPerejil24]
[11Mar2025 20:51:47.593] [Server thread/INFO] [net.minecraft.server.MinecraftServer/]: [ElPerejil24: Added tag 'op' to ElPerejil24]
[11Mar2025 20:52:13.110] [Server thread/INFO] [net.minecraft.server.MinecraftServer/]: [ElPerejil24: Set own game mode to Creative Mode]
[11Mar2025 20:52:30.018] [Server thread/INFO] [net.minecraft.server.MinecraftServer/]: [ElPerejil24: Set own game mode to Survival Mode]
[11Mar2025 20:52:40.363] [Server thread/INFO] [net.minecraft.server.network.ServerGamePacketListenerImpl/]: ElPerejil24 lost connection: Disconnected
[11Mar2025 20:52:40.363] [Server thread/INFO] [net.minecraft.server.MinecraftServer/]: ElPerejil24 left the game
[11Mar2025 20:52:40.366] [Server thread/INFO] [com.alrex.parcool.ParCool/]: Limitation of 9b62ed79-c86d-3066-8f98-8bbb6e55216d was unloaded
[11Mar2025 20:52:40.368] [Server thread/INFO] [voicechat/]: [voicechat] Disconnecting client ElPerejil24
[11Mar2025 20:53:31.798] [Server thread/INFO] [de.mrjulsen.crn.CreateRailwaysNavigator/]: Stopping train listener...
[11Mar2025 20:53:31.799] [Server thread/INFO] [de.mrjulsen.crn.CreateRailwaysNavigator/]: Stopping Advanced Display Data Manager...
[11Mar2025 20:53:31.799] [Server thread/INFO] [de.mrjulsen.crn.CreateRailwaysNavigator/]: All events have been closed.
[11Mar2025 20:53:31.802] [Server thread/INFO] [com.yellowbrossproductions.illageandspillage.IllageAndSpillage/]: Removed entity.illageandspillage.boss_randomizer from Raids to prevent a post-mod-removal crash
[11Mar2025 20:53:31.802] [Server thread/INFO] [com.yellowbrossproductions.illageandspillage.IllageAndSpillage/]: Removed entity.illageandspillage.igniter from Raids to prevent a post-mod-removal crash
[11Mar2025 20:53:31.802] [Server thread/INFO] [com.yellowbrossproductions.illageandspillage.IllageAndSpillage/]: Removed entity.illageandspillage.engineer from Raids to prevent a post-mod-removal crash
[11Mar2025 20:53:31.802] [Server thread/INFO] [com.yellowbrossproductions.illageandspillage.IllageAndSpillage/]: Removed entity.illageandspillage.twittollager from Raids to prevent a post-mod-removal crash
[11Mar2025 20:53:31.802] [Server thread/INFO] [com.yellowbrossproductions.illageandspillage.IllageAndSpillage/]: Removed entity.illageandspillage.magispeller from Raids to prevent a post-mod-removal crash
[11Mar2025 20:53:31.802] [Server thread/INFO] [com.yellowbrossproductions.illageandspillage.IllageAndSpillage/]: Removed entity.illageandspillage.spiritcaller from Raids to prevent a post-mod-removal crash
[11Mar2025 20:53:31.802] [Server thread/INFO] [com.yellowbrossproductions.illageandspillage.IllageAndSpillage/]: Removed entity.illageandspillage.crocofang from Raids to prevent a post-mod-removal crash
[11Mar2025 20:53:31.802] [Server thread/INFO] [com.yellowbrossproductions.illageandspillage.IllageAndSpillage/]: Removed entity.illageandspillage.absorber from Raids to prevent a post-mod-removal crash
[11Mar2025 20:53:31.802] [Server thread/INFO] [com.yellowbrossproductions.illageandspillage.IllageAndSpillage/]: Removed entity.illageandspillage.preserver from Raids to prevent a post-mod-removal crash
[11Mar2025 20:53:31.802] [Server thread/INFO] [com.yellowbrossproductions.illageandspillage.IllageAndSpillage/]: Removed entity.illageandspillage.freakager from Raids to prevent a post-mod-removal crash
[11Mar2025 20:53:31.803] [Server thread/INFO] [com.yellowbrossproductions.illageandspillage.IllageAndSpillage/]: Removed entity.illageandspillage.old_freakager from Raids to prevent a post-mod-removal crash
[11Mar2025 20:53:31.803] [Server thread/INFO] [com.yellowbrossproductions.illageandspillage.IllageAndSpillage/]: Removed entity.illageandspillage.old_magispeller from Raids to prevent a post-mod-removal crash
[11Mar2025 20:53:31.805] [Server thread/INFO] [net.minecraft.server.MinecraftServer/]: Stopping server
[11Mar2025 20:53:31.806] [Server thread/INFO] [net.minecraft.server.MinecraftServer/]: Saving players
[11Mar2025 20:53:31.806] [Server thread/INFO] [net.minecraft.server.MinecraftServer/]: Saving worlds
[11Mar2025 20:53:31.933] [Server thread/INFO] [net.minecraft.server.MinecraftServer/]: Saving chunks for level 'ServerLevel[world]'/minecraft:overworld
[11Mar2025 20:53:32.097] [Server thread/INFO] [net.minecraft.server.MinecraftServer/]: Saving chunks for level 'ServerLevel[world]'/the_bumblezone:the_bumblezone
[11Mar2025 20:53:32.098] [Server thread/INFO] [net.minecraft.server.MinecraftServer/]: Saving chunks for level 'ServerLevel[world]'/minecraft:the_nether
[11Mar2025 20:53:32.099] [Server thread/INFO] [net.minecraft.server.MinecraftServer/]: Saving chunks for level 'ServerLevel[world]'/minecraft:the_end
[11Mar2025 20:53:32.182] [Server thread/INFO] [net.minecraft.server.MinecraftServer/]: ThreadedAnvilChunkStorage (world): All chunks are saved
[11Mar2025 20:53:32.182] [Server thread/INFO] [net.minecraft.server.MinecraftServer/]: ThreadedAnvilChunkStorage (the_bumblezone): All chunks are saved
[11Mar2025 20:53:32.182] [Server thread/INFO] [net.minecraft.server.MinecraftServer/]: ThreadedAnvilChunkStorage (DIM-1): All chunks are saved
[11Mar2025 20:53:32.182] [Server thread/INFO] [net.minecraft.server.MinecraftServer/]: ThreadedAnvilChunkStorage (DIM1): All chunks are saved
[11Mar2025 20:53:32.182] [Server thread/INFO] [net.minecraft.server.MinecraftServer/]: ThreadedAnvilChunkStorage: All dimensions are saved
[11Mar2025 20:53:32.220] [Advanced Display Data Manager/INFO] [de.mrjulsen.crn.CreateRailwaysNavigator/]: Advanced Display Data Manager has been stopped.
[11Mar2025 20:53:32.229] [Server thread/INFO] [com.yellowbrossproductions.illageandspillage.IllageAndSpillage/]: Removed entity.illageandspillage.boss_randomizer from Raids to prevent a post-mod-removal crash
[11Mar2025 20:53:32.229] [Server thread/INFO] [com.yellowbrossproductions.illageandspillage.IllageAndSpillage/]: Removed entity.illageandspillage.igniter from Raids to prevent a post-mod-removal crash
[11Mar2025 20:53:32.229] [Server thread/INFO] [com.yellowbrossproductions.illageandspillage.IllageAndSpillage/]: Removed entity.illageandspillage.engineer from Raids to prevent a post-mod-removal crash
[11Mar2025 20:53:32.230] [Server thread/INFO] [com.yellowbrossproductions.illageandspillage.IllageAndSpillage/]: Removed entity.illageandspillage.twittollager from Raids to prevent a post-mod-removal crash
[11Mar2025 20:53:32.230] [Server thread/INFO] [com.yellowbrossproductions.illageandspillage.IllageAndSpillage/]: Removed entity.illageandspillage.magispeller from Raids to prevent a post-mod-removal crash
[11Mar2025 20:53:32.230] [Server thread/INFO] [com.yellowbrossproductions.illageandspillage.IllageAndSpillage/]: Removed entity.illageandspillage.spiritcaller from Raids to prevent a post-mod-removal crash
[11Mar2025 20:53:32.230] [Server thread/INFO] [com.yellowbrossproductions.illageandspillage.IllageAndSpillage/]: Removed entity.illageandspillage.crocofang from Raids to prevent a post-mod-removal crash
[11Mar2025 20:53:32.230] [Server thread/INFO] [com.yellowbrossproductions.illageandspillage.IllageAndSpillage/]: Removed entity.illageandspillage.absorber from Raids to prevent a post-mod-removal crash
[11Mar2025 20:53:32.231] [Server thread/INFO] [com.yellowbrossproductions.illageandspillage.IllageAndSpillage/]: Removed entity.illageandspillage.preserver from Raids to prevent a post-mod-removal crash
[11Mar2025 20:53:32.231] [Server thread/INFO] [com.yellowbrossproductions.illageandspillage.IllageAndSpillage/]: Removed entity.illageandspillage.freakager from Raids to prevent a post-mod-removal crash
[11Mar2025 20:53:32.231] [Server thread/INFO] [com.yellowbrossproductions.illageandspillage.IllageAndSpillage/]: Removed entity.illageandspillage.old_freakager from Raids to prevent a post-mod-removal crash
[11Mar2025 20:53:32.231] [Server thread/INFO] [com.yellowbrossproductions.illageandspillage.IllageAndSpillage/]: Removed entity.illageandspillage.old_magispeller from Raids to prevent a post-mod-removal crash
[11Mar2025 20:53:32.238] [Server thread/INFO] [com.yellowbrossproductions.illageandspillage.IllageAndSpillage/]: Removed entity.illageandspillage.boss_randomizer from Raids to prevent a post-mod-removal crash
[11Mar2025 20:53:32.238] [Server thread/INFO] [com.yellowbrossproductions.illageandspillage.IllageAndSpillage/]: Removed entity.illageandspillage.igniter from Raids to prevent a post-mod-removal crash
[11Mar2025 20:53:32.239] [Server thread/INFO] [com.yellowbrossproductions.illageandspillage.IllageAndSpillage/]: Removed entity.illageandspillage.engineer from Raids to prevent a post-mod-removal crash
[11Mar2025 20:53:32.239] [Server thread/INFO] [com.yellowbrossproductions.illageandspillage.IllageAndSpillage/]: Removed entity.illageandspillage.twittollager from Raids to prevent a post-mod-removal crash
[11Mar2025 20:53:32.240] [Server thread/INFO] [com.yellowbrossproductions.illageandspillage.IllageAndSpillage/]: Removed entity.illageandspillage.magispeller from Raids to prevent a post-mod-removal crash
[11Mar2025 20:53:32.240] [Server thread/INFO] [com.yellowbrossproductions.illageandspillage.IllageAndSpillage/]: Removed entity.illageandspillage.spiritcaller from Raids to prevent a post-mod-removal crash
[11Mar2025 20:53:32.241] [Server thread/INFO] [com.yellowbrossproductions.illageandspillage.IllageAndSpillage/]: Removed entity.illageandspillage.crocofang from Raids to prevent a post-mod-removal crash
[11Mar2025 20:53:32.242] [Server thread/INFO] [com.yellowbrossproductions.illageandspillage.IllageAndSpillage/]: Removed entity.illageandspillage.absorber from Raids to prevent a post-mod-removal crash
[11Mar2025 20:53:32.242] [Server thread/INFO] [com.yellowbrossproductions.illageandspillage.IllageAndSpillage/]: Removed entity.illageandspillage.preserver from Raids to prevent a post-mod-removal crash
[11Mar2025 20:53:32.243] [Server thread/INFO] [com.yellowbrossproductions.illageandspillage.IllageAndSpillage/]: Removed entity.illageandspillage.freakager from Raids to prevent a post-mod-removal crash
[11Mar2025 20:53:32.243] [Server thread/INFO] [com.yellowbrossproductions.illageandspillage.IllageAndSpillage/]: Removed entity.illageandspillage.old_freakager from Raids to prevent a post-mod-removal crash
[11Mar2025 20:53:32.244] [Server thread/INFO] [com.yellowbrossproductions.illageandspillage.IllageAndSpillage/]: Removed entity.illageandspillage.old_magispeller from Raids to prevent a post-mod-removal crash
[11Mar2025 20:53:32.245] [Server thread/INFO] [com.yellowbrossproductions.illageandspillage.IllageAndSpillage/]: Removed entity.illageandspillage.boss_randomizer from Raids to prevent a post-mod-removal crash
[11Mar2025 20:53:32.245] [Server thread/INFO] [com.yellowbrossproductions.illageandspillage.IllageAndSpillage/]: Removed entity.illageandspillage.igniter from Raids to prevent a post-mod-removal crash
[11Mar2025 20:53:32.246] [Server thread/INFO] [com.yellowbrossproductions.illageandspillage.IllageAndSpillage/]: Removed entity.illageandspillage.engineer from Raids to prevent a post-mod-removal crash
[11Mar2025 20:53:32.246] [Server thread/INFO] [com.yellowbrossproductions.illageandspillage.IllageAndSpillage/]: Removed entity.illageandspillage.twittollager from Raids to prevent a post-mod-removal crash
[11Mar2025 20:53:32.247] [Server thread/INFO] [com.yellowbrossproductions.illageandspillage.IllageAndSpillage/]: Removed entity.illageandspillage.magispeller from Raids to prevent a post-mod-removal crash
[11Mar2025 20:53:32.247] [Server thread/INFO] [com.yellowbrossproductions.illageandspillage.IllageAndSpillage/]: Removed entity.illageandspillage.spiritcaller from Raids to prevent a post-mod-removal crash
[11Mar2025 20:53:32.248] [Server thread/INFO] [com.yellowbrossproductions.illageandspillage.IllageAndSpillage/]: Removed entity.illageandspillage.crocofang from Raids to prevent a post-mod-removal crash
[11Mar2025 20:53:32.249] [Server thread/INFO] [com.yellowbrossproductions.illageandspillage.IllageAndSpillage/]: Removed entity.illageandspillage.absorber from Raids to prevent a post-mod-removal crash
[11Mar2025 20:53:32.249] [Server thread/INFO] [com.yellowbrossproductions.illageandspillage.IllageAndSpillage/]: Removed entity.illageandspillage.preserver from Raids to prevent a post-mod-removal crash
[11Mar2025 20:53:32.250] [Server thread/INFO] [com.yellowbrossproductions.illageandspillage.IllageAndSpillage/]: Removed entity.illageandspillage.freakager from Raids to prevent a post-mod-removal crash
[11Mar2025 20:53:32.251] [Server thread/INFO] [com.yellowbrossproductions.illageandspillage.IllageAndSpillage/]: Removed entity.illageandspillage.old_freakager from Raids to prevent a post-mod-removal crash
[11Mar2025 20:53:32.252] [Server thread/INFO] [com.yellowbrossproductions.illageandspillage.IllageAndSpillage/]: Removed entity.illageandspillage.old_magispeller from Raids to prevent a post-mod-removal crash
[11Mar2025 20:53:32.254] [Server thread/INFO] [com.yellowbrossproductions.illageandspillage.IllageAndSpillage/]: Removed entity.illageandspillage.boss_randomizer from Raids to prevent a post-mod-removal crash
[11Mar2025 20:53:32.254] [Server thread/INFO] [com.yellowbrossproductions.illageandspillage.IllageAndSpillage/]: Removed entity.illageandspillage.igniter from Raids to prevent a post-mod-removal crash
[11Mar2025 20:53:32.255] [Server thread/INFO] [com.yellowbrossproductions.illageandspillage.IllageAndSpillage/]: Removed entity.illageandspillage.engineer from Raids to prevent a post-mod-removal crash
[11Mar2025 20:53:32.256] [Server thread/INFO] [com.yellowbrossproductions.illageandspillage.IllageAndSpillage/]: Removed entity.illageandspillage.twittollager from Raids to prevent a post-mod-removal crash
[11Mar2025 20:53:32.256] [Server thread/INFO] [com.yellowbrossproductions.illageandspillage.IllageAndSpillage/]: Removed entity.illageandspillage.magispeller from Raids to prevent a post-mod-removal crash
[11Mar2025 20:53:32.257] [Server thread/INFO] [com.yellowbrossproductions.illageandspillage.IllageAndSpillage/]: Removed entity.illageandspillage.spiritcaller from Raids to prevent a post-mod-removal crash
[11Mar2025 20:53:32.258] [Server thread/INFO] [com.yellowbrossproductions.illageandspillage.IllageAndSpillage/]: Removed entity.illageandspillage.crocofang from Raids to prevent a post-mod-removal crash
[11Mar2025 20:53:32.258] [Server thread/INFO] [com.yellowbrossproductions.illageandspillage.IllageAndSpillage/]: Removed entity.illageandspillage.absorber from Raids to prevent a post-mod-removal crash
[11Mar2025 20:53:32.259] [Server thread/INFO] [com.yellowbrossproductions.illageandspillage.IllageAndSpillage/]: Removed entity.illageandspillage.preserver from Raids to prevent a post-mod-removal crash
[11Mar2025 20:53:32.259] [Server thread/INFO] [com.yellowbrossproductions.illageandspillage.IllageAndSpillage/]: Removed entity.illageandspillage.freakager from Raids to prevent a post-mod-removal crash
[11Mar2025 20:53:32.259] [Server thread/INFO] [com.yellowbrossproductions.illageandspillage.IllageAndSpillage/]: Removed entity.illageandspillage.old_freakager from Raids to prevent a post-mod-removal crash
[11Mar2025 20:53:32.260] [Server thread/INFO] [com.yellowbrossproductions.illageandspillage.IllageAndSpillage/]: Removed entity.illageandspillage.old_magispeller from Raids to prevent a post-mod-removal crash
[11Mar2025 20:53:32.263] [Server thread/INFO] [DragonLib/]: Stopping DragonLib Network Manager (Server) worker thread...
[11Mar2025 20:53:32.264] [DragonLib Network Manager (Server)/INFO] [DragonLib/]: DragonLib Network Manager (Server) worker thread has been stopped!
[11Mar2025 20:53:32.265] [Server thread/INFO] [Framework/]: Unloading server configs...
[11Mar2025 20:53:32.267] [Server thread/INFO] [Framework/]: Sending config unload event for refurbished_furniture.server.toml
[11Mar2025 20:53:32.272] [Server thread/INFO] [Framework/]: Sending config unload event for goblintraders-entities.toml
[11Mar2025 20:53:32.273] [Server thread/INFO] [Framework/]: Finished unloading server configs
[11Mar2025 20:53:32.279] [Server thread/INFO] [journeymap/]: Loading JourneyMap Forge Configs
[11Mar2025 20:53:32.290] [CRN Train Listener/INFO] [de.mrjulsen.crn.CreateRailwaysNavigator/]: Train listener has been stopped.
